rank	mutation	mean/stddev	log10(P(ΔR > 1))	Δ log R	Δ log R 95% ci lower	Δ log R 95% ci upper	R / R_A	R / R_A 95% ci lower	R / R_A 95% ci upper
1	ORF1a:T3255I	4300.92	4.01678e+06	11.4689	11.4637	11.4741	95692	95193.2	96193.4
2	S:H655Y	3108.52	2.09828e+06	6.71162	6.70739	6.71585	821.902	818.431	825.388
3	S:T376A	2863.75	1.78084e+06	8.44226	8.43648	8.44804	4639.04	4612.31	4665.92
4	N:S413R	2717.84	1.60399e+06	7.84341	7.83775	7.84906	2548.87	2534.49	2563.33
5	S:R408S	2626.36	1.49783e+06	8.579	8.5726	8.58541	5318.81	5284.86	5352.97
6	S:T19I	2596.81	1.46432e+06	7.66469	7.65891	7.67048	2131.74	2119.45	2144.11
7	S:D796Y	2594.92	1.46219e+06	5.78181	5.77744	5.78617	324.344	322.931	325.764
8	S:S371F	2497.67	1.35464e+06	8.42357	8.41696	8.43018	4553.11	4523.12	4583.31
9	S:N969K	2471.2	1.32609e+06	5.7575	5.75293	5.76206	316.555	315.113	318.004
10	ORF1a:T842I	2469.79	1.32457e+06	6.6661	6.66081	6.67139	785.325	781.182	789.491
11	S:S375F	2453.66	1.30733e+06	5.76299	5.75838	5.76759	318.298	316.836	319.766
12	S:S373P	2452.02	1.30558e+06	5.65545	5.65093	5.65997	285.845	284.555	287.14
13	S:N440K	2419.16	1.27083e+06	5.71508	5.71045	5.71971	303.409	302.007	304.817
14	S:N679K	2392.16	1.24261e+06	5.36016	5.35577	5.36455	212.759	211.827	213.696
15	S:Y505H	2377.78	1.22772e+06	5.72347	5.71875	5.72819	305.965	304.525	307.412
16	ORF1b:R1315C	2359.43	1.20885e+06	6.82199	6.81633	6.82766	917.814	912.627	923.03
17	ORF1b:T2163I	2347.84	1.197e+06	7.10935	7.10341	7.11528	1223.35	1216.11	1230.63
18	M:A63T	2347.62	1.19678e+06	5.8134	5.80855	5.81825	334.756	333.135	336.384
19	S:D405N	2328.17	1.17702e+06	8.57478	8.56757	8.582	5296.41	5258.31	5334.78
20	S:Q498R	2312.39	1.16113e+06	5.75817	5.75329	5.76305	316.768	315.225	318.317
21	S:S477N	2295.05	1.14378e+06	5.45321	5.44855	5.45786	233.505	232.421	234.595
22	ORF1a:P3395H	2209.51	1.0601e+06	5.54598	5.54106	5.5509	256.206	254.949	257.47
23	S:Q954H	2185.16	1.03687e+06	5.76132	5.75615	5.76648	317.766	316.129	319.413
24	N:P13L	2172.66	1.02504e+06	5.43212	5.42722	5.43702	228.634	227.516	229.757
25	ORF1a:S135R	2142.98	997227	5.98057	5.9751	5.98604	395.666	393.508	397.836
26	ORF1b:I1566V	2141.07	995444	5.44679	5.44181	5.45178	232.013	230.859	233.172
27	M:Q19E	2117.12	973305	5.30956	5.30465	5.31448	202.261	201.27	203.258
28	ORF1a:T3090I	2094.39	952510	5.75287	5.74748	5.75825	315.093	313.401	316.794
29	ORF9b:P10S	2076.23	936069	5.54467	5.53944	5.54991	255.87	254.535	257.213
30	ORF1a:L3027F	2057.07	918874	5.99213	5.98642	5.99784	400.266	397.988	402.558
31	E:T9I	2024.15	889692	5.30597	5.30083	5.31111	201.536	200.504	202.575
32	S:N764K	2003.18	871359	5.67919	5.67364	5.68475	292.714	291.092	294.345
33	S:L452R	1875.91	764154	4.34993	4.34539	4.35448	77.4734	77.1221	77.8263
34	ORF1a:G1307S	1837.04	732812	6.34096	6.3342	6.34773	567.343	563.517	571.194
35	S:R346K	1711.13	635806	4.44135	4.43626	4.44644	84.8895	84.4587	85.3225
36	ORF3a:T223I	1696.4	624907	5.54829	5.54188	5.5547	256.799	255.158	258.45
37	S:K417N	1687.02	618014	4.07124	4.06651	4.07597	58.6297	58.353	58.9076
38	S:E484A	1539.45	514623	3.75428	3.7495	3.75906	42.7034	42.4997	42.908
39	S:T478K	1477.13	473801	10.6392	10.625	10.6533	41737.6	41152.5	42331
40	S:N501Y	1249.22	338873	2.56249	2.55847	2.56651	12.9681	12.9161	13.0204
41	S:G339D	1093.29	259554	3.16549	3.15981	3.17116	23.7003	23.5661	23.8351
42	ORF1a:A2710T	1065.2	246390	3.33236	3.32622	3.33849	28.0042	27.8331	28.1765
43	S:P681H	981.406	209150	1.5603	1.55719	1.56342	4.76027	4.74546	4.77512
44	S:T478R	844.914	155020	12.542	12.5129	12.5711	279858	271834	288120
45	S:P681R	842.068	153978	2.84635	2.83972	2.85297	17.2248	17.111	17.3393
46	ORF1a:A3209V	740.88	119196	1.88031	1.87534	1.88529	6.55556	6.52303	6.58825
47	S:T95I	729.194	115465	2.22841	2.22242	2.2344	9.28513	9.22968	9.34091
48	S:G446S	716.273	111410	3.41569	3.40634	3.42504	30.438	30.1548	30.7238
49	S:R346T	713.145	110439	6.90841	6.88942	6.9274	1000.66	981.836	1019.84
50	S:E484K	707.183	108600	4.61349	4.6007	4.62627	100.835	99.5539	102.133
51	S:F486V	699.423	106230	36.819	36.7158	36.9222	9.77876e+15	8.82013e+15	1.08416e+16
52	M:D3N	659.767	94525.6	23.4305	23.3609	23.5001	1.49877e+10	1.39799e+10	1.60681e+10
53	S:V213G	644.891	90311.2	2.28391	2.27697	2.29085	9.81501	9.74712	9.88337
54	M:I82T	586.477	74692.1	1.43642	1.43162	1.44122	4.20561	4.18547	4.22585
55	S:V445H	585	74316.3	3.53336	3.52152	3.5452	34.2388	33.8359	34.6465
56	S:F490S	583.189	73857	2.80659	2.79716	2.81603	16.5535	16.398	16.7103
57	N:D63G	578.706	72725.8	1.5107	1.50558	1.51582	4.5299	4.50678	4.55313
58	S:T19R	554.318	66725.6	1.56486	1.55932	1.57039	4.78199	4.7556	4.80852
59	ORF7a:T120I	550.726	65863.8	1.41784	1.4128	1.42289	4.1282	4.10742	4.14909
60	ORF1a:S4286C	541.835	63754.3	6.8421	6.81735	6.86685	936.457	913.565	959.924
61	N:R203M	524.248	59682.9	1.33644	1.33144	1.34143	3.80545	3.78649	3.82452
62	ORF14:G50W	513.002	57150	1.34079	1.33567	1.34591	3.82207	3.80254	3.8417
63	N:D377Y	496.692	53573.9	1.05761	1.05343	1.06178	2.87947	2.86748	2.89151
64	S:V213E	492.117	52591.7	2.29741	2.28826	2.30656	9.94835	9.85773	10.0398
65	S:H146Q	482.052	50462.6	2.44896	2.43901	2.45892	11.5764	11.4617	11.6922
66	ORF9b:T60A	466.8	47319.9	1.54207	1.53559	1.54854	4.67425	4.64408	4.70461
67	ORF7a:V82A	452.444	44454.4	1.12929	1.1244	1.13418	3.09346	3.07837	3.10863
68	ORF8:G8STOP	436.959	41463.6	2.23305	2.22303	2.24306	9.32824	9.23527	9.42214
69	S:N450D	421.501	38582.2	2.75371	2.74091	2.76652	15.7008	15.501	15.9031
70	S:G252V	413.384	37110.5	2.03364	2.024	2.04328	7.64185	7.56852	7.71589
71	ORF1a:V2930L	405.538	35715.2	0.711071	0.707634	0.714507	2.03617	2.02918	2.04318
72	S:K356T	402.353	35156.5	2.52814	2.51583	2.54046	12.5302	12.3768	12.6855
73	ORF1a:K856R	394.281	33760.1	1.22054	1.21448	1.22661	3.38903	3.36853	3.40966
74	S:L452Q	382.999	31855.9	4.81534	4.7907	4.83998	123.389	120.385	126.467
75	ORF1b:P1000L	375.133	30560.9	1.06872	1.06314	1.07431	2.91166	2.89545	2.92796
76	S:F486P	369.199	29601.8	27.6681	27.5212	27.815	1.0378e+12	8.96036e+11	1.202e+12
77	ORF1b:G662S	363.181	28644.7	0.910508	0.905594	0.915421	2.48558	2.4734	2.49783
78	ORF1a:P2046L	362.154	28483	0.644821	0.641331	0.64831	1.90564	1.89901	1.91231
79	ORF1a:A599T	360.168	28171.6	5.14495	5.11695	5.17294	171.562	166.825	176.434
80	S:V83A	359.548	28074.6	1.86164	1.85149	1.87179	6.43429	6.36932	6.49992
81	S:S704L	358.725	27946.3	4.20335	4.18038	4.22631	66.91	65.3908	68.4644
82	S:L368I	358.581	27923.9	1.80496	1.7951	1.81483	6.07973	6.02005	6.14001
83	ORF1a:A1306S	348.488	26374.2	0.583733	0.58045	0.587016	1.79272	1.78684	1.79861
84	N:G204R	347.832	26274.9	0.469682	0.467036	0.472329	1.59949	1.59526	1.60372
85	S:D1118H	347.425	26213.5	0.499113	0.496298	0.501929	1.64726	1.64263	1.6519
86	S:S982A	343.653	25647.5	0.486421	0.483647	0.489195	1.62648	1.62198	1.631
87	S:A67V	341.543	25333.4	1.02973	1.02382	1.03564	2.80031	2.78381	2.81691
88	ORF1b:A1918V	339.487	25029.5	0.608168	0.604657	0.611679	1.83706	1.83062	1.84352
89	ORF8:Q27STOP	338.319	24857.5	0.513796	0.510819	0.516772	1.67162	1.66666	1.67661
90	ORF3a:S26L	337.559	24746	1.30682	1.29923	1.3144	3.69439	3.66646	3.72253
91	S:Q183E	332.581	24021.6	1.92822	1.91686	1.93959	6.87728	6.79957	6.95587
92	ORF8:R52I	331.311	23838.5	0.489986	0.487088	0.492885	1.63229	1.62757	1.63703
93	ORF1a:I2230T	326.151	23101.8	0.51377	0.510683	0.516857	1.67158	1.66643	1.67675
94	E:T11A	320.309	22281.7	1.63904	1.62901	1.64907	5.15024	5.09884	5.20215
95	ORF1a:K47R	318.583	22042.2	1.79869	1.78763	1.80976	6.04175	5.97526	6.10898
96	ORF1a:T1001I	317.97	21957.6	0.492965	0.489927	0.496004	1.63716	1.6322	1.64215
97	S:A570D	315.507	21618.7	0.479118	0.476141	0.482094	1.61465	1.60985	1.61946
98	N:Q229K	314.642	21500.4	1.72235	1.71162	1.73308	5.59765	5.53792	5.65803
99	ORF1a:P2287S	314.12	21429.1	0.637298	0.633321	0.641274	1.89136	1.88386	1.8989
100	ORF1a:G1819S	312.981	21274	2.24688	2.23281	2.26095	9.45822	9.32607	9.59224
101	ORF1a:T3646A	312.012	21142.5	0.573385	0.569783	0.576986	1.77426	1.76788	1.78066
102	ORF7b:T40I	310.901	20992.3	0.590657	0.586933	0.594381	1.80517	1.79846	1.81191
103	S:G496S	308.453	20662.9	0.986463	0.980195	0.992731	2.68173	2.66498	2.6986
104	N:G215C	299.393	19467.2	0.540859	0.537318	0.544399	1.71748	1.71141	1.72357
105	S:R403K	298.191	19311.1	2.08932	2.07559	2.10306	8.07946	7.96926	8.19118
106	ORF1a:A1708D	296.539	19097.8	0.485667	0.482457	0.488877	1.62526	1.62005	1.63048
107	ORF1a:T3750I	294.866	18883	1.05635	1.04933	1.06337	2.87585	2.85572	2.89611
108	ORF1a:I3758V	282.504	17333	1.04373	1.03648	1.05097	2.83978	2.81929	2.86041
109	ORF1b:Q2425R	281.882	17256.8	9.08503	9.02186	9.1482	8822.25	8282.19	9397.53
110	ORF8:Y73C	281.781	17244.4	0.480197	0.476856	0.483537	1.61639	1.611	1.6218
111	S:G339H	277.596	16736.1	41.8449	41.5495	42.1404	1.48945e+18	1.10845e+18	2.00141e+18
112	S:N856K	277.245	16693.8	0.917235	0.91075	0.923719	2.50236	2.48619	2.51864
113	S:F157S	276.916	16654.3	1.53493	1.52406	1.54579	4.64098	4.59084	4.69168
114	S:L455F	276.62	16618.6	4.98546	4.95014	5.02078	146.271	141.194	151.53
115	M:D3G	273.961	16300.8	0.975579	0.968599	0.982558	2.6527	2.63425	2.67128
116	N:D3L	273.441	16238.9	0.438424	0.435281	0.441566	1.55026	1.5454	1.55514
117	N:S235F	266.834	15463.8	0.434204	0.431015	0.437394	1.54373	1.53882	1.54867
118	ORF9b:P3H	262.943	15016.1	2.73597	2.71557	2.75636	15.4247	15.1133	15.7425
119	ORF14:E51Q	253.892	14000.3	2.53988	2.52028	2.55949	12.6782	12.432	12.9292
120	S:V445P	247.473	13301.6	1.45788	1.44634	1.46943	4.29685	4.24752	4.34675
121	ORF6:D61L	246.964	13246.9	0.999983	0.992047	1.00792	2.71824	2.69675	2.73989
122	S:F186L	244.651	13000	4.44254	4.40695	4.47813	84.9906	82.019	88.0699
123	N:G204P	243.861	12916.1	2.50101	2.48091	2.52111	12.1948	11.9521	12.4424
124	S:T547K	233.363	11828.2	0.946119	0.938173	0.954066	2.57569	2.55531	2.59624
125	S:S371L	231.259	11615.9	0.943741	0.935743	0.951739	2.56958	2.54911	2.59021
126	ORF1a:N2526S	230.761	11566	1.47803	1.46548	1.49059	4.38431	4.32961	4.43969
127	ORF1a:V3593F	229.48	11438	1.47238	1.45981	1.48496	4.35962	4.30514	4.41479
128	S:L981F	225.628	11057.3	0.902166	0.894329	0.910003	2.46494	2.44569	2.48433
129	ORF1a:S302F	224.951	10991.1	4.48646	4.44737	4.52555	88.8065	85.402	92.3466
130	S:F486S	223.822	10881	8.16239	8.09092	8.23387	3506.57	3264.68	3766.39
131	ORF1a:P2079Q	223.277	10828.1	5.0983	5.05354	5.14305	163.743	156.577	171.238
132	ORF7b:L11F	222.268	10730.5	7.29259	7.22828	7.3569	1469.37	1377.86	1566.97
133	ORF1a:P4220L	218.981	10415.5	4.96039	4.91599	5.00479	142.649	136.455	149.125
134	S:K417T	208.211	9416.48	1.17395	1.16289	1.185	3.23473	3.19918	3.27067
135	S:N679R	205.326	9157.34	5.26641	5.21614	5.31668	193.72	184.222	203.707
136	S:T716I	205.264	9151.87	0.355479	0.352085	0.358873	1.42686	1.42203	1.43172
137	N:R203K	204.919	9121.08	0.333465	0.330276	0.336655	1.3958	1.39135	1.40026
138	ORF1a:V3718A	203.437	8989.73	0.678548	0.67201	0.685085	1.97101	1.95817	1.98394
139	ORF1a:V1056L	201.808	8846.33	1.18748	1.17595	1.19902	3.27882	3.24122	3.31685
140	ORF14:V49L	201.438	8813.99	1.3616	1.34835	1.37485	3.90243	3.85107	3.95447
141	S:E554K	198.773	8582.3	1.52126	1.50626	1.53626	4.57797	4.50981	4.64716
142	S:H245N	198.018	8517.31	1.31956	1.3065	1.33262	3.74178	3.69322	3.79097
143	S:D253G	193.828	8160.76	1.62278	1.60637	1.63919	5.06717	4.9847	5.15101
144	ORF1a:A211D	192.977	8089.24	1.18811	1.17604	1.20018	3.28087	3.24152	3.3207
145	ORF1b:I1257V	189.766	7822.41	1.07389	1.0628	1.08498	2.92675	2.89446	2.95939
146	S:G184S	185.11	7443.36	3.78643	3.74634	3.82652	44.0986	42.3656	45.9025
147	ORF1a:I3731V	185.105	7442.98	0.964219	0.954009	0.974428	2.62274	2.5961	2.64965
148	ORF1b:D275Y	183.341	7301.84	4.03496	3.99182	4.07809	56.5406	54.1536	59.0328
149	ORF14:G50N	181.274	7138.14	0.340358	0.336678	0.344038	1.40545	1.40029	1.41063
150	S:V127F	180.432	7072.03	1.08736	1.07555	1.09917	2.96643	2.9316	3.00168
151	S:P621S	177.686	6858.51	1.26053	1.24663	1.27444	3.5273	3.4786	3.57669
152	ORF1a:H1141Y	171.573	6394.84	3.65498	3.61323	3.69674	38.6669	37.0857	40.3155
153	S:T478I	171.299	6374.44	4.34071	4.29104	4.39038	76.762	73.0427	80.6707
154	ORF3a:R134H	169.902	6270.96	3.54926	3.50832	3.59021	34.7876	33.3921	36.2415
155	ORF1a:I2709V	169.151	6215.62	3.61743	3.57551	3.65934	37.2417	35.713	38.8359
156	S:K444R	168.84	6192.83	3.75085	3.70731	3.79439	42.5573	40.744	44.4512
157	ORF1a:P1640L	168.568	6172.9	0.492793	0.487063	0.498522	1.63688	1.62753	1.64629
158	S:S939F	168.546	6171.27	1.07643	1.06391	1.08895	2.93419	2.89769	2.97115
159	ORF1a:T4175I	166.181	5999.4	2.58123	2.55079	2.61168	13.2134	12.8172	13.6219
160	S:P521S	164.334	5866.85	4.25536	4.20461	4.30611	70.4821	66.9942	74.1515
161	M:D3H	164.257	5861.36	1.04344	1.03099	1.05589	2.83896	2.80383	2.87453
162	ORF1a:A1473V	164.094	5849.72	3.6544	3.61075	3.69805	38.6443	36.9938	40.3684
163	S:A570V	163.5	5807.48	1.05705	1.04438	1.06972	2.87788	2.84164	2.91457
164	ORF1a:L3829F	162.818	5759.13	2.09252	2.06733	2.11771	8.10534	7.90373	8.31211
165	S:V1264L	160.74	5613.08	1.62058	1.60082	1.64034	5.05602	4.95709	5.15692
166	S:S50L	159.851	5551.21	1.0496	1.03673	1.06247	2.8565	2.81997	2.8935
167	S:P1143L	159.189	5505.36	1.01306	1.00059	1.02554	2.75403	2.71989	2.78859
168	S:A264D	157.175	5366.97	0.993625	0.981234	1.00602	2.70101	2.66775	2.73468
169	ORF3a:P178L	154.433	5181.48	2.63455	2.60112	2.66799	13.9371	13.4788	14.411
170	ORF9b:D16G	152.207	5033.2	6.85685	6.76856	6.94515	950.371	870.055	1038.1
171	S:R158G	151.141	4963.03	1.05123	1.0376	1.06486	2.86117	2.82243	2.90044
172	S:L452W	150.425	4916.09	0.984015	0.971194	0.996837	2.67518	2.6411	2.7097
173	ORF1a:G2091S	149.964	4886.05	3.90173	3.85073	3.95272	49.4878	47.0275	52.0768
174	S:A222V	148.293	4777.84	0.34807	0.343469	0.35267	1.41633	1.40983	1.42286
175	S:I332V	146.967	4692.8	1.04562	1.03168	1.05957	2.84517	2.80577	2.88512
176	ORF1b:P314L	144.295	4523.76	2.11372	2.08501	2.14243	8.27896	8.04465	8.5201
177	ORF1a:R3821K	143.981	4504.11	1.04115	1.02697	1.05532	2.83246	2.7926	2.87289
178	S:R21T	143.523	4475.57	0.982945	0.969522	0.996368	2.67232	2.63668	2.70843
179	ORF1a:Q1198K	141.793	4368.37	4.49353	4.43141	4.55564	89.4364	84.0502	95.1677
180	M:T30A	139.681	4239.23	1.04763	1.03293	1.06233	2.85089	2.80929	2.89311
181	S:N481K	136.16	4028.35	0.862731	0.850312	0.875149	2.36962	2.34038	2.39923
182	ORF1a:T2283I	134.529	3932.48	1.02821	1.01323	1.04319	2.79607	2.75449	2.83827
183	S:K1086R	133.97	3899.89	2.23092	2.19828	2.26356	9.30845	9.00955	9.61727
184	ORF1b:S959P	133.038	3845.83	0.646678	0.637151	0.656205	1.90919	1.89109	1.92746
185	S:D614G	132.042	3788.47	2.21273	2.17988	2.24557	9.14063	8.84528	9.44584
186	ORF7a:A13V	130.523	3701.9	3.99963	3.93957	4.05969	54.5779	51.3965	57.9562
187	ORF1b:A1219S	130.165	3681.61	1.20412	1.18599	1.22225	3.33383	3.27393	3.39483
188	ORF1a:S2535L	129.791	3660.5	2.95445	2.90983	2.99906	19.1912	18.3538	20.0668
189	S:L216F	127.282	3520.43	0.999948	0.984551	1.01535	2.71814	2.67661	2.76032
190	N:M234I	118.913	3073.02	0.579497	0.569945	0.589048	1.78514	1.76817	1.80227
191	ORF3a:P42L	118.563	3054.95	0.690926	0.679505	0.702348	1.99556	1.9729	2.01849
192	S:T572I	115.63	2905.79	2.38979	2.34928	2.4303	10.9112	10.478	11.3623
193	ORF3a:E239Q	115.151	2881.77	0.488311	0.479999	0.496622	1.62956	1.61607	1.64316
194	ORF1a:K1973R	113.157	2782.9	0.818656	0.804477	0.832836	2.26745	2.23553	2.29983
195	ORF8:K68STOP	111.855	2719.29	0.427709	0.420215	0.435204	1.53374	1.52229	1.54528
196	S:L452M	110.833	2669.86	16.3497	16.0606	16.6389	1.26065e+07	9.44124e+06	1.6833e+07
197	S:Y145H	107.508	2512.2	0.447383	0.439226	0.455539	1.56421	1.55151	1.57702
198	ORF7a:F109L	106.773	2478.01	22.9574	22.536	23.3789	9.33883e+09	6.12737e+09	1.42335e+10
199	S:Q52H	106.707	2474.97	0.720307	0.707077	0.733538	2.05506	2.02805	2.08243
200	M:A104V	106.264	2454.47	0.90729	0.890556	0.924025	2.4776	2.43648	2.51941
201	ORF1a:A3143V	106.01	2442.77	0.657412	0.645257	0.669566	1.92979	1.90648	1.95339
202	S:F59S	104.192	2359.75	1.22432	1.20129	1.24735	3.40185	3.3244	3.48111
203	ORF8:T11I	102.424	2280.41	0.568497	0.557618	0.579376	1.76561	1.74651	1.78492
204	S:K444T	101.276	2229.63	3.34747	3.28268	3.41225	28.4306	26.6472	30.3334
205	S:V445R	99.4943	2151.96	1.98571	1.94659	2.02483	7.28422	7.00479	7.57481
206	S:N658S	98.5986	2113.43	7.00186	6.86268	7.14105	1098.68	955.924	1262.75
207	ORF8:K2T	95.3825	1977.95	22.9513	22.4797	23.4229	9.28128e+09	5.79147e+09	1.4874e+10
208	ORF14:L52F	91.0635	1803.07	0.360581	0.352821	0.368342	1.43416	1.42308	1.44534
209	ORF1a:P4197S	91.0238	1801.5	1.83909	1.79949	1.87869	6.29082	6.04657	6.54494
210	ORF1b:A241V	89.5193	1742.5	4.66411	4.56199	4.76623	106.071	95.774	117.475
211	N:T379I	89.4507	1739.84	2.80782	2.7463	2.86934	16.5737	15.5848	17.6254
212	N:V270L	88.6548	1709.05	6.40092	6.25941	6.54243	602.399	522.91	693.971
213	ORF1a:S2104I	87.7026	1672.58	18.0728	17.6689	18.4767	7.06171e+07	4.71523e+07	1.05759e+08
214	N:T205I	87.2522	1655.47	0.35816	0.350115	0.366206	1.4307	1.41923	1.44225
215	S:K182R	87.0472	1647.71	1.80644	1.76577	1.84712	6.08876	5.84608	6.34152
216	S:N460K	85.2908	1581.97	28.5844	27.9276	29.2413	2.59454e+12	1.3452e+12	5.00417e+12
217	ORF1a:V2276I	83.7567	1525.65	18.0966	17.6731	18.5201	7.23203e+07	4.7353e+07	1.10452e+08
218	S:P25S	83.725	1524.5	17.9624	17.5419	18.3829	6.32386e+07	4.15303e+07	9.62941e+07
219	ORF1b:D1746Y	82.2133	1470.02	0.951718	0.929029	0.974407	2.59016	2.53205	2.64959
220	N:P151S	80.7047	1416.64	2.5255	2.46416	2.58683	12.4971	11.7536	13.2876
221	ORF1b:D54N	80.5995	1412.96	1.93578	1.88871	1.98285	6.92944	6.61081	7.26343
222	S:E180V	80.0009	1392.08	0.887204	0.865468	0.90894	2.42833	2.37612	2.48169
223	S:S31P	77.6846	1312.75	1.84663	1.80004	1.89322	6.3384	6.04986	6.64069
224	S:F456L	76.2231	1263.9	1.35922	1.32427	1.39417	3.89314	3.75942	4.03161
225	ORF7b:F19L	76.1349	1260.98	0.552704	0.538476	0.566932	1.73795	1.71339	1.76285
226	S:L455S	73.6624	1180.54	0.587348	0.57172	0.602975	1.79921	1.77131	1.82755
227	S:N487D	73.5251	1176.15	2.30217	2.2408	2.36354	9.99585	9.40086	10.6285
228	ORF14:L30R	69.7131	1057.56	4.67426	4.54285	4.80568	107.154	93.958	122.202
229	ORF8:Q18STOP	69.3146	1045.53	5.77669	5.61335	5.94003	322.689	274.06	379.948
230	S:L858I	66.729	969.128	5.34719	5.19013	5.50424	210.016	179.492	245.733
231	ORF9b:R47H	64.5028	905.675	4.13256	4.00699	4.25813	62.3375	54.9813	70.678
232	S:F157L	64.4811	905.065	1.10475	1.07117	1.13833	3.01846	2.91878	3.12154
233	S:A475V	63.794	885.924	2.86745	2.77935	2.95555	17.5921	16.1086	19.2123
234	ORF1a:A690V	63.0666	865.88	0.449192	0.435232	0.463151	1.56704	1.54532	1.58907
235	ORF1a:I1367L	62.6902	855.599	3.8295	3.70977	3.94922	46.0394	40.8444	51.895
236	ORF10:L37F	61.8535	832.963	3.03507	2.9389	3.13124	20.8024	18.895	22.9024
237	S:F486A	61.5841	825.742	32.2209	31.1954	33.2463	9.84804e+13	3.53183e+13	2.74599e+14
238	ORF1b:S2198I	61.1652	814.572	1.74531	1.68938	1.80123	5.72766	5.41613	6.05712
239	S:N703I	60.7834	804.459	16.3594	15.8319	16.8869	1.27288e+07	7.51092e+06	2.15716e+07
240	ORF1a:Q3922R	58.3259	740.88	19.6983	19.0364	20.3602	3.58808e+08	1.85092e+08	6.95564e+08
241	S:Q493E	57.3859	717.254	0.799199	0.771903	0.826495	2.22376	2.16388	2.2853
242	S:A435S	55.2401	664.76	1.79168	1.72811	1.85525	5.99949	5.62998	6.39327
243	S:P209L	55.0443	660.069	11.1524	10.7553	11.5495	69733.6	46879.3	103730
244	S:L441R	54.1762	639.473	6.59365	6.35511	6.83219	730.443	575.425	927.223
245	S:K147E	53.3164	619.397	2.02137	1.94706	2.09568	7.54868	7.00809	8.13097
246	ORF1a:L3201P	52.5435	601.624	0.275549	0.26527	0.285827	1.31725	1.30378	1.33086
247	ORF1a:A3548V	51.2832	573.199	4.52561	4.35265	4.69857	92.3521	77.6838	109.79
248	ORF9b:N55S	50.4526	554.843	0.583221	0.560564	0.605877	1.7918	1.75166	1.83286
249	ORF1a:F3753V	48.8852	521.019	3.99359	3.83347	4.15371	54.2493	46.2229	63.6696
250	S:S31F	47.8762	499.81	7.00863	6.72171	7.29555	1106.14	830.239	1473.73
251	S:N148T	45.1168	444.062	4.62968	4.42856	4.83081	102.482	83.8107	125.312
252	ORF7a:T28I	45.0967	443.668	2.76011	2.64016	2.88007	15.8016	14.0154	17.8156
253	ORF9b:D89E	44.6982	435.894	9.79974	9.37003	10.2294	18029	11731.5	27707.2
254	S:Y200C	44.6491	434.941	7.48156	7.15315	7.80998	1775.02	1278.12	2465.09
255	S:R346S	44.2335	426.915	6.05868	5.79022	6.32713	427.809	327.085	559.55
256	ORF1b:T1050N	42.0565	386.103	3.12792	2.98215	3.27369	22.8265	19.7302	26.4087
257	ORF1a:G993S	41.8336	382.04	1.14519	1.09154	1.19884	3.14304	2.97885	3.31628
258	ORF1b:T1555I	41.6093	377.974	2.14603	2.04494	2.24711	8.55081	7.72869	9.46037
259	S:N185D	39.8798	347.351	2.61973	2.49098	2.74848	13.732	12.0731	15.6189
260	ORF1a:L2146F	39.6189	342.844	3.42683	3.25731	3.59636	30.779	25.9795	36.4653
261	ORF3a:K67N	37.8771	313.514	0.993679	0.94226	1.0451	2.70115	2.56577	2.84367
262	S:T376S	37.7999	312.244	3.29244	3.12173	3.46316	26.9085	22.6855	31.9177
263	S:Q613H	37.7932	312.134	4.37176	4.14504	4.59848	79.183	63.1202	99.3334
264	ORF1a:A4068S	36.7615	295.42	2.55918	2.42274	2.69562	12.9252	11.2767	14.8148
265	S:F456V	36.7381	295.045	5.18789	4.91112	5.46467	179.091	135.791	236.197
266	ORF1a:Q556K	36.6363	293.422	1.02106	0.966432	1.07568	2.77613	2.62855	2.93199
267	S:V1104L	36.5292	291.72	0.363453	0.343952	0.382954	1.43829	1.41051	1.46661
268	S:Y248N	36.4512	290.482	14.7538	13.9605	15.5471	2.55566e+06	1.15604e+06	5.64978e+06
269	S:R190S	34.8783	266.101	0.38277	0.361261	0.40428	1.46634	1.43514	1.49822
270	S:V445A	34.7218	263.734	9.62272	9.07954	10.1659	15104	8773.91	26001.2
271	ORF9b:I5T	34.3845	258.667	0.298392	0.281383	0.315401	1.34769	1.32496	1.37081
272	ORF1a:T170I	33.4188	244.437	0.619629	0.583289	0.65597	1.85824	1.79192	1.92701
273	ORF3a:S40P	32.9607	237.828	2.02751	1.90695	2.14808	7.59518	6.73253	8.56837
274	S:Q183H	32.4158	230.085	0.90985	0.854837	0.964862	2.48395	2.35099	2.62443
275	ORF1b:M1156I	32.2944	228.378	0.991906	0.931707	1.05211	2.69637	2.53884	2.86367
276	ORF3a:A72T	32.13	226.076	3.52137	3.30656	3.73617	33.8306	27.291	41.9371
277	S:E1150D	31.7993	221.481	1.63183	1.53125	1.73241	5.11322	4.62396	5.65425
278	ORF6:D61H	31.6788	219.818	2.75077	2.58058	2.92096	15.6547	13.2048	18.5592
279	ORF1a:H110Y	31.1753	212.939	6.14683	5.76039	6.53328	467.236	317.472	687.65
280	S:T791A	31.0551	211.313	6.65169	6.23188	7.07149	774.089	508.712	1177.9
281	ORF10:S23F	30.9817	210.323	0.191576	0.179457	0.203696	1.21116	1.19657	1.22593
282	ORF1a:F3486L	30.9572	209.993	3.24108	3.03588	3.44628	25.5613	20.8193	31.3834
283	S:A1174V	30.1076	198.715	4.69422	4.38863	4.99981	109.314	80.5304	148.385
284	S:L335S	29.9599	196.786	5.49209	5.1328	5.85138	242.763	169.49	347.713
285	S:K304N	29.0493	185.105	2.47141	2.30467	2.63816	11.8392	10.0208	13.9875
286	S:G257S	29.0313	184.877	1.0619	0.99021	1.13359	2.89187	2.6918	3.1068
287	ORF1a:S1857L	28.8756	182.917	0.373578	0.348221	0.398935	1.45292	1.41654	1.49024
288	ORF1b:G2068R	27.8611	170.403	3.20557	2.98006	3.43107	24.6695	19.6891	30.9098
289	ORF1a:P1921S	27.1649	162.073	2.66542	2.47311	2.85773	14.374	11.8592	17.4219
290	ORF1a:R1225I	26.9645	159.714	2.20742	2.04697	2.36788	9.09227	7.74443	10.6747
291	S:P521T	26.8002	157.794	1.28079	1.18712	1.37446	3.59948	3.27764	3.95293
292	S:T859N	26.4108	153.288	0.235001	0.217561	0.252441	1.26491	1.24304	1.28716
293	ORF1b:S997L	25.0008	137.524	2.93361	2.70363	3.1636	18.7954	14.9339	23.6555
294	ORF1a:T2274I	24.9216	136.664	0.927155	0.854239	1.00007	2.52731	2.34959	2.71848
295	ORF1b:H1087Y	24.7103	134.383	0.127141	0.117057	0.137226	1.13558	1.12418	1.14709
296	S:L249F	24.6653	133.899	6.83291	6.28995	7.37587	927.889	539.128	1596.98
297	ORF1a:V4369A	24.2486	129.466	2.18657	2.00983	2.3633	8.90458	7.46205	10.626
298	ORF1b:P218L	24.0601	127.485	0.0956558	0.0878635	0.103448	1.10038	1.09184	1.10899
299	S:S60P	23.865	125.452	4.18491	3.84122	4.5286	65.6876	46.5821	92.6292
300	ORF3a:S195C	23.8103	124.884	2.43472	2.2343	2.63513	11.4126	9.33996	13.9452
301	ORF1b:K2557R	23.2754	119.405	0.166386	0.152375	0.180397	1.18103	1.1646	1.19769
302	S:K77R	23.0976	117.611	2.58792	2.36832	2.80752	13.3021	10.6794	16.5688
303	ORF1a:T4083M	22.72	113.847	1.69144	1.54552	1.83735	5.42728	4.69043	6.27988
304	ORF1a:I280T	22.3535	110.253	2.34125	2.13597	2.54653	10.3942	8.46522	12.7627
305	S:R765L	22.2808	109.547	4.46999	4.07678	4.8632	87.3556	58.9552	129.437
306	S:K1266R	21.6073	103.115	1.14753	1.04344	1.25162	3.1504	2.83896	3.496
307	ORF7a:P99S	21.5995	103.042	2.13253	1.93902	2.32604	8.43619	6.95195	10.2373
308	ORF1b:Q1011H	21.0982	98.3842	0.146464	0.132858	0.16007	1.15773	1.14209	1.17359
309	S:K182Q	20.98	97.3013	3.50866	3.18088	3.83644	33.4035	24.0679	46.3602
310	ORF1a:P1220S	20.9317	96.8609	9.63129	8.72945	10.5331	15234	6182.33	37538.6
311	S:T1027I	20.8676	96.2774	0.122221	0.110741	0.1337	1.13	1.11711	1.14305
312	ORF1a:A4285V	20.2116	90.4121	3.23345	2.91989	3.547	25.367	18.5393	34.7092
313	ORF14:A23V	20.1232	89.6359	5.01167	4.52354	5.49979	150.155	92.1611	244.642
314	S:K182E	20.1085	89.5074	5.58018	5.03629	6.12408	265.121	153.898	456.725
315	S:D215H	20.0831	89.2848	4.39076	3.96225	4.81926	80.7015	52.5755	123.874
316	ORF1b:A520V	19.9967	88.5313	1.96583	1.77315	2.15851	7.14082	5.88937	8.65821
317	ORF1a:C1114F	19.8853	87.5639	4.96825	4.47856	5.45794	143.775	88.1079	234.614
318	S:K147N	19.6849	85.8376	1.52827	1.37611	1.68044	4.6102	3.95945	5.3679
319	S:A1087S	19.5872	85.0027	1.42276	1.28039	1.56513	4.14855	3.59805	4.78328
320	S:Y248H	19.4501	83.8377	2.28985	2.0591	2.52059	9.87345	7.83894	12.436
321	S:T478E	19.4217	83.5974	8.11749	7.29831	8.93667	3352.59	1477.79	7605.85
322	ORF1a:F499L	19.1814	81.5776	0.881137	0.791103	0.971172	2.41364	2.20583	2.64104
323	ORF1a:H2659Y	18.8086	78.4936	5.07518	4.54632	5.60404	160.001	94.2848	271.522
324	ORF1b:I1256V	18.3638	74.8931	4.99489	4.46178	5.52799	147.656	86.6419	251.637
325	E:D72G	17.712	69.7709	6.17206	5.48907	6.85504	479.171	242.033	948.653
326	S:G257D	17.4875	68.0498	3.98473	3.53813	4.43133	53.7709	34.4026	84.0433
327	S:G72R	16.939	63.9357	3.04466	2.69237	3.39695	21.003	14.7667	29.8729
328	ORF1a:E452G	16.8652	63.3921	6.51362	5.75665	7.27059	674.265	316.288	1437.4
329	S:D80G	16.4566	60.4246	0.236395	0.208241	0.26455	1.26667	1.23151	1.30284
330	ORF1b:P1675S	16.2865	59.2108	1.64413	1.44627	1.84199	5.17652	4.24725	6.30909
331	S:A701V	15.9072	56.5488	0.11732	0.102865	0.131775	1.12448	1.10834	1.14085
332	ORF6:K48N	15.8634	56.2455	0.140106	0.122795	0.157416	1.1504	1.13065	1.17048
333	ORF1b:Y113H	15.8208	55.9513	3.96884	3.47716	4.46052	52.9232	32.3677	86.5328
334	S:Y248S	15.7122	55.2048	2.72569	2.38568	3.0657	15.267	10.8665	21.4494
335	S:S256L	15.6627	54.8663	4.62424	4.04558	5.2029	101.925	57.1444	181.798
336	S:T376D	15.6439	54.7381	3.998	3.49711	4.4989	54.4893	33.0199	89.918
337	S:K182N	15.5855	54.3405	0.815488	0.712936	0.918041	2.26028	2.03997	2.50438
338	ORF14:L64P	15.2619	52.164	3.91908	3.41578	4.42237	50.3539	30.4408	83.2936
339	ORF14:A38V	15.2259	51.9242	2.2569	1.96638	2.54743	9.55347	7.14478	12.7742
340	ORF10:I27K	15.2156	51.8561	2.84712	2.48037	3.21386	17.238	11.9457	24.875
341	ORF1a:A2855V	15.0017	50.4466	0.154196	0.13405	0.174341	1.16672	1.14345	1.19046
342	S:I101T	14.89	49.718	3.94804	3.42836	4.46772	51.8336	30.826	87.1576
343	S:W152R	14.8624	49.5391	0.583853	0.506858	0.660848	1.79293	1.66007	1.93643
344	ORF1a:S3344F	14.8327	49.3468	1.53119	1.32886	1.73351	4.62366	3.77673	5.66051
345	ORF8:Y31F	14.7265	48.6619	0.195852	0.169786	0.221918	1.21635	1.18505	1.24847
346	S:F59L	14.6	47.8523	1.06041	0.918056	1.20276	2.88756	2.50442	3.32931
347	ORF1b:S1159I	14.1502	45.0311	1.19081	1.02587	1.35575	3.28975	2.78953	3.87968
348	ORF1a:T3356I	14.0144	44.1961	4.3152	3.7117	4.9187	74.8288	40.9235	136.825
349	ORF3a:F207C	14.0127	44.1861	3.03214	2.60804	3.45625	20.7417	13.5724	31.6979
350	ORF3a:W193R	13.8398	43.1347	2.38159	2.04431	2.71886	10.8221	7.72383	15.1631
351	ORF3a:G44E	13.8384	43.1264	2.38112	2.04388	2.71837	10.817	7.72049	15.1555
352	ORF1a:C3766F	13.7632	42.6732	0.0868029	0.0744416	0.0991642	1.09068	1.07728	1.10425
353	S:R190T	13.2906	39.8817	2.50841	2.13849	2.87833	12.2854	8.48666	17.7845
354	ORF1b:T2537I	12.6646	36.3332	0.651322	0.550524	0.75212	1.91808	1.73416	2.12149
355	N:G18V	12.4001	34.8844	0.0902353	0.0759727	0.104498	1.09443	1.07893	1.11015
356	S:Q628K	12.3962	34.8632	0.777493	0.654563	0.900422	2.17601	1.9243	2.46064
357	ORF9b:V15L	12.3319	34.5157	0.0904182	0.0760476	0.104789	1.09463	1.07901	1.11048
358	N:A152S	12.1092	33.3261	3.14774	2.63825	3.65722	23.2833	13.9887	38.7535
359	ORF3a:L73F	12.007	32.7874	1.4669	1.22745	1.70634	4.33575	3.41251	5.50878
360	ORF1a:T2093I	11.5977	30.6746	1.84277	1.53135	2.15419	6.31403	4.62443	8.62094
361	ORF3a:A103T	11.5491	30.4281	1.22796	1.01956	1.43635	3.41425	2.77198	4.20532
362	ORF1a:S1515F	11.5339	30.3516	3.85866	3.20295	4.51436	47.4016	24.6051	91.3191
363	ORF1b:S2212I	11.1046	28.2248	2.2502	1.85303	2.64736	9.48959	6.37915	14.1167
364	M:L46F	10.9033	27.2552	3.00235	2.46265	3.54204	20.1327	11.7359	34.5374
365	ORF1b:R2009K	10.1468	23.7665	2.2889	1.84677	2.73103	9.86408	6.33934	15.3486
366	S:S680P	9.72373	21.9229	1.90415	1.52034	2.28796	6.71367	4.57377	9.85477
367	S:R237K	9.64166	21.5742	2.13104	1.69784	2.56424	8.42366	5.46216	12.9908
368	ORF1b:N1025S	9.38539	20.5039	3.15424	2.49554	3.81295	23.4352	12.1282	45.2836
369	ORF8:A65V	9.07133	19.2307	0.483567	0.379087	0.588047	1.62185	1.46095	1.80047
370	S:R346I	8.81072	18.2064	4.27734	3.32584	5.22884	72.0486	27.8223	186.577
371	ORF1a:T2152I	8.7115	17.8241	2.68078	2.07765	3.28392	14.5965	7.98565	26.6803
372	ORF1b:L2213F	8.64466	17.5689	1.09175	0.844224	1.33928	2.97949	2.32617	3.81629
373	ORF3a:R68I	8.63062	17.5155	2.33596	1.80547	2.86644	10.3393	6.08286	17.5743
374	S:V289I	8.57223	17.2946	0.0558557	0.0430848	0.0686266	1.05745	1.04403	1.07104
375	ORF1b:K2140R	8.50148	17.0287	0.479423	0.368895	0.589951	1.61514	1.44614	1.8039
376	ORF8:H17Y	8.47056	16.9133	3.39894	2.61247	4.1854	29.9322	13.6327	65.7198
377	ORF3a:T268M	8.19717	15.9099	4.04366	3.07681	5.01052	57.035	21.6892	149.982
378	S:V511I	8.0252	15.2952	1.36024	1.02804	1.69245	3.89714	2.79557	5.43277
379	S:Y453F	7.92644	14.9479	4.43833	3.34087	5.53579	84.6335	28.2436	253.609
380	S:R21G	7.77722	14.431	16.9061	12.6455	21.1667	2.19904e+07	310378	1.55803e+09
381	M:S212G	7.6475	13.9894	2.79539	2.07896	3.51181	16.369	7.99617	33.5089
382	ORF1b:V1110I	7.64695	13.9876	0.584992	0.435055	0.734929	1.79498	1.54505	2.08533
383	ORF3a:A110V	7.44821	13.3251	0.4211	0.31029	0.531911	1.52364	1.36382	1.70218
384	S:A706V	7.38494	13.1177	17.9787	13.2071	22.7502	6.42731e+07	544223	7.59069e+09
385	S:F490P	7.31536	12.8916	2.37107	1.73581	3.00634	10.7089	5.6735	20.2134
386	ORF7a:T61S	7.27812	12.7715	17.3491	12.6771	22.0211	3.42469e+07	320318	3.66152e+09
387	S:V62F	7.18502	12.4737	2.48743	1.8089	3.16596	12.0303	6.10372	23.7116
388	S:E484R	7.09375	12.1853	1.12147	0.811615	1.43133	3.06937	2.25154	4.18425
389	ORF1a:I1714T	6.88637	11.5434	1.01545	0.726436	1.30446	2.7606	2.0677	3.6857
390	S:I210V	6.88147	11.5284	0.252525	0.180601	0.324448	1.28727	1.19794	1.38327
391	ORF1a:M2169V	6.80272	11.2896	0.965769	0.687517	1.24402	2.62681	1.98877	3.46954
392	ORF8:E106Q	6.76234	11.1682	0.552883	0.392638	0.713128	1.73826	1.48088	2.04036
393	S:G446D	6.74564	11.1182	4.12232	2.92457	5.32008	61.7025	18.6262	204.4
394	S:N164K	6.57732	10.6207	0.968627	0.679988	1.25727	2.63433	1.97385	3.5158
395	ORF1a:T2174I	6.56894	10.5963	1.08297	0.759845	1.40609	2.95343	2.13794	4.07998
396	ORF1a:T2777I	6.52799	10.4772	10.8923	7.62199	14.1626	53760.1	2042.62	1.41492e+06
397	M:R146H	6.36443	10.0087	3.74772	2.59359	4.90186	42.4243	13.3777	134.539
398	ORF1b:T1404M	6.32912	9.90911	1.09706	0.757328	1.43679	2.99534	2.13257	4.20716
399	ORF1a:N2147S	6.26414	9.72712	1.86812	1.28361	2.45263	6.47609	3.60964	11.6188
400	ORF1a:T2016I	6.18796	9.51607	1.48581	1.01519	1.95642	4.41853	2.7599	7.07394
401	ORF1a:V28I	5.79106	8.45628	1.19968	0.79365	1.6057	3.31904	2.21145	4.98136
402	S:P1143F	5.74424	8.33567	0.947437	0.624167	1.27071	2.57909	1.86669	3.56337
403	ORF1b:R1736K	5.64367	8.07971	0.819831	0.535116	1.10455	2.27012	1.70765	3.01786
404	ORF1a:I2010V	5.62824	8.04083	1.37273	0.894692	1.85076	3.94609	2.44658	6.36466
405	ORF1a:E1633D	5.33794	7.32786	0.0378129	0.0239289	0.0516968	1.03854	1.02422	1.05306
406	S:P1263L	5.24927	7.11718	1.09209	0.684325	1.49985	2.98049	1.98243	4.48101
407	ORF9b:G31R	5.12913	6.83702	1.29539	0.800391	1.79039	3.65242	2.22641	5.99179
408	ORF1a:V3336F	5.12508	6.82768	0.720139	0.444739	0.995539	2.05472	1.56008	2.70618
409	ORF1b:G2005S	5.06598	6.69218	1.46274	0.896823	2.02865	4.31776	2.4518	7.60383
410	S:M153I	5.06115	6.68118	1.05031	0.643568	1.45704	2.85852	1.90326	4.29324
411	N:G34E	5.04687	6.64867	1.30484	0.798104	1.81158	3.68711	2.22133	6.12013
412	S:D1084G	4.90975	6.34108	0.988193	0.593709	1.38268	2.68638	1.81069	3.98556
413	ORF8:S103L	4.75294	5.99896	0.21249	0.124866	0.300114	1.23675	1.133	1.35001
414	S:T250N	4.57683	5.62701	1.34851	0.77103	1.92599	3.85169	2.16199	6.86196
415	ORF1a:G519S	4.5673	5.60727	0.398439	0.227457	0.569421	1.4895	1.2554	1.76724
416	ORF1b:A1312V	4.54608	5.5634	0.219606	0.124927	0.314286	1.24559	1.13307	1.36928
417	ORF1a:P1921Q	4.46993	5.40756	0.0803769	0.0451334	0.11562	1.0837	1.04617	1.12257
418	ORF1a:N470T	4.4692	5.40609	2.24173	1.25862	3.22483	9.40957	3.52056	25.1494
419	N:A134V	4.25274	4.97639	1.19899	0.646411	1.75157	3.31677	1.90868	5.76365
420	S:F486I	4.21793	4.90911	1.77641	0.950958	2.60186	5.90861	2.58819	13.4888
421	N:E136D	4.05266	4.59653	0.123121	0.0635766	0.182665	1.13102	1.06564	1.20041
422	ORF1a:S944L	3.83694	4.20557	0.578304	0.282898	0.873711	1.78301	1.32697	2.39578
423	ORF3a:G224C	3.83302	4.19864	0.0649114	0.0317198	0.098103	1.06706	1.03223	1.10308
424	ORF1b:L1681F	3.74484	4.04449	0.536932	0.255914	0.81795	1.71075	1.29164	2.26585
425	ORF1a:P3395Y	3.60357	3.8042	0.545372	0.248747	0.841997	1.72525	1.28242	2.321
426	ORF1b:A1847S	3.58616	3.77516	0.0354262	0.0160646	0.0547879	1.03606	1.01619	1.05632
427	ORF1a:H81Y	3.55673	3.72634	0.91593	0.4112	1.42066	2.4991	1.50863	4.13985
428	S:Q493R	3.54956	3.7145	0.0126681	0.00567313	0.019663	1.01275	1.00569	1.01986
429	ORF1a:H2092Y	3.49931	3.63211	1.40809	0.619416	2.19676	4.08812	1.85784	8.99578
430	ORF1a:A1268T	3.44242	3.54008	0.581284	0.250326	0.912242	1.78833	1.28444	2.4899
431	ORF1a:H2125Y	3.3561	3.40295	0.0144995	0.00603179	0.0229673	1.01461	1.00605	1.02323
432	ORF8:L60F	3.23493	3.21558	0.0149047	0.00587431	0.023935	1.01502	1.00589	1.02422
433	S:C1235F	3.20768	3.17426	0.856218	0.333051	1.37939	2.35424	1.39522	3.97246
434	ORF3a:R122S	3.04671	2.93624	1.07556	0.383646	1.76747	2.93163	1.46763	5.85603
435	ORF1a:R542C	2.94941	2.79739	0.0941334	0.0315792	0.156688	1.09871	1.03208	1.16963
436	S:V3G	2.8891	2.71321	0.101264	0.0325663	0.169961	1.10657	1.0331	1.18526
437	ORF1a:I671V	2.71174	2.47395	0.678533	0.18811	1.16895	1.97098	1.20697	3.21863
438	ORF1a:N4134T	2.63336	2.37211	0.397499	0.101648	0.69335	1.4881	1.10699	2.00041
439	ORF1a:D2980N	2.62167	2.35712	0.0372087	0.00939142	0.065026	1.03791	1.00944	1.06719
440	ORF8:P36S	2.5553	2.27302	0.040884	0.00952521	0.0722428	1.04173	1.00957	1.07492
441	ORF1a:M731I	2.55318	2.27037	0.763995	0.177511	1.35048	2.14684	1.19424	3.85928
442	S:L212S	2.5375	2.25076	0.517716	0.117833	0.917599	1.67819	1.12506	2.50327
443	ORF9b:R32L	2.38844	2.06894	0.187476	0.0336327	0.341319	1.2062	1.0342	1.4068
444	S:Q14K	2.37659	2.05484	0.53977	0.0946234	0.984917	1.71561	1.09924	2.67759
445	ORF3a:G18D	2.35667	2.03126	0.613485	0.103271	1.1237	1.84686	1.10879	3.07621
446	ORF1a:S2103F	2.32601	1.99524	0.179152	0.0281933	0.330112	1.1962	1.02859	1.39112
447	ORF1a:L1507F	2.14891	1.79385	0.126478	0.0111209	0.241836	1.13482	1.01118	1.27358
448	S:I666V	2.1356	1.77916	0.14566	0.0119792	0.279341	1.1568	1.01205	1.32226
449	M:S197N	2.04902	1.68513	0.0200183	0.000870066	0.0391665	1.02022	1.00087	1.03994
450	ORF9b:S63F	2.01123	1.64489	0.248449	0.0063329	0.490565	1.28204	1.00635	1.63324
451	ORF1a:D335G	1.9733	1.60498	0.262372	0.0017736	0.52297	1.30001	1.00178	1.68703
452	ORF1b:T76A	1.89141	1.52045	0.265399	-0.00961867	0.540416	1.30395	0.990427	1.71672
453	ORF1a:I3052V	1.88808	1.51706	0.477627	-0.018184	0.973438	1.61224	0.98198	2.64703
454	ORF8:S67F	1.87892	1.50775	0.0474059	-0.00204466	0.0968564	1.04855	0.997957	1.1017
455	ORF1a:D48N	1.84343	1.47193	0.482273	-0.0304867	0.995034	1.61975	0.969973	2.70481
456	S:T1117I	1.81535	1.44388	0.287082	-0.0228688	0.597034	1.33253	0.977391	1.81672
457	N:P13F	1.7935	1.42222	0.0706388	-0.00655652	0.147834	1.07319	0.993465	1.15932
458	ORF1a:T4161I	1.77839	1.40733	0.957355	-0.0977476	2.01246	2.6048	0.906878	7.48169
459	ORF1a:V3847I	1.77807	1.40702	0.0114068	-0.00116688	0.0239804	1.01147	0.998834	1.02427
460	ORF1a:A2249V	1.76826	1.39739	0.127314	-0.0138023	0.26843	1.13577	0.986292	1.30791
461	ORF7a:E121STOP	1.68858	1.32027	0.159813	-0.0256844	0.34531	1.17329	0.974643	1.41243
462	ORF8:A51S	1.6603	1.29335	0.011138	-0.00201031	0.0242863	1.0112	0.997992	1.02458
463	S:W152L	1.64796	1.28168	0.0452877	-0.00857421	0.0991497	1.04633	0.991462	1.10423
464	S:A942S	1.6465	1.28031	0.36853	-0.0701612	0.807222	1.44561	0.932244	2.24167
465	ORF1a:V627I	1.64371	1.27768	0.190583	-0.0366686	0.417834	1.20995	0.963996	1.51867
466	ORF1b:P1427S	1.62988	1.26467	0.20145	-0.0407974	0.443698	1.22318	0.960024	1.55846
467	ORF1a:T2648I	1.52317	1.16612	0.0889867	-0.0255186	0.203492	1.09307	0.974804	1.22568
468	ORF1a:T2121A	1.50238	1.1473	0.330425	-0.100639	0.761488	1.39156	0.90426	2.14146
469	S:D215G	1.48444	1.13114	0.0986777	-0.0316101	0.228965	1.10371	0.968884	1.2573
470	ORF1a:P1158S	1.3832	1.04157	0.0797488	-0.0332534	0.192751	1.08301	0.967293	1.21258
471	ORF1a:T403I	1.36134	1.02258	0.0314459	-0.0138276	0.0767193	1.03195	0.986268	1.07974
472	S:A845S	1.33765	1.00213	0.205005	-0.0953739	0.505383	1.22753	0.909033	1.65762
473	ORF3a:T89I	1.33216	0.997409	0.128476	-0.0605459	0.317497	1.13709	0.941251	1.37369
474	ORF10:N5D	1.32989	0.99546	0.152871	-0.0724263	0.378167	1.16517	0.930134	1.45961
475	ORF1a:K3162E	1.32038	0.987307	0.00985988	-0.00477603	0.0244958	1.00991	0.995235	1.0248
476	S:W64R	1.31682	0.98426	0.238511	-0.11649	0.593512	1.26936	0.890039	1.81034
477	ORF9b:P10F	1.30363	0.973001	0.0482495	-0.0242918	0.120791	1.04943	0.976001	1.12839
478	ORF1a:Q3346K	1.30237	0.971926	0.0226445	-0.0114336	0.0567227	1.0229	0.988631	1.05836
479	ORF1a:L2122F	1.30056	0.970383	0.21029	-0.10662	0.527199	1.23404	0.898867	1.69418
480	ORF1a:T727I	1.29698	0.967337	0.0448167	-0.0229091	0.112542	1.04584	0.977351	1.11912
481	N:A173V	1.29405	0.964844	0.245841	-0.126509	0.618191	1.2787	0.881166	1.85557
482	ORF1a:V2090F	1.28569	0.957746	0.151205	-0.0792995	0.38171	1.16324	0.923763	1.46479
483	S:V70I	1.27171	0.945917	0.0181595	-0.00982808	0.0461472	1.01833	0.99022	1.04723
484	ORF1a:A181T	1.26753	0.942394	0.156002	-0.0852211	0.397225	1.16883	0.918309	1.48769
485	ORF8:P93T	1.26371	0.93917	0.127622	-0.0703145	0.325558	1.13612	0.932101	1.3848
486	ORF14:Q20STOP	1.23801	0.917593	0.218087	-0.127178	0.563352	1.2437	0.880577	1.75655
487	ORF1a:I3341T	1.19353	0.880592	0.123486	-0.0792978	0.326269	1.13143	0.923765	1.38579
488	ORF1b:L2580I	1.15674	0.850322	0.0589048	-0.0409031	0.158713	1.06067	0.959922	1.172
489	ORF1b:T310I	1.14263	0.838798	0.343692	-0.245844	0.933228	1.41014	0.782044	2.5427
490	ORF9b:T79I	1.12992	0.828444	0.258986	-0.190253	0.708225	1.29562	0.82675	2.03039
491	ORF1a:A138T	1.10785	0.810554	0.179303	-0.137911	0.496517	1.19638	0.871176	1.64299
492	ORF1b:I1448L	1.10584	0.808929	0.0381589	-0.0294728	0.105791	1.0389	0.970957	1.11159
493	ORF1a:K2108N	1.10292	0.806567	0.126411	-0.0982303	0.351053	1.13475	0.90644	1.42056
494	S:M153T	1.09987	0.804103	0.0304577	-0.023818	0.0847335	1.03093	0.976463	1.08843
495	ORF1b:G1568C	1.06127	0.773112	0.0679068	-0.0575043	0.193318	1.07027	0.944118	1.21327
496	ORF9b:N36S	1.05924	0.771491	0.0758934	-0.0645359	0.216323	1.07885	0.937502	1.2415
497	ORF8:E92K	1.0505	0.764517	0.00501317	-0.00434014	0.0143665	1.00503	0.995669	1.01447
498	ORF1a:K734R	1.04517	0.760275	0.0428299	-0.0374871	0.123147	1.04376	0.963207	1.13105
499	ORF1a:A4285T	1.03481	0.752038	0.0370346	-0.0331102	0.107179	1.03773	0.967432	1.11313
500	S:A344T	1.00952	0.732023	0.1587	-0.149413	0.466812	1.17199	0.861214	1.5949
501	ORF1b:K2660R	1.0006	0.724995	0.258189	-0.247547	0.763925	1.29458	0.780714	2.14669
502	S:D1168H	0.997178	0.722298	0.0514111	-0.049638	0.15246	1.05276	0.951574	1.1647
503	ORF1a:S838N	0.96427	0.696508	0.0359347	-0.0371058	0.108975	1.03659	0.963574	1.11513
504	S:E484T	0.955699	0.689824	0.0627711	-0.065961	0.191503	1.06478	0.936167	1.21107
505	ORF1a:T1444A	0.952627	0.687431	0.0940868	-0.0994904	0.287664	1.09866	0.905299	1.33331
506	S:Y28H	0.948795	0.684449	0.0459078	-0.0489258	0.140742	1.04698	0.952252	1.15113
507	ORF1a:E977D	0.932522	0.671813	0.150922	-0.166284	0.468127	1.16291	0.846806	1.597
508	ORF3a:L101F	0.930142	0.669969	0.116958	-0.129491	0.363407	1.12407	0.878542	1.43822
509	ORF1a:D3972G	0.913185	0.656858	0.0368475	-0.0422381	0.115933	1.03753	0.958642	1.12292
510	N:P365L	0.899647	0.646427	0.14802	-0.174455	0.470495	1.15954	0.839915	1.60079
511	ORF1a:S723F	0.896641	0.644115	0.0294345	-0.0349062	0.0937751	1.02987	0.965696	1.09831
512	ORF8:S21N	0.89328	0.641531	0.0416725	-0.0497619	0.133107	1.04255	0.951456	1.14237
513	ORF1a:V3367I	0.89205	0.640586	0.0408604	-0.0489159	0.130637	1.04171	0.952261	1.13955
514	ORF3a:L65F	0.888889	0.638159	0.0625676	-0.0753913	0.200527	1.06457	0.927381	1.22205
515	S:P1162S	0.884763	0.634994	0.1027	-0.124805	0.330205	1.10816	0.882669	1.39125
516	S:D420N	0.884368	0.634691	0.078069	-0.09495	0.251088	1.0812	0.909418	1.28542
517	ORF3a:D210A	0.880319	0.631587	0.0124933	-0.015322	0.0403086	1.01257	0.984795	1.04113
518	S:D1153Y	0.877231	0.629222	0.0520891	-0.0642916	0.16847	1.05347	0.937732	1.18349
519	S:A688V	0.863764	0.618925	0.0423116	-0.0536976	0.138321	1.04322	0.947719	1.14834
520	ORF1b:A1643V	0.847633	0.606631	0.0148229	-0.0194518	0.0490976	1.01493	0.980736	1.05032
521	ORF1a:D2579G	0.842859	0.603001	0.0554184	-0.0734502	0.184287	1.05698	0.929182	1.20236
522	S:T478N	0.838575	0.599746	0.0465044	-0.0621883	0.155197	1.0476	0.939706	1.16789
523	S:S680F	0.828768	0.592306	0.221537	-0.302378	0.745451	1.24799	0.739059	2.10739
524	ORF1a:T1552N	0.827308	0.5912	0.0607325	-0.083148	0.204613	1.06261	0.920215	1.22705
525	S:K147I	0.804475	0.57394	0.0574616	-0.0825336	0.197457	1.05914	0.92078	1.2183
526	S:V1122A	0.784438	0.558859	0.0420219	-0.0629723	0.147016	1.04292	0.938969	1.15837
527	ORF1a:A1060T	0.781241	0.556458	0.0309786	-0.0467399	0.108697	1.03146	0.954336	1.11482
528	S:T941S	0.771649	0.549264	0.0270608	-0.0416728	0.0957944	1.02743	0.959184	1.10053
529	S:N501T	0.76764	0.546262	0.0162188	-0.0251915	0.0576291	1.01635	0.975123	1.05932
530	ORF1b:M1839I	0.76644	0.545363	0.0522422	-0.0813531	0.185837	1.05363	0.921868	1.20423
531	S:Q414R	0.761152	0.541407	0.0185186	-0.0291668	0.066204	1.01869	0.971254	1.06844
532	S:K187R	0.760701	0.541069	0.158929	-0.250555	0.568413	1.17225	0.778368	1.76546
533	ORF14:Q15R	0.759626	0.540266	0.07198	-0.113741	0.257701	1.07463	0.892489	1.29395
534	ORF1b:Q1393R	0.751327	0.534067	0.0423961	-0.0682013	0.152994	1.04331	0.934072	1.16532
535	ORF1b:A1476S	0.750358	0.533344	0.0619043	-0.0997922	0.223601	1.06386	0.905025	1.25057
536	S:S247N	0.740538	0.526023	0.0337879	-0.0556377	0.123213	1.03437	0.945882	1.13113
537	ORF7a:L30H	0.7397	0.525399	0.0624782	-0.103069	0.228025	1.06447	0.902065	1.25612
538	ORF3a:T229I	0.7335	0.520784	0.0275066	-0.045993	0.101006	1.02789	0.955049	1.10628
539	S:K187E	0.730514	0.518563	0.0659031	-0.110915	0.242721	1.06812	0.895015	1.27471
540	ORF1b:M1596I	0.724731	0.514266	0.0112408	-0.0191588	0.0416403	1.0113	0.981024	1.04252
541	N:T135I	0.721087	0.51156	0.0361934	-0.0621827	0.134569	1.03686	0.939711	1.14404
542	ORF1a:L552F	0.713657	0.50605	0.0475679	-0.083071	0.178207	1.04872	0.920286	1.19507
543	ORF1a:T1597I	0.699607	0.49565	0.0138879	-0.0250193	0.0527951	1.01398	0.975291	1.05421
544	ORF1a:H417Y	0.697204	0.493873	0.0331882	-0.0601096	0.126486	1.03375	0.941661	1.13483
545	ORF1a:T1322I	0.695669	0.492739	0.022891	-0.0416016	0.0873836	1.02315	0.959252	1.09132
546	S:P1263Q	0.689807	0.488411	0.0522747	-0.0962545	0.200804	1.05367	0.908233	1.22239
547	ORF1b:A1844V	0.689476	0.488166	0.0376057	-0.0692955	0.144507	1.03832	0.933051	1.15547
548	ORF1b:L238F	0.677177	0.4791	0.0468768	-0.0887996	0.182553	1.04799	0.915029	1.20028
549	ORF1a:T4129I	0.673992	0.476755	0.0422081	-0.0805327	0.164949	1.04311	0.922625	1.17933
550	S:P174S	0.669314	0.473313	0.0246087	-0.0474533	0.0966706	1.02491	0.953655	1.1015
551	ORF1a:R3163S	0.666991	0.471606	0.00983722	-0.0190696	0.0387441	1.00989	0.981111	1.0395
552	S:A684T	0.664099	0.46948	0.0218404	-0.0426174	0.0862982	1.02208	0.958278	1.09013
553	ORF1a:G98S	0.662507	0.46831	0.0225401	-0.0441426	0.0892228	1.0228	0.956818	1.09332
554	ORF1a:V2703L	0.661871	0.467843	0.0190339	-0.0373302	0.075398	1.01922	0.963358	1.07831
555	ORF3a:T151I	0.660908	0.467136	0.014723	-0.028939	0.058385	1.01483	0.971476	1.06012
556	ORF1a:S1825N	0.647253	0.45712	0.0408693	-0.0828883	0.164627	1.04172	0.920454	1.17895
557	S:C1243F	0.646889	0.456854	0.0601352	-0.122064	0.242334	1.06198	0.885092	1.27422
558	ORF1a:G445S	0.644656	0.455218	0.0200606	-0.0409301	0.0810514	1.02026	0.959896	1.08443
559	S:T478Q	0.64456	0.455148	0.0369282	-0.0753623	0.149219	1.03762	0.927407	1.16093
560	N:H300Y	0.642721	0.453801	0.042988	-0.0881029	0.174079	1.04393	0.915667	1.19015
561	ORF1a:S2285F	0.63963	0.451539	0.0234235	-0.0483512	0.0951983	1.0237	0.952799	1.09988
562	ORF1a:T3117A	0.630907	0.445161	0.00927515	-0.0195389	0.0380892	1.00932	0.980651	1.03882
563	ORF1b:L1061I	0.628624	0.443493	0.0351583	-0.0744604	0.144777	1.03578	0.928244	1.15578
564	ORF1a:M3684T	0.625979	0.441561	0.0251087	-0.0535075	0.103725	1.02543	0.947899	1.1093
565	ORF1a:S391F	0.625903	0.441506	0.0127641	-0.0272056	0.0527338	1.01285	0.973161	1.05415
566	S:M1229I	0.623003	0.439389	0.0431375	-0.0925729	0.178848	1.04408	0.911583	1.19584
567	ORF1a:A3357G	0.622215	0.438814	0.0402638	-0.0865664	0.167094	1.04109	0.917075	1.18187
568	ORF9b:A75V	0.621474	0.438273	0.024176	-0.0520686	0.100421	1.02447	0.949264	1.10564
569	ORF6:D61P	0.62136	0.43819	0.0319763	-0.068887	0.13284	1.03249	0.933432	1.14207
570	ORF1a:N1094K	0.620505	0.437567	0.0611675	-0.13204	0.254375	1.06308	0.876306	1.28965
571	ORF8:P38S	0.616124	0.434372	0.018679	-0.040741	0.078099	1.01885	0.960078	1.08123
572	ORF1a:G400S	0.612515	0.431742	0.0241538	-0.053135	0.101443	1.02445	0.948252	1.10677
573	ORF1a:P2079L	0.611308	0.430863	0.0243105	-0.0536333	0.102254	1.02461	0.94778	1.10767
574	ORF1a:V3683I	0.609342	0.429431	0.0185931	-0.0412122	0.0783985	1.01877	0.959625	1.08155
575	ORF10:N36S	0.60807	0.428505	0.102619	-0.228149	0.433387	1.10807	0.796006	1.54247
576	S:A263V	0.602267	0.424282	0.0358647	-0.0808503	0.15258	1.03652	0.922332	1.16484
577	ORF1a:G2868S	0.592006	0.416825	0.0319056	-0.0737247	0.137536	1.03242	0.928927	1.14744
578	S:K444M	0.59191	0.416755	0.0300511	-0.0694557	0.129558	1.03051	0.932901	1.13832
579	S:G184V	0.58626	0.412654	0.0602143	-0.141092	0.26152	1.06206	0.86841	1.2989
580	ORF9b:T95M	0.586051	0.412503	0.0259462	-0.060827	0.112719	1.02629	0.940986	1.11932
581	N:T282I	0.578576	0.407082	0.0266482	-0.0636242	0.116921	1.02701	0.938358	1.12403
582	ORF1a:S1221L	0.57822	0.406824	0.022591	-0.0539846	0.0991667	1.02285	0.947447	1.10425
583	ORF3a:G49V	0.577052	0.405978	0.0116453	-0.027908	0.0511986	1.01171	0.972478	1.05253
584	ORF1a:I4308V	0.576806	0.4058	0.0184587	-0.0442631	0.0811805	1.01863	0.956702	1.08457
585	S:S494P	0.575871	0.405122	0.0142182	-0.0341732	0.0626097	1.01432	0.966404	1.06461
586	S:E654V	0.574249	0.403948	0.0189572	-0.0457455	0.08366	1.01914	0.955285	1.08726
587	ORF1a:P1220L	0.570636	0.401332	0.0309845	-0.0754379	0.137407	1.03147	0.927337	1.14729
588	S:K304Q	0.569681	0.40064	0.0302823	-0.0739028	0.134467	1.03075	0.928762	1.14393
589	S:L84I	0.569437	0.400464	0.0230373	-0.0562554	0.10233	1.0233	0.945298	1.10775
590	ORF9b:P51L	0.56527	0.397449	0.0312999	-0.0772266	0.139826	1.03179	0.92568	1.15007
591	S:Y449N	0.561749	0.394903	0.0222769	-0.055448	0.100002	1.02253	0.946061	1.10517
592	S:S730F	0.56146	0.394694	0.0337852	-0.0841532	0.151724	1.03436	0.91929	1.16384
593	S:N460H	0.559508	0.393283	0.0254389	-0.063674	0.114552	1.02577	0.938311	1.12137
594	ORF3a:S40L	0.555039	0.390055	0.0201811	-0.0510827	0.0914449	1.02039	0.9502	1.09576
595	ORF3a:E239D	0.553884	0.389221	0.0391296	-0.0993338	0.177593	1.03991	0.90544	1.19434
596	ORF1b:R240M	0.552534	0.388246	0.0059611	-0.0151843	0.0271065	1.00598	0.98493	1.02748
597	S:A348S	0.546935	0.384206	0.0243977	-0.0630323	0.111828	1.0247	0.938913	1.11832
598	S:T51I	0.544872	0.382718	0.0239359	-0.0621642	0.110036	1.02422	0.939729	1.11632
599	ORF1b:R1576K	0.543076	0.381423	0.0304278	-0.0793864	0.140242	1.0309	0.923683	1.15055
600	ORF1a:S2293G	0.540673	0.379691	0.00793188	-0.0208215	0.0366853	1.00796	0.979394	1.03737
601	S:V1122M	0.538012	0.377773	0.0246626	-0.0651828	0.114508	1.02497	0.936896	1.12132
602	S:Q14H	0.532694	0.373944	0.0237672	-0.0636804	0.111215	1.02405	0.938305	1.11763
603	S:A575S	0.529072	0.371337	0.0208955	-0.0565125	0.0983035	1.02112	0.945055	1.1033
604	M:A2V	0.528747	0.371103	0.0148056	-0.040076	0.0696873	1.01492	0.960716	1.07217
605	ORF8:R52K	0.522945	0.366931	0.00649867	-0.0178579	0.0308553	1.00652	0.982301	1.03134
606	ORF1a:L4391F	0.522288	0.366458	0.0238594	-0.0656765	0.113395	1.02415	0.936434	1.12007
607	S:Q173K	0.520639	0.365273	0.0175597	-0.0485444	0.0836638	1.01771	0.952615	1.08726
608	ORF1a:W646L	0.520628	0.365265	0.00577668	-0.0159703	0.0275237	1.00579	0.984157	1.02791
609	ORF1b:A788V	0.516122	0.362028	0.0170083	-0.0475802	0.0815968	1.01715	0.953534	1.08502
610	ORF1a:T708I	0.50898	0.3569	0.0235335	-0.0670886	0.114156	1.02381	0.935112	1.12093
611	ORF1a:M3627I	0.50801	0.356204	0.0278624	-0.0796342	0.135359	1.02825	0.923454	1.14495
612	ORF1a:T3432S	0.506525	0.355139	0.00760363	-0.0218181	0.0370254	1.00763	0.978418	1.03772
613	S:T732I	0.503537	0.352996	0.0297317	-0.0859956	0.145459	1.03018	0.917598	1.15657
614	ORF9b:R47C	0.500373	0.350728	0.0268816	-0.0784139	0.132177	1.02725	0.924582	1.14131
615	ORF1a:A427V	0.498677	0.349512	0.0169482	-0.0496639	0.0835603	1.01709	0.951549	1.08715
616	ORF1a:A2123V	0.497919	0.34897	0.0188733	-0.0554177	0.0931643	1.01905	0.94609	1.09764
617	ORF1b:S763C	0.491843	0.344618	0.0124308	-0.0371051	0.0619666	1.01251	0.963575	1.06393
618	S:F4L	0.491208	0.344163	0.0196652	-0.0588005	0.0981308	1.01986	0.942895	1.10311
619	ORF1a:T4249I	0.489804	0.343158	0.0148263	-0.0445016	0.0741543	1.01494	0.956474	1.07697
620	ORF8:C102F	0.489767	0.343132	0.0276959	-0.0831385	0.13853	1.02808	0.920224	1.14858
621	ORF1a:G295C	0.488873	0.342491	0.0215371	-0.0648084	0.107883	1.02177	0.937247	1.11392
622	ORF1a:L122F	0.48571	0.340229	0.0318349	-0.096627	0.160297	1.03235	0.907895	1.17386
623	ORF10:R24C	0.485438	0.340034	0.0140635	-0.0427179	0.0708448	1.01416	0.958182	1.07341
624	S:S254F	0.482527	0.337952	0.0330767	-0.101276	0.16743	1.03363	0.903683	1.18226
625	S:L176F	0.480755	0.336685	0.0335223	-0.103143	0.170187	1.03409	0.901998	1.18553
626	ORF1b:A1291V	0.480396	0.336428	0.00997665	-0.030727	0.0506803	1.01003	0.96974	1.05199
627	S:Y248D	0.47957	0.335838	0.0296756	-0.0916063	0.150958	1.03012	0.912464	1.16295
628	ORF1b:P1165L	0.478033	0.334739	0.0140316	-0.0434987	0.0715618	1.01413	0.957434	1.07418
629	ORF1a:I659L	0.4748	0.33243	0.0128878	-0.0403128	0.0660884	1.01297	0.960489	1.06832
630	S:A522P	0.474001	0.331859	0.0198967	-0.0623749	0.102168	1.0201	0.939531	1.10757
631	N:R385K	0.472846	0.331034	0.00925911	-0.0291202	0.0476385	1.0093	0.9713	1.04879
632	S:L242I	0.470389	0.329279	0.0276501	-0.0875591	0.142859	1.02804	0.916165	1.15357
633	S:K964E	0.469834	0.328883	0.025906	-0.0821636	0.133976	1.02624	0.921121	1.14336
634	ORF14:S4L	0.468676	0.328057	0.0107233	-0.0341207	0.0555674	1.01078	0.966455	1.05714
635	ORF1a:L3711I	0.467287	0.327065	0.0199296	-0.063662	0.103521	1.02013	0.938322	1.10907
636	ORF1a:S1133G	0.467235	0.327028	0.0140045	-0.0447418	0.0727509	1.0141	0.956244	1.07546
637	ORF1a:P3504L	0.464757	0.32526	0.0242875	-0.0781373	0.126712	1.02458	0.924837	1.13509
638	N:H300N	0.464752	0.325256	0.0307911	-0.0990619	0.160644	1.03127	0.905687	1.17427
639	S:E96Q	0.461846	0.323183	0.0246467	-0.0799479	0.129241	1.02495	0.923164	1.13796
640	ORF1b:V1852I	0.459272	0.321348	0.0244578	-0.0799167	0.128832	1.02476	0.923193	1.1375
641	ORF1b:Q348H	0.458178	0.320567	0.00579755	-0.0190029	0.030598	1.00581	0.981177	1.03107
642	ORF7a:T14I	0.455406	0.318592	0.00866088	-0.0286135	0.0459353	1.0087	0.971792	1.04701
643	S:I68T	0.455114	0.318384	0.0140621	-0.0464969	0.0746211	1.01416	0.954568	1.07748
644	S:Q52R	0.454882	0.318218	0.0082329	-0.0272404	0.0437062	1.00827	0.973127	1.04468
645	ORF3a:L52I	0.453757	0.317417	0.0132601	-0.0440159	0.0705362	1.01335	0.956939	1.07308
646	N:N213Y	0.453135	0.316974	0.00758504	-0.0252228	0.0403929	1.00761	0.975093	1.04122
647	ORF1b:D1903N	0.45291	0.316813	0.0291662	-0.0970503	0.155383	1.0296	0.90751	1.16811
648	S:S71F	0.449928	0.314689	0.0300513	-0.100857	0.16096	1.03051	0.904062	1.17464
649	ORF1a:S2030L	0.448479	0.313658	0.0312397	-0.105285	0.167765	1.03173	0.900068	1.18266
650	ORF6:D61I	0.446898	0.312532	0.0198547	-0.0672221	0.106932	1.02005	0.934987	1.11286
651	ORF1b:V1116I	0.445379	0.31145	0.00865175	-0.0294217	0.0467252	1.00869	0.971007	1.04783
652	N:A119T	0.444027	0.310488	0.0208137	-0.0710591	0.112686	1.02103	0.931407	1.11928
653	ORF1a:R550H	0.44358	0.31017	0.0148863	-0.0508889	0.0806614	1.015	0.950384	1.084
654	ORF7b:C41W	0.442501	0.309402	0.0222476	-0.0762935	0.120789	1.0225	0.926544	1.12839
655	ORF1a:Q2486P	0.442489	0.309394	0.0264839	-0.0908239	0.143792	1.02684	0.913179	1.15464
656	S:G446R	0.442347	0.309292	0.0204087	-0.0700187	0.110836	1.02062	0.932376	1.11721
657	N:I292V	0.442182	0.309175	0.0216547	-0.0743293	0.117639	1.02189	0.928366	1.12484
658	ORF9b:T83I	0.441192	0.308471	0.0105918	-0.0364613	0.0576448	1.01065	0.964195	1.05934
659	N:T24I	0.440699	0.30812	0.0161141	-0.0555518	0.0877801	1.01624	0.945963	1.09175
660	ORF7a:P45L	0.43734	0.305731	0.0127212	-0.0442896	0.0697321	1.0128	0.956677	1.07222
661	S:E654K	0.437258	0.305672	0.0143879	-0.0501045	0.0788804	1.01449	0.95113	1.08207
662	ORF8:V62L	0.437148	0.305594	0.0102057	-0.035552	0.0559635	1.01026	0.965073	1.05756
663	ORF7a:A105V	0.436379	0.305047	0.0295232	-0.103078	0.162125	1.02996	0.902056	1.17601
664	ORF1a:L631F	0.435378	0.304335	0.0267415	-0.0936423	0.147125	1.0271	0.910608	1.1585
665	ORF1b:P1570S	0.43536	0.304323	0.0132449	-0.0463828	0.0728726	1.01333	0.954676	1.07559
666	ORF1a:E974A	0.43248	0.302275	0.0258056	-0.0911434	0.142755	1.02614	0.912887	1.15345
667	ORF1a:R287G	0.432418	0.302231	0.058918	-0.208132	0.325968	1.06069	0.8121	1.38537
668	ORF1a:F678L	0.432166	0.302053	0.0271606	-0.0960183	0.150339	1.02753	0.908447	1.16223
669	N:R203G	0.427276	0.298578	0.0200887	-0.0720604	0.112238	1.02029	0.930475	1.11878
670	ORF1b:K2579R	0.422184	0.294962	0.0225329	-0.0820748	0.127141	1.02279	0.921203	1.13558
671	ORF1a:K4348R	0.420143	0.293513	0.0183244	-0.0671587	0.103807	1.01849	0.935047	1.10939
672	S:T240I	0.415402	0.29015	0.0228396	-0.0849229	0.130602	1.0231	0.918583	1.13951
673	ORF8:Q72H	0.414745	0.289683	0.0243709	-0.0907987	0.13954	1.02467	0.913202	1.14975
674	ORF7a:Q76STOP	0.412123	0.287824	0.0234357	-0.0880191	0.13489	1.02371	0.915743	1.14441
675	ORF1b:I539V	0.405694	0.283267	0.0166642	-0.0638429	0.0971714	1.0168	0.938152	1.10205
676	ORF1a:T4311I	0.404147	0.28217	0.0121026	-0.0465905	0.0707957	1.01218	0.954478	1.07336
677	ORF1b:V1787I	0.40334	0.281599	0.0171068	-0.066021	0.100235	1.01725	0.936111	1.10543
678	ORF1b:P1645S	0.400751	0.279765	0.019495	-0.0758497	0.11484	1.01969	0.926955	1.12169
679	N:D3Y	0.399915	0.279172	0.0115319	-0.0449853	0.068049	1.0116	0.956012	1.07042
680	S:F490L	0.399497	0.278877	0.0213377	-0.0833469	0.126022	1.02157	0.920032	1.13431
681	S:Q183P	0.398626	0.27826	0.035595	-0.139418	0.210608	1.03624	0.869864	1.23443
682	ORF1a:A1812T	0.396833	0.27699	0.0222617	-0.0876893	0.132213	1.02251	0.916045	1.14135
683	ORF9b:Q18H	0.395057	0.275733	0.0120846	-0.04787	0.0720393	1.01216	0.953258	1.0747
684	ORF1a:V3653F	0.394835	0.275577	0.0102354	-0.0405732	0.061044	1.01029	0.960239	1.06295
685	N:Q241K	0.394684	0.275469	0.0269026	-0.106693	0.160499	1.02727	0.898801	1.1741
686	ORF1a:S2517F	0.394021	0.275	0.013179	-0.0523768	0.0787349	1.01327	0.948971	1.08192
687	ORF14:G22E	0.393687	0.274764	0.0126945	-0.0505049	0.0758939	1.01278	0.950749	1.07885
688	ORF1a:I114T	0.392585	0.273984	0.0137251	-0.054797	0.0822472	1.01382	0.946677	1.08572
689	S:D745A	0.390828	0.27274	0.0132594	-0.0532354	0.0797544	1.01335	0.948157	1.08302
690	ORF7b:E3STOP	0.388927	0.271396	0.0106298	-0.0429383	0.064198	1.01069	0.95797	1.0663
691	ORF1b:S1779C	0.388414	0.271033	0.0159143	-0.0643902	0.0962187	1.01604	0.937639	1.101
692	ORF1a:T1429I	0.387536	0.270412	0.0203381	-0.0825218	0.123198	1.02055	0.920791	1.13111
693	ORF1b:T1774I	0.386912	0.269971	0.00930239	-0.0378204	0.0564252	1.00935	0.962886	1.05805
694	N:S23P	0.386482	0.269667	0.0135313	-0.0550898	0.0821523	1.01362	0.9464	1.08562
695	ORF9b:Q77K	0.385885	0.269244	0.0243719	-0.0994163	0.14816	1.02467	0.905366	1.1597
696	N:D22Y	0.385798	0.269183	0.0110016	-0.0448898	0.0668931	1.01106	0.956103	1.06918
697	ORF1a:P3447L	0.382123	0.266585	0.0164313	-0.0678471	0.10071	1.01657	0.934403	1.10596
698	S:N148S	0.380995	0.265787	0.013448	-0.0557331	0.0826293	1.01354	0.945791	1.08614
699	ORF7a:V71L	0.380388	0.265358	0.0107187	-0.0445099	0.0659474	1.01078	0.956466	1.06817
700	ORF1a:F1214I	0.379675	0.264855	0.0251166	-0.104541	0.154774	1.02543	0.900738	1.16739
701	N:A50V	0.379455	0.264699	0.0229719	-0.0956828	0.141627	1.02324	0.908752	1.15215
702	ORF3a:T221K	0.379125	0.264466	0.00617513	-0.0257485	0.0380987	1.00619	0.97458	1.03883
703	S:A653V	0.378555	0.264063	0.0183365	-0.0766007	0.113274	1.01851	0.92626	1.11994
704	ORF1a:V2019I	0.37837	0.263933	0.0171849	-0.0718332	0.106203	1.01733	0.930686	1.11205
705	ORF1a:T1589I	0.376194	0.262395	0.016301	-0.0686268	0.101229	1.01643	0.933675	1.10653
706	S:L518V	0.375415	0.261845	0.0204395	-0.0862709	0.12715	1.02065	0.917346	1.13559
707	S:F65Y	0.375189	0.261685	0.0333683	-0.140946	0.207682	1.03393	0.868537	1.23082
708	ORF1a:R1170H	0.374911	0.261489	0.0189684	-0.080195	0.118132	1.01915	0.922936	1.12539
709	S:T1117K	0.374354	0.261095	0.0182093	-0.0771273	0.113546	1.01838	0.925772	1.12024
710	ORF1a:S3384L	0.373531	0.260514	0.0121152	-0.0514548	0.0756852	1.01219	0.949847	1.07862
711	S:G257V	0.372972	0.260119	0.0202565	-0.0861913	0.126704	1.02046	0.917419	1.13508
712	ORF1a:T1794I	0.372941	0.260098	0.0112132	-0.047717	0.0701434	1.01128	0.953404	1.07266
713	ORF3a:M5T	0.372562	0.25983	0.0208123	-0.0886765	0.130301	1.02103	0.915142	1.13917
714	S:A899S	0.372352	0.259681	0.0131382	-0.0560179	0.0822943	1.01322	0.945522	1.08578
715	S:K97E	0.371717	0.259233	0.0227711	-0.0972946	0.142837	1.02303	0.907289	1.15354
716	ORF1a:P2018S	0.370838	0.258612	0.00731091	-0.0313289	0.0459507	1.00734	0.969157	1.04702
717	ORF1a:L293F	0.366705	0.255695	0.0141617	-0.0615299	0.0898533	1.01426	0.940325	1.09401
718	S:G446N	0.364622	0.254225	0.0158879	-0.0695149	0.101291	1.01601	0.932846	1.1066
719	ORF6:N28D	0.359896	0.250891	0.0128945	-0.0573278	0.0831168	1.01298	0.944284	1.08667
720	ORF1b:M2322I	0.357408	0.249136	0.00733887	-0.0329063	0.047584	1.00737	0.967629	1.04873
721	ORF1a:T2791I	0.356832	0.24873	0.0160778	-0.0722324	0.104388	1.01621	0.930315	1.11003
722	ORF9b:T60I	0.356714	0.248647	0.0116407	-0.0523192	0.0756007	1.01171	0.949026	1.07853
723	ORF1a:G2499S	0.356656	0.248606	0.0126989	-0.0570864	0.0824841	1.01278	0.944512	1.08598
724	S:P9L	0.356505	0.2485	0.0210145	-0.0945174	0.136546	1.02124	0.909812	1.14631
725	M:E11Q	0.355009	0.247445	0.0214149	-0.0968144	0.139644	1.02165	0.907724	1.14986
726	ORF1a:G400V	0.354272	0.246925	0.00911926	-0.0413319	0.0595704	1.00916	0.959511	1.06138
727	S:N556K	0.35422	0.246889	0.0128584	-0.0582893	0.084006	1.01294	0.943377	1.08764
728	S:K182I	0.352751	0.245854	0.0186696	-0.0850629	0.122402	1.01884	0.918454	1.13021
729	S:S371Y	0.351382	0.244888	0.0197469	-0.0903987	0.129892	1.01994	0.913567	1.13871
730	ORF14:A48T	0.351362	0.244875	0.0145996	-0.0668395	0.0960387	1.01471	0.935345	1.1008
731	ORF1a:L864F	0.351178	0.244745	0.022481	-0.102988	0.14795	1.02274	0.902138	1.15945
732	ORF1a:A1204S	0.350327	0.244145	0.0135848	-0.0624177	0.0895874	1.01368	0.93949	1.09372
733	S:L441F	0.350052	0.243951	0.0130066	-0.0598185	0.0858318	1.01309	0.941935	1.08962
734	ORF9b:V30L	0.345954	0.241064	0.00421756	-0.0196765	0.0281117	1.00423	0.980516	1.02851
735	ORF1a:P2144S	0.344798	0.24025	0.0110738	-0.0518738	0.0740213	1.01114	0.949449	1.07683
736	ORF1a:P1207S	0.343058	0.239025	0.0093057	-0.0438598	0.0624712	1.00935	0.957088	1.06446
737	S:T208M	0.34266	0.238744	0.0120689	-0.0569635	0.0811013	1.01214	0.944629	1.08448
738	S:S151I	0.342504	0.238635	0.0135809	-0.0641349	0.0912966	1.01367	0.937878	1.09559
739	ORF3a:I35T	0.342345	0.238523	0.0123292	-0.0582569	0.0829154	1.01241	0.943408	1.08645
740	ORF3a:M260K	0.340707	0.23737	0.0112751	-0.0535865	0.0761367	1.01134	0.947824	1.07911
741	ORF1a:A2345V	0.339816	0.236742	0.00618914	-0.0295081	0.0418864	1.00621	0.970923	1.04278
742	ORF1a:G1073V	0.339594	0.236586	0.0203413	-0.0970583	0.137741	1.02055	0.907503	1.14768
743	S:D745G	0.339508	0.236525	0.0183867	-0.0877588	0.124532	1.01856	0.915982	1.13262
744	S:E471Q	0.338635	0.235911	0.0167557	-0.0802236	0.113735	1.0169	0.92291	1.12046
745	N:P80Q	0.337933	0.235417	0.0211248	-0.101396	0.143646	1.02135	0.903575	1.15448
746	ORF1a:M3712V	0.337019	0.234773	0.0177195	-0.0853299	0.120769	1.01788	0.918209	1.12836
747	ORF7a:H47Y	0.336908	0.234695	0.00798265	-0.0384565	0.0544218	1.00801	0.962274	1.05593
748	S:K1073N	0.336366	0.234314	0.0043781	-0.0211325	0.0298888	1.00439	0.979089	1.03034
749	ORF3a:A54S	0.333327	0.232175	0.00686524	-0.0335025	0.047233	1.00689	0.967053	1.04837
750	ORF1b:P2256S	0.333299	0.232156	0.013048	-0.0636808	0.0897769	1.01313	0.938304	1.09393
751	ORF1a:V3751F	0.333012	0.231954	0.0189805	-0.0927305	0.130692	1.01916	0.911439	1.13962
752	N:E378Q	0.332828	0.231825	0.0156707	-0.0766113	0.107953	1.01579	0.92625	1.114
753	ORF1a:C655R	0.332767	0.231781	0.0161614	-0.0790277	0.111351	1.01629	0.924014	1.11779
754	S:E554Q	0.328447	0.228743	0.0168576	-0.083738	0.117453	1.017	0.919672	1.12463
755	ORF9b:R47P	0.325521	0.226685	0.0209124	-0.105001	0.146826	1.02113	0.900323	1.15815
756	ORF1a:E637K	0.325278	0.226515	0.0128023	-0.0643379	0.0899425	1.01288	0.937688	1.09411
757	S:E281D	0.324243	0.225787	0.0178063	-0.0898279	0.125441	1.01797	0.914088	1.13365
758	ORF1a:A516G	0.323641	0.225364	0.00943	-0.047678	0.066538	1.00947	0.953441	1.0688
759	S:D936H	0.323064	0.224958	0.00933265	-0.0472866	0.0659519	1.00938	0.953814	1.06818
760	ORF1b:T239I	0.322979	0.224899	0.0154111	-0.0781096	0.108932	1.01553	0.924863	1.11509
761	ORF9b:R13L	0.322123	0.224297	0.0161526	-0.0821285	0.114434	1.01628	0.921154	1.12124
762	ORF1b:V1228L	0.321996	0.224208	0.0076572	-0.0389515	0.0542659	1.00769	0.961797	1.05577
763	ORF1a:M2796I	0.321205	0.223652	0.00701883	-0.0358094	0.0498471	1.00704	0.964824	1.05111
764	S:P85S	0.321019	0.223521	0.0119187	-0.0608506	0.0846881	1.01199	0.940964	1.08838
765	ORF8:C90STOP	0.32042	0.2231	0.01796	-0.091899	0.127819	1.01812	0.912197	1.13635
766	ORF1a:H1500Y	0.317478	0.221033	0.0130586	-0.0675595	0.0936768	1.01314	0.934672	1.0982
767	ORF1a:T346I	0.315095	0.219359	0.0126431	-0.0659996	0.0912858	1.01272	0.936131	1.09558
768	S:K529N	0.314022	0.218605	0.0145263	-0.0761394	0.105192	1.01463	0.926687	1.11092
769	S:L455W	0.313376	0.218151	0.0120535	-0.0633333	0.0874403	1.01213	0.938631	1.09138
770	ORF3a:M260V	0.313213	0.218037	0.0187898	-0.0987893	0.136369	1.01897	0.905934	1.1461
771	ORF1a:A3623S	0.312162	0.217299	0.00605777	-0.031977	0.0440926	1.00608	0.968529	1.04508
772	ORF1b:A914T	0.310794	0.216338	0.0174743	-0.0927241	0.127673	1.01763	0.911445	1.13618
773	ORF1b:A975V	0.310518	0.216144	0.0172582	-0.0916744	0.126191	1.01741	0.912402	1.1345
774	S:H245Y	0.310189	0.215913	0.00641022	-0.0340935	0.046914	1.00643	0.966481	1.04803
775	ORF1b:N2328S	0.309541	0.215459	0.00939837	-0.0501105	0.0689073	1.00944	0.951124	1.07134
776	ORF1a:G989C	0.307621	0.21411	0.0169448	-0.0910164	0.124906	1.01709	0.913003	1.13304
777	N:G18C	0.307619	0.214109	0.011177	-0.0600361	0.0823901	1.01124	0.94173	1.08588
778	ORF1b:R2257S	0.306755	0.213502	0.00816387	-0.043998	0.0603257	1.0082	0.956956	1.06218
779	ORF3a:A23S	0.305564	0.212667	0.00929636	-0.0503328	0.0689255	1.00934	0.950913	1.07136
780	S:V445S	0.300232	0.208925	0.0165874	-0.091698	0.124873	1.01673	0.912381	1.133
781	ORF8:V81I	0.299295	0.208268	0.0173243	-0.0961255	0.130774	1.01748	0.90835	1.13971
782	E:S55F	0.29895	0.208026	0.0144244	-0.0801444	0.108993	1.01453	0.922983	1.11515
783	S:R78S	0.298787	0.207911	0.0135917	-0.0755661	0.102749	1.01368	0.927218	1.10821
784	S:E1202Q	0.297861	0.207262	0.0103694	-0.0578626	0.0786013	1.01042	0.94378	1.08177
785	ORF1a:A1679V	0.297536	0.207034	0.0120746	-0.0674647	0.091614	1.01215	0.934761	1.09594
786	ORF1a:A656V	0.295962	0.20593	0.00693377	-0.0389841	0.0528516	1.00696	0.961766	1.05427
787	ORF1a:H388Y	0.294303	0.204767	0.00664177	-0.0375903	0.0508738	1.00666	0.963107	1.05219
788	ORF1a:P2260H	0.293706	0.204348	0.0140693	-0.0798181	0.107957	1.01417	0.923284	1.114
789	S:K1045R	0.293585	0.204263	0.0108116	-0.061366	0.0829892	1.01087	0.940479	1.08653
790	S:T470N	0.292476	0.203485	0.0112753	-0.064284	0.0868347	1.01134	0.937739	1.09072
791	N:S413L	0.291863	0.203055	0.012411	-0.0709332	0.0957552	1.01249	0.931524	1.10049
792	ORF1a:G3617C	0.291572	0.202851	0.0167137	-0.0956367	0.129064	1.01685	0.908794	1.13776
793	S:L513F	0.289932	0.201702	0.0131346	-0.0756566	0.101926	1.01322	0.927135	1.1073
794	S:G184D	0.289829	0.201629	0.0148077	-0.0853292	0.114945	1.01492	0.91821	1.12181
795	ORF1a:A2621V	0.289297	0.201257	0.0125048	-0.0722143	0.0972239	1.01258	0.930332	1.10211
796	ORF1b:V980I	0.287689	0.20013	0.00982724	-0.0571236	0.0767781	1.00988	0.944477	1.0798
797	S:V62I	0.287672	0.200117	0.0186159	-0.108218	0.14545	1.01879	0.897432	1.15656
798	S:S256T	0.286898	0.199575	0.0131772	-0.0768438	0.103198	1.01326	0.926034	1.10871
799	ORF1a:D1639N	0.285273	0.198436	0.00626845	-0.0367989	0.0493358	1.00629	0.96387	1.05057
800	ORF1a:I114V	0.285159	0.198357	0.0127676	-0.0749868	0.100522	1.01285	0.927756	1.10575
801	E:V62F	0.284336	0.19778	0.0062619	-0.0369021	0.049426	1.00628	0.96377	1.05067
802	ORF1a:E2063D	0.283553	0.197231	0.0120648	-0.0713291	0.0954587	1.01214	0.931155	1.10016
803	ORF1a:A4005T	0.283351	0.197089	0.0170627	-0.100962	0.135087	1.01721	0.903968	1.14464
804	ORF6:Y49H	0.282383	0.196412	0.0100336	-0.0596078	0.0796751	1.01008	0.942134	1.08294
805	ORF8:P30S	0.281888	0.196065	0.0175879	-0.1047	0.139876	1.01774	0.900594	1.15013
806	ORF1a:E726A	0.281138	0.195539	0.0175891	-0.105034	0.140212	1.01774	0.900294	1.15052
807	ORF1a:M598T	0.280819	0.195316	0.016601	-0.0992645	0.132466	1.01674	0.905503	1.14164
808	N:P279S	0.280426	0.19504	0.0124135	-0.0743475	0.0991745	1.01249	0.928349	1.10426
809	ORF7a:Q62H	0.279525	0.194409	0.0169911	-0.102147	0.136129	1.01714	0.902897	1.14583
810	N:P365S	0.279291	0.194246	0.00607503	-0.0365573	0.0487074	1.00609	0.964103	1.04991
811	ORF7b:S31L	0.279279	0.194237	0.00790046	-0.0475445	0.0633454	1.00793	0.953568	1.06539
812	S:Q1201K	0.278987	0.194032	0.0101861	-0.0613743	0.0817465	1.01024	0.940471	1.08518
813	ORF6:I60T	0.278876	0.193955	0.0111533	-0.0672331	0.0895397	1.01122	0.934977	1.09367
814	ORF1b:V2073L	0.27885	0.193937	0.0160362	-0.0966779	0.12875	1.01617	0.907848	1.13741
815	ORF1a:S994G	0.278816	0.193913	0.0120128	-0.072432	0.0964576	1.01209	0.930129	1.10126
816	S:W258R	0.27775	0.193166	0.00875154	-0.0530044	0.0705075	1.00879	0.948376	1.07305
817	ORF8:S97G	0.277566	0.193038	0.0129794	-0.0786713	0.10463	1.01306	0.924344	1.1103
818	ORF1a:I1714V	0.277547	0.193024	0.0172444	-0.104531	0.13902	1.01739	0.900747	1.14915
819	ORF1a:P1497S	0.276699	0.19243	0.0170867	-0.103945	0.138118	1.01723	0.901275	1.14811
820	ORF1a:L747F	0.276323	0.192167	0.0156797	-0.0955364	0.126896	1.0158	0.908885	1.1353
821	S:G181V	0.275168	0.191358	0.0105232	-0.0644315	0.085478	1.01058	0.9376	1.08924
822	ORF1a:V274L	0.274797	0.191098	0.0186757	-0.114527	0.151878	1.01885	0.891788	1.16402
823	ORF3a:L52F	0.274509	0.190896	0.00713304	-0.0437962	0.0580623	1.00716	0.957149	1.05978
824	ORF1b:A1521V	0.273795	0.190397	0.0110436	-0.0680119	0.0900991	1.0111	0.934249	1.09428
825	ORF1a:G2265D	0.273714	0.19034	0.0164874	-0.101573	0.134548	1.01662	0.903415	1.14402
826	ORF1b:Q1441H	0.27337	0.190099	0.0108327	-0.0668341	0.0884996	1.01089	0.93535	1.09253
827	ORF1a:E750G	0.273045	0.189872	0.0162515	-0.100405	0.132908	1.01638	0.904471	1.14214
828	N:S201N	0.272731	0.189652	0.0112133	-0.0693705	0.0917972	1.01128	0.932981	1.09614
829	S:E748V	0.270523	0.188107	0.0143963	-0.0899061	0.118699	1.0145	0.914017	1.12603
830	ORF3a:L108V	0.269985	0.18773	0.0176905	-0.110735	0.146116	1.01785	0.895176	1.15733
831	ORF1b:T284I	0.269527	0.187409	0.0164736	-0.10332	0.136268	1.01661	0.901838	1.14599
832	ORF1a:A1061T	0.268955	0.187009	0.0156332	-0.0982913	0.129558	1.01576	0.906385	1.13832
833	ORF1a:V2865I	0.266988	0.185632	0.00962025	-0.0610021	0.0802426	1.00967	0.940821	1.08355
834	ORF1a:T3224A	0.266387	0.185212	0.0103643	-0.0658918	0.0866204	1.01042	0.936232	1.09048
835	ORF1b:G2510C	0.266208	0.185087	0.00685997	-0.0436467	0.0573667	1.00688	0.957292	1.05904
836	ORF1a:S3675T	0.266156	0.18505	0.00615315	-0.0391584	0.0514647	1.00617	0.961598	1.05281
837	ORF3a:R30H	0.265475	0.184574	0.0107605	-0.0686827	0.0902038	1.01082	0.933623	1.0944
838	ORF1a:G963D	0.264506	0.183895	0.0131162	-0.0840734	0.110306	1.0132	0.919364	1.11662
839	ORF1b:T1621I	0.264066	0.183588	0.00695678	-0.0446782	0.0585917	1.00698	0.956305	1.06034
840	ORF8:C90F	0.263937	0.183497	0.0145063	-0.0932157	0.122228	1.01461	0.910997	1.13001
841	ORF8:T87I	0.262265	0.182328	0.01682	-0.108879	0.142519	1.01696	0.896839	1.15318
842	ORF1b:G376S	0.261998	0.182141	0.0105457	-0.0683452	0.0894367	1.0106	0.933938	1.09356
843	S:G35R	0.260455	0.181061	0.0143828	-0.0938501	0.122616	1.01449	0.910419	1.13045
844	ORF7a:T39R	0.260422	0.181039	0.00844817	-0.0551336	0.0720299	1.00848	0.946359	1.07469
845	ORF7a:R80I	0.259716	0.180545	0.00400131	-0.0261948	0.0341974	1.00401	0.974145	1.03479
846	ORF9b:D33N	0.259533	0.180417	0.0128577	-0.0842423	0.109958	1.01294	0.919208	1.11623
847	ORF1b:S997P	0.25861	0.179771	0.0174896	-0.115061	0.15004	1.01764	0.891312	1.16188
848	ORF1b:L2349V	0.258368	0.179602	0.0102897	-0.0677674	0.0883469	1.01034	0.934478	1.09237
849	S:T299I	0.258085	0.179404	0.013558	-0.0894051	0.116521	1.01365	0.914475	1.12358
850	ORF3a:I47V	0.25775	0.17917	0.0118326	-0.0781441	0.101809	1.0119	0.924831	1.10717
851	ORF1a:S2083I	0.257311	0.178863	0.014734	-0.0974967	0.126965	1.01484	0.907105	1.13538
852	N:S412R	0.256909	0.178581	0.00929295	-0.0616033	0.0801892	1.00934	0.940256	1.08349
853	ORF1a:L1375F	0.256894	0.178571	0.0153635	-0.101852	0.132579	1.01548	0.903163	1.14177
854	ORF1a:V2157I	0.255681	0.177723	0.0164783	-0.109839	0.142796	1.01661	0.895979	1.15349
855	N:M322I	0.255092	0.177311	0.0081074	-0.0541847	0.0703996	1.00814	0.947257	1.07294
856	S:N460S	0.254946	0.177209	0.0162705	-0.108813	0.141354	1.0164	0.896898	1.15183
857	ORF1a:T1055I	0.254829	0.177127	0.0142933	-0.095641	0.124228	1.0144	0.90879	1.13227
858	S:F186S	0.254406	0.176832	0.00515682	-0.0345717	0.0448853	1.00517	0.966019	1.04591
859	ORF3a:Y184H	0.254341	0.176786	0.0140008	-0.09389	0.121892	1.0141	0.910383	1.12963
860	ORF3a:W193L	0.25399	0.17654	0.00617167	-0.0414533	0.0537967	1.00619	0.959394	1.05527
861	S:N532K	0.253441	0.176157	0.0119436	-0.0804213	0.104309	1.01202	0.922728	1.10994
862	ORF1b:P223S	0.252936	0.175804	0.0098354	-0.0663776	0.0860484	1.00988	0.935777	1.08986
863	ORF1a:S279F	0.252633	0.175592	0.00812637	-0.0549191	0.0711719	1.00816	0.946562	1.07377
864	ORF1a:T2068P	0.252342	0.175389	0.0153578	-0.103928	0.134643	1.01548	0.901291	1.14413
865	S:D1139H	0.250355	0.173999	0.00571764	-0.0390443	0.0504796	1.00573	0.961708	1.05178
866	N:R195I	0.250122	0.173837	0.0143357	-0.097999	0.12667	1.01444	0.90665	1.13504
867	N:V270I	0.249758	0.173583	0.00923635	-0.0632454	0.0817181	1.00928	0.938713	1.08515
868	N:A152T	0.249605	0.173475	0.00767606	-0.0525984	0.0679505	1.00771	0.948761	1.07031
869	ORF3a:N82S	0.249446	0.173364	0.0113429	-0.0777812	0.100467	1.01141	0.925167	1.10569
870	ORF10:R24L	0.24788	0.17227	0.00544909	-0.0376364	0.0485346	1.00546	0.963063	1.04973
871	ORF1b:F2314L	0.247689	0.172136	0.0094775	-0.065518	0.0844731	1.00952	0.936582	1.08814
872	ORF1a:D1933A	0.247261	0.171837	0.00901035	-0.062412	0.0804327	1.00905	0.939496	1.08376
873	S:N481S	0.246398	0.171234	0.0131231	-0.0912638	0.11751	1.01321	0.912777	1.12469
874	S:K150N	0.246213	0.171105	0.0123455	-0.0859299	0.110621	1.01242	0.917659	1.11697
875	ORF1a:V4350I	0.244932	0.17021	0.0104582	-0.0732292	0.0941456	1.01051	0.929388	1.09872
876	ORF1b:I2273S	0.244552	0.169944	0.0118904	-0.0834049	0.107186	1.01196	0.919979	1.11314
877	ORF3a:P274S	0.244379	0.169824	0.0130195	-0.0913992	0.117438	1.0131	0.912653	1.12461
878	ORF1a:P748L	0.243609	0.169285	0.0135028	-0.0951345	0.12214	1.01359	0.909251	1.12991
879	ORF7a:A105S	0.241865	0.168067	0.00828303	-0.0588387	0.0754048	1.00832	0.942859	1.07832
880	ORF1b:Y1176H	0.241452	0.167778	0.0137636	-0.0979615	0.125489	1.01386	0.906684	1.1337
881	ORF1b:Y280H	0.240152	0.166871	0.0121658	-0.0871233	0.111455	1.01224	0.916564	1.1179
882	S:H146L	0.239321	0.16629	0.014135	-0.101626	0.129896	1.01424	0.903367	1.13871
883	ORF9b:G31E	0.239218	0.166218	0.00746469	-0.053695	0.0686244	1.00749	0.947721	1.07103
884	S:A475S	0.23804	0.165395	0.0141114	-0.102078	0.130301	1.01421	0.902959	1.13917
885	ORF14:H34R	0.237221	0.164824	0.0141162	-0.102514	0.130747	1.01422	0.902565	1.13968
886	ORF1b:T984I	0.236355	0.164218	0.0161714	-0.117929	0.150272	1.0163	0.888759	1.16215
887	ORF1a:T1395I	0.236338	0.164207	0.012336	-0.0899669	0.114639	1.01241	0.913961	1.12147
888	ORF1b:L1504F	0.235187	0.163403	0.0143207	-0.105023	0.133664	1.01442	0.900304	1.14301
889	ORF1a:L27I	0.235028	0.163292	0.0130655	-0.0958915	0.122023	1.01315	0.908563	1.12978
890	ORF9b:R32C	0.23437	0.162832	0.0117239	-0.0863196	0.109767	1.01179	0.917301	1.11602
891	ORF1b:I235T	0.23423	0.162735	0.00977635	-0.0720291	0.0915818	1.00982	0.930504	1.09591
892	ORF1a:T2174A	0.233433	0.162179	0.0143704	-0.106287	0.135027	1.01447	0.899167	1.14457
893	ORF3a:R122I	0.233237	0.162041	0.00695571	-0.0514953	0.0654068	1.00698	0.949808	1.06759
894	ORF3a:G18V	0.232088	0.161239	0.0115896	-0.0862838	0.109463	1.01166	0.917334	1.11568
895	ORF1a:I1568F	0.231822	0.161054	0.0085529	-0.0637586	0.0808644	1.00859	0.938231	1.08422
896	ORF1a:L1683I	0.231594	0.160894	0.0105895	-0.0790288	0.100208	1.01065	0.924013	1.1054
897	ORF1b:S1893F	0.231293	0.160685	0.00975857	-0.0729348	0.092452	1.00981	0.929661	1.09686
898	ORF1a:K2200R	0.230653	0.160237	0.00971235	-0.072818	0.0922427	1.00976	0.92977	1.09663
899	ORF1a:N1540S	0.230277	0.159975	0.0103387	-0.0776576	0.0983351	1.01039	0.925281	1.10333
900	ORF1a:S1272G	0.230197	0.159919	0.00921116	-0.0692155	0.0876378	1.00925	0.933126	1.09159
901	ORF1a:T283A	0.230194	0.159917	0.00681319	-0.0511971	0.0648235	1.00684	0.950091	1.06697
902	ORF1b:Q866R	0.22969	0.159565	0.00590294	-0.0444674	0.0562733	1.00592	0.956507	1.05789
903	ORF1a:T2106N	0.229662	0.159546	0.00748278	-0.0563761	0.0713417	1.00751	0.945184	1.07395
904	ORF7a:F6L	0.228819	0.158957	0.00484135	-0.0366276	0.0463103	1.00485	0.964035	1.0474
905	ORF1a:P926H	0.228335	0.158619	0.0127166	-0.0964395	0.121873	1.0128	0.908065	1.12961
906	S:K278N	0.227266	0.157874	0.00948695	-0.0723293	0.0913032	1.00953	0.930224	1.0956
907	S:E1092D	0.226828	0.157568	0.00686769	-0.0524742	0.0662096	1.00689	0.948879	1.06845
908	ORF1b:T216A	0.226805	0.157552	0.0127799	-0.0976594	0.123219	1.01286	0.906958	1.13113
909	S:I834V	0.226758	0.157519	0.0108757	-0.0831279	0.104879	1.01094	0.920233	1.11058
910	ORF1a:S538T	0.22675	0.157513	0.0151286	-0.115639	0.145896	1.01524	0.890797	1.15708
911	ORF1a:M598V	0.226143	0.15709	0.00652931	-0.0500598	0.0631184	1.00655	0.951173	1.06515
912	ORF3a:M260T	0.225579	0.156696	0.0102595	-0.0788811	0.0994001	1.01031	0.92415	1.10451
913	S:H1058Y	0.224894	0.156218	0.0094629	-0.0730069	0.0919327	1.00951	0.929594	1.09629
914	ORF1a:D982G	0.224887	0.156213	0.00943516	-0.0727954	0.0916658	1.00948	0.929791	1.096
915	ORF1a:I2307T	0.224755	0.156121	0.0110976	-0.0856782	0.107873	1.01116	0.91789	1.11391
916	ORF1a:I740V	0.224408	0.155879	0.00648026	-0.0501177	0.0630783	1.0065	0.951117	1.06511
917	ORF10:Y14C	0.224373	0.155854	0.0139454	-0.107872	0.135762	1.01404	0.897743	1.14541
918	ORF9b:P10L	0.223406	0.15518	0.0128095	-0.0995692	0.125188	1.01289	0.905227	1.13336
919	ORF1b:A1738V	0.222761	0.154729	0.0135571	-0.105725	0.13284	1.01365	0.899672	1.14207
920	ORF1b:T1178A	0.222635	0.154642	0.0117188	-0.0914477	0.114885	1.01179	0.912609	1.12174
921	ORF1b:A2480D	0.222325	0.154425	0.0141393	-0.110509	0.138788	1.01424	0.895378	1.14888
922	ORF1a:T4368I	0.222175	0.154321	0.00843492	-0.0659756	0.0828455	1.00847	0.936154	1.08637
923	N:S33I	0.221265	0.153686	0.00256915	-0.0201884	0.0253267	1.00257	0.980014	1.02565
924	ORF14:A59V	0.220865	0.153407	0.0121874	-0.0959644	0.120339	1.01226	0.908496	1.12788
925	S:A1078T	0.220777	0.153346	0.0123445	-0.0972443	0.121933	1.01242	0.907334	1.12968
926	ORF1a:D264N	0.220569	0.1532	0.0139532	-0.110034	0.137941	1.01405	0.895803	1.14791
927	ORF1a:A591V	0.220529	0.153172	0.00506702	-0.0399664	0.0501004	1.00508	0.960822	1.05138
928	S:W64L	0.218767	0.151943	0.00956441	-0.0761246	0.0952534	1.00961	0.926701	1.09994
929	ORF1a:A4133V	0.218699	0.151896	0.0116902	-0.0930768	0.116457	1.01176	0.911124	1.12351
930	S:P217S	0.217628	0.151149	0.00807145	-0.0646201	0.0807631	1.0081	0.937423	1.08411
931	ORF1b:E2311K	0.217466	0.151036	0.0123807	-0.0992034	0.123965	1.01246	0.905559	1.13198
932	ORF3a:T32I	0.217214	0.15086	0.0123892	-0.0994012	0.12418	1.01247	0.905379	1.13222
933	ORF1a:V1236I	0.216962	0.150685	0.0105167	-0.0844878	0.105521	1.01057	0.918983	1.11129
934	S:T259R	0.216514	0.150372	0.00865349	-0.0696812	0.0869882	1.00869	0.932691	1.09088
935	ORF1a:T951I	0.216086	0.150073	0.0139536	-0.11261	0.140517	1.01405	0.893499	1.15087
936	ORF1b:P976S	0.21598	0.149999	0.0104505	-0.0843853	0.105286	1.01051	0.919077	1.11103
937	ORF1b:P1851S	0.215559	0.149706	0.0107766	-0.0872091	0.108762	1.01083	0.916485	1.1149
938	ORF1a:V3566I	0.215198	0.149454	0.00822348	-0.0666735	0.0831205	1.00826	0.935501	1.08667
939	S:P82H	0.214918	0.149259	0.0139425	-0.113207	0.141092	1.01404	0.892966	1.15153
940	ORF1a:A3889T	0.214617	0.149049	0.0111749	-0.0908783	0.113228	1.01124	0.913129	1.11989
941	ORF1a:Q575H	0.214327	0.148846	0.00532345	-0.0433582	0.0540051	1.00534	0.957568	1.05549
942	ORF1a:Q455K	0.214307	0.148833	0.0123814	-0.100854	0.125616	1.01246	0.904065	1.13385
943	ORF7a:F59K	0.214229	0.148778	0.00954355	-0.0777695	0.0968566	1.00959	0.925178	1.1017
944	ORF1b:D1782N	0.214111	0.148696	0.00668403	-0.0545013	0.0678694	1.00671	0.946957	1.07023
945	ORF1a:N1109S	0.213372	0.148181	0.00937721	-0.0767585	0.0955129	1.00942	0.926113	1.10022
946	S:N394S	0.21326	0.148102	0.0124014	-0.101574	0.126377	1.01248	0.903415	1.13471
947	ORF7a:P99L	0.213076	0.147974	0.00748462	-0.061362	0.0763312	1.00751	0.940483	1.07932
948	S:K535T	0.213011	0.147929	0.0065186	-0.0534605	0.0664977	1.00654	0.947943	1.06876
949	ORF1a:N2498K	0.212905	0.147855	0.0111202	-0.0912503	0.113491	1.01118	0.912789	1.12018
950	ORF1a:A131T	0.212466	0.147549	0.0128582	-0.105756	0.131473	1.01294	0.899644	1.14051
951	ORF1b:A517V	0.212419	0.147516	0.0129863	-0.106837	0.132809	1.01307	0.898672	1.14203
952	ORF1b:I1539T	0.212028	0.147244	0.0112295	-0.0925741	0.115033	1.01129	0.911582	1.12191
953	ORF1a:L397F	0.212001	0.147225	0.0144557	-0.119188	0.148099	1.01456	0.887641	1.15963
954	ORF1a:M3911T	0.210664	0.146292	0.0125517	-0.104226	0.12933	1.01263	0.901021	1.13807
955	ORF3a:L95M	0.210555	0.146216	0.0121276	-0.100763	0.125019	1.0122	0.904147	1.13317
956	ORF1b:Y1648C	0.210522	0.146193	0.0111896	-0.0929855	0.115365	1.01125	0.911207	1.12228
957	S:Y449H	0.210248	0.146002	0.00603743	-0.0502444	0.0623193	1.00606	0.950997	1.0643
958	ORF1a:Q1759H	0.210104	0.145902	0.0101246	-0.0843235	0.104573	1.01018	0.919134	1.11024
959	ORF1a:Q3966L	0.210063	0.145873	0.0121385	-0.101119	0.125396	1.01221	0.903826	1.1336
960	N:T271I	0.210054	0.145867	0.00921786	-0.0767917	0.0952274	1.00926	0.926083	1.09991
961	ORF8:F120V	0.209925	0.145777	0.0130091	-0.10845	0.134469	1.01309	0.897223	1.14393
962	ORF3a:L85F	0.209259	0.145313	0.0103336	-0.0864529	0.10712	1.01039	0.917179	1.11307
963	ORF7a:G42STOP	0.209059	0.145173	0.0123759	-0.10365	0.128402	1.01245	0.901541	1.13701
964	S:H1101Q	0.208543	0.144813	0.0136867	-0.114946	0.142319	1.01378	0.891415	1.15294
965	S:M177T	0.208298	0.144643	0.0103755	-0.0872524	0.108003	1.01043	0.916446	1.11405
966	S:T638R	0.20824	0.144602	0.0104255	-0.0876998	0.108551	1.01048	0.916036	1.11466
967	ORF9b:I5V	0.208122	0.14452	0.0134966	-0.113606	0.140599	1.01359	0.89261	1.15096
968	ORF1a:Q768R	0.20773	0.144247	0.011879	-0.100202	0.12396	1.01195	0.904655	1.13197
969	ORF1b:S2399N	0.207182	0.143865	0.00555981	-0.0470366	0.0581563	1.00558	0.954052	1.05988
970	ORF1a:A1938S	0.207056	0.143777	0.0121265	-0.102662	0.126915	1.0122	0.902432	1.13532
971	S:Q183D	0.206983	0.143726	0.0127903	-0.108323	0.133904	1.01287	0.897338	1.14328
972	ORF1a:S2185N	0.206739	0.143556	0.00573707	-0.0486524	0.0601266	1.00575	0.952512	1.06197
973	ORF3a:F87S	0.206655	0.143498	0.00626094	-0.0531192	0.0656411	1.00628	0.948267	1.06784
974	ORF1b:D436G	0.206619	0.143472	0.0123464	-0.10477	0.129463	1.01242	0.900531	1.13822
975	ORF1a:V1211F	0.205819	0.142915	0.00579197	-0.0493635	0.0609475	1.00581	0.951835	1.06284
976	S:P85Q	0.205321	0.142568	0.0110506	-0.0944363	0.116537	1.01111	0.909886	1.1236
977	ORF1a:T3398I	0.204346	0.141888	0.00797045	-0.0684772	0.0844181	1.008	0.933815	1.08808
978	ORF1b:D2179Y	0.204133	0.141739	0.0122665	-0.105509	0.130042	1.01234	0.899866	1.13888
979	ORF1a:G1101D	0.203586	0.141358	0.00355023	-0.0306285	0.037729	1.00356	0.969836	1.03845
980	ORF1a:Q1198R	0.203537	0.141324	0.011661	-0.100629	0.123951	1.01173	0.904269	1.13196
981	ORF3a:L71I	0.203515	0.141309	0.00532958	-0.0459973	0.0566565	1.00534	0.955045	1.05829
982	N:E378D	0.20197	0.140232	0.0127061	-0.110597	0.136009	1.01279	0.8953	1.14569
983	ORF1b:V1644I	0.201728	0.140064	0.00960609	-0.0837253	0.102937	1.00965	0.919684	1.10842
984	S:G482R	0.201327	0.139784	0.00543366	-0.0474642	0.0583315	1.00545	0.953645	1.06007
985	ORF9b:R25G	0.200978	0.139541	0.0125422	-0.109771	0.134856	1.01262	0.896039	1.14437
986	S:L582F	0.200877	0.13947	0.0125797	-0.110161	0.13532	1.01266	0.89569	1.1449
987	ORF8:A55V	0.200157	0.138968	0.00786481	-0.0691486	0.0848783	1.0079	0.933188	1.08858
988	ORF1a:M315V	0.200152	0.138965	0.0137312	-0.12073	0.148193	1.01383	0.886273	1.15974
989	ORF1b:A2306V	0.200125	0.138947	0.00916466	-0.0805911	0.0989204	1.00921	0.922571	1.10398
990	S:K529T	0.200109	0.138935	0.0119121	-0.104761	0.128585	1.01198	0.90054	1.13722
991	ORF3a:G172C	0.19961	0.138587	0.00457651	-0.0403602	0.0495132	1.00459	0.960443	1.05076
992	S:G252S	0.199527	0.13853	0.00530052	-0.0467668	0.0573679	1.00531	0.95431	1.05905
993	ORF1a:T1437I	0.198841	0.138052	0.0089608	-0.0793652	0.0972868	1.009	0.923703	1.10218
994	ORF1b:D51N	0.198775	0.138005	0.0116692	-0.103392	0.12673	1.01174	0.901773	1.13511
995	S:I934V	0.198262	0.137648	0.00656192	-0.0583072	0.0714311	1.00658	0.94336	1.07404
996	ORF1a:A3523V	0.198048	0.137499	0.0041039	-0.03651	0.0447178	1.00411	0.964148	1.04573
997	ORF1a:R2431K	0.197957	0.137436	0.0086671	-0.0771455	0.0944797	1.0087	0.925755	1.09909
998	ORF1a:I4308T	0.197705	0.13726	0.0112894	-0.100629	0.123207	1.01135	0.904269	1.13112
999	ORF1a:E2070K	0.197595	0.137183	0.0105344	-0.0939574	0.115026	1.01059	0.910322	1.1219
1000	S:A684V	0.197462	0.137091	0.00994417	-0.0887595	0.108648	1.00999	0.915066	1.11477
1001	ORF1a:K1348Q	0.197374	0.137029	0.0109388	-0.097686	0.119564	1.011	0.906934	1.127
1002	ORF1a:P2685T	0.197334	0.137002	0.01187	-0.106026	0.129766	1.01194	0.899402	1.13856
1003	S:A623V	0.196496	0.136418	0.0122597	-0.110026	0.134545	1.01234	0.895811	1.14402
1004	ORF9b:K40R	0.196131	0.136164	0.0119133	-0.107138	0.130964	1.01198	0.898402	1.13993
1005	ORF1a:A3220V	0.196007	0.136077	0.00467578	-0.0420795	0.0514311	1.00469	0.958794	1.05278
1006	ORF1a:S2926F	0.195717	0.135875	0.00656636	-0.0591909	0.0723236	1.00659	0.942527	1.075
1007	N:R36Q	0.195621	0.135808	0.00964492	-0.0869894	0.106279	1.00969	0.916687	1.11213
1008	ORF1a:A2128T	0.19558	0.13578	0.0061648	-0.0556144	0.067944	1.00618	0.945904	1.07031
1009	ORF1b:D1939G	0.195474	0.135706	0.0110488	-0.0997348	0.121832	1.01111	0.905077	1.12956
1010	ORF3a:R68G	0.195351	0.13562	0.0114225	-0.10318	0.126025	1.01149	0.901965	1.13431
1011	ORF1a:T1638N	0.195312	0.135593	0.00693616	-0.0626685	0.0765409	1.00696	0.939255	1.07955
1012	S:G476S	0.195129	0.135465	0.0137128	-0.124025	0.15145	1.01381	0.883358	1.16352
1013	M:A104L	0.194977	0.13536	0.010748	-0.0972937	0.11879	1.01081	0.90729	1.12613
1014	M:Y71H	0.194678	0.135151	0.0126058	-0.114306	0.139517	1.01269	0.891985	1.14972
1015	ORF1a:P380S	0.193294	0.134187	0.00901799	-0.0824225	0.100459	1.00906	0.920883	1.10568
1016	ORF1a:T812I	0.193222	0.134137	0.00903596	-0.0826211	0.100693	1.00908	0.9207	1.10594
1017	ORF1a:K2771E	0.193194	0.134118	0.00707163	-0.0646704	0.0788136	1.0071	0.937376	1.082
1018	S:G184A	0.193096	0.134049	0.00931021	-0.0851902	0.103811	1.00935	0.918338	1.10939
1019	ORF9b:R47L	0.19305	0.134017	0.0104914	-0.0960244	0.117007	1.01055	0.908442	1.12413
1020	S:L518Q	0.192823	0.133859	0.0112369	-0.102981	0.125455	1.0113	0.902144	1.13366
1021	ORF1a:N3725S	0.192774	0.133825	0.0125877	-0.115393	0.140568	1.01267	0.891016	1.15093
1022	ORF7b:C41F	0.192413	0.133574	0.0115662	-0.10625	0.129382	1.01163	0.8992	1.13812
1023	S:T345S	0.192143	0.133385	0.00427635	-0.0393449	0.0478976	1.00429	0.961419	1.04906
1024	N:S186Y	0.192003	0.133288	0.00308342	-0.0283921	0.0345589	1.00309	0.972007	1.03516
1025	ORF1a:T654A	0.19174	0.133105	0.0116972	-0.107872	0.131266	1.01177	0.897743	1.14027
1026	ORF3a:Y91H	0.191709	0.133083	0.00621853	-0.0573576	0.0697947	1.00624	0.944256	1.07229
1027	ORF1a:E37K	0.191324	0.132815	0.00357931	-0.0330879	0.0402465	1.00359	0.967454	1.04107
1028	S:L8V	0.19126	0.13277	0.00783042	-0.0724131	0.088074	1.00786	0.930147	1.09207
1029	ORF1a:K1230N	0.190644	0.132341	0.00514935	-0.0477898	0.0580885	1.00516	0.953334	1.05981
1030	ORF1b:Q2403L	0.190475	0.132223	0.0106261	-0.0987155	0.119968	1.01068	0.906	1.12746
1031	N:R10P	0.19031	0.132109	0.0114897	-0.10684	0.129819	1.01156	0.89867	1.13862
1032	ORF3a:N257Y	0.190293	0.132097	0.00375611	-0.0349307	0.042443	1.00376	0.965672	1.04336
1033	S:A1190S	0.190189	0.132025	0.0112072	-0.104287	0.126702	1.01127	0.900967	1.13508
1034	ORF1a:A206V	0.190148	0.131996	0.00549505	-0.0511455	0.0621356	1.00551	0.95014	1.06411
1035	ORF1a:S74L	0.189661	0.131657	0.0116744	-0.108969	0.132318	1.01174	0.896758	1.14147
1036	ORF1b:V1649I	0.189303	0.131407	0.00598407	-0.0559725	0.0679407	1.006	0.945565	1.0703
1037	ORF6:E55Q	0.189112	0.131274	0.0106812	-0.10002	0.121382	1.01074	0.90482	1.12906
1038	S:V70F	0.18883	0.131078	0.0113528	-0.106484	0.12919	1.01142	0.89899	1.13791
1039	ORF7a:A8V	0.188422	0.130794	0.00766956	-0.0721092	0.0874483	1.0077	0.930429	1.09139
1040	ORF1a:A1352V	0.188332	0.130731	0.005255	-0.0494336	0.0599436	1.00527	0.951768	1.06178
1041	N:D3G	0.186381	0.129373	0.010181	-0.0968811	0.117243	1.01023	0.907664	1.12439
1042	ORF3a:N119Y	0.185838	0.128994	0.011436	-0.109176	0.132048	1.0115	0.896573	1.14116
1043	ORF1a:T2121I	0.18573	0.128919	0.0117396	-0.112145	0.135625	1.01181	0.893914	1.14525
1044	S:N74S	0.185632	0.128851	0.0106673	-0.101962	0.123297	1.01072	0.903064	1.13122
1045	ORF1a:P1054L	0.185504	0.128762	0.0106667	-0.102033	0.123367	1.01072	0.902999	1.1313
1046	ORF1b:S2339F	0.185249	0.128585	0.0058789	-0.0563208	0.0680786	1.0059	0.945236	1.07045
1047	S:A1174T	0.18495	0.128376	0.00971756	-0.093262	0.112697	1.00976	0.910955	1.11929
1048	S:Q677R	0.184484	0.128052	0.0083714	-0.0805667	0.0973095	1.00841	0.922593	1.1022
1049	ORF1a:H2357Y	0.184305	0.127927	0.00251942	-0.024273	0.0293119	1.00252	0.976019	1.02975
1050	ORF3a:L219V	0.184239	0.127881	0.012108	-0.116698	0.140914	1.01218	0.889854	1.15133
1051	ORF1a:D2592Y	0.184226	0.127872	0.00678219	-0.0653728	0.0789372	1.00681	0.936718	1.08214
1052	ORF3a:N82Y	0.184128	0.127804	0.00839971	-0.0810118	0.0978112	1.00844	0.922183	1.10275
1053	ORF1a:D762G	0.183576	0.127419	0.0115708	-0.111966	0.135107	1.01164	0.894075	1.14466
1054	S:A1070T	0.183432	0.127319	0.0102424	-0.0991975	0.119682	1.0103	0.905564	1.12714
1055	S:A626S	0.183006	0.127023	0.0111185	-0.107959	0.130196	1.01118	0.897665	1.13905
1056	ORF3a:V50I	0.182838	0.126906	0.00707707	-0.0687867	0.0829409	1.0071	0.933526	1.08648
1057	ORF1a:V862I	0.182535	0.126695	0.00879749	-0.0856651	0.10326	1.00884	0.917902	1.10878
1058	ORF8:P36L	0.182415	0.126612	0.0113033	-0.110145	0.132752	1.01137	0.895704	1.14197
1059	ORF1b:A2028S	0.182179	0.126447	0.00400635	-0.0390957	0.0471084	1.00401	0.961659	1.04824
1060	ORF1a:I1259V	0.182102	0.126393	0.0100574	-0.0981912	0.118306	1.01011	0.906476	1.12559
1061	S:A570S	0.181657	0.126083	0.0110634	-0.108304	0.130431	1.01112	0.897355	1.13932
1062	ORF8:F3L	0.181376	0.125888	0.0113715	-0.11151	0.134253	1.01144	0.894483	1.14368
1063	S:I834T	0.180811	0.125495	0.00873116	-0.0859133	0.103376	1.00877	0.917674	1.10891
1064	ORF1b:M1677I	0.180724	0.125434	0.00776825	-0.0764789	0.0920154	1.0078	0.926372	1.09638
1065	ORF1a:V3660L	0.180681	0.125405	0.00757426	-0.0745884	0.0897369	1.0076	0.928125	1.09389
1066	ORF7a:P34L	0.180536	0.125303	0.00745803	-0.0735091	0.0884252	1.00749	0.929128	1.09245
1067	ORF1b:V1271T	0.180175	0.125052	0.00618203	-0.0610667	0.0734308	1.0062	0.94076	1.07619
1068	ORF1a:L2527M	0.179936	0.124886	0.0108797	-0.107628	0.129387	1.01094	0.897962	1.13813
1069	ORF1b:V1294A	0.17971	0.124728	0.0106488	-0.10549	0.126788	1.01071	0.899883	1.13518
1070	S:L242F	0.179579	0.124637	0.00988429	-0.097995	0.117764	1.00993	0.906653	1.12498
1071	S:E780A	0.179464	0.124557	0.00646701	-0.0641604	0.0770945	1.00649	0.937855	1.08014
1072	ORF14:E42Q	0.179433	0.124535	0.0118376	-0.117466	0.141141	1.01191	0.889171	1.15159
1073	ORF1b:D131Y	0.179252	0.124409	0.00959796	-0.0953475	0.114543	1.00964	0.909057	1.12136
1074	S:D839V	0.178784	0.124084	0.00609974	-0.0607702	0.0729697	1.00612	0.941039	1.0757
1075	ORF1a:L624I	0.178114	0.123617	0.00487847	-0.0488041	0.0585611	1.00489	0.952368	1.06031
1076	S:R78M	0.178087	0.123598	0.0107406	-0.107467	0.128948	1.0108	0.898106	1.13763
1077	ORF1a:A2355S	0.177813	0.123408	0.00960509	-0.0962681	0.115478	1.00965	0.90822	1.12241
1078	ORF1b:A520T	0.177664	0.123304	0.00995654	-0.0998825	0.119796	1.01001	0.904944	1.12727
1079	ORF1b:D2386F	0.177455	0.123159	0.00329972	-0.0331453	0.0397447	1.00331	0.967398	1.04055
1080	S:S640F	0.176965	0.122818	0.00921895	-0.0928849	0.111323	1.00926	0.911298	1.11776
1081	S:V1230A	0.176942	0.122801	0.01069	-0.107722	0.129102	1.01075	0.897877	1.13781
1082	S:E583A	0.176557	0.122533	0.0101946	-0.102976	0.123366	1.01025	0.902148	1.1313
1083	ORF7a:T115I	0.176482	0.122482	0.00568682	-0.0574694	0.0688431	1.0057	0.944151	1.07127
1084	ORF1b:S220N	0.176277	0.122339	0.00710848	-0.0719282	0.0861451	1.00713	0.930598	1.08996
1085	ORF1b:I1887V	0.175932	0.122099	0.0110978	-0.112537	0.134733	1.01116	0.893564	1.14423
1086	S:D1153H	0.175631	0.121889	0.0070073	-0.0711911	0.0852057	1.00703	0.931284	1.08894
1087	ORF1b:E1051G	0.175381	0.121715	0.00895546	-0.091126	0.109037	1.009	0.912903	1.1152
1088	S:T523N	0.17538	0.121715	0.0115272	-0.117295	0.140349	1.01159	0.889323	1.15068
1089	ORF1a:I1005L	0.175278	0.121643	0.00970289	-0.0987954	0.118201	1.00975	0.905928	1.12547
1090	ORF1b:P1666S	0.174859	0.121352	0.00940979	-0.0960632	0.114883	1.00945	0.908407	1.12174
1091	ORF3a:V80A	0.174792	0.121306	0.00837402	-0.0855247	0.102273	1.00841	0.91803	1.10769
1092	ORF1a:K2589R	0.174451	0.121068	0.00963349	-0.0985994	0.117866	1.00968	0.906106	1.12509
1093	ORF7b:M1I	0.173913	0.120694	0.00870934	-0.089443	0.106862	1.00875	0.91444	1.11278
1094	ORF1a:P926S	0.173383	0.120325	0.00957115	-0.0986234	0.117766	1.00962	0.906084	1.12498
1095	ORF1a:I2790V	0.173209	0.120204	0.00908805	-0.0937486	0.111925	1.00913	0.910512	1.11843
1096	ORF3a:T34A	0.173166	0.120174	0.00718979	-0.0741873	0.0885669	1.00722	0.928498	1.09261
1097	ORF1b:C688S	0.17209	0.119425	0.00561632	-0.0583489	0.0695816	1.00563	0.943321	1.07206
1098	ORF7a:E41D	0.171637	0.11911	0.00953403	-0.0993374	0.118406	1.00958	0.905437	1.1257
1099	ORF1a:V3892A	0.171379	0.11893	0.00918671	-0.0958765	0.11425	1.00923	0.908576	1.12103
1100	ORF1b:S1003G	0.170981	0.118653	0.00939277	-0.0982772	0.117063	1.00944	0.906398	1.12419
1101	ORF1a:C657Y	0.170918	0.118609	0.00656314	-0.0686982	0.0818245	1.00658	0.933608	1.08527
1102	ORF14:A25E	0.170744	0.118488	0.00748836	-0.0784704	0.0934472	1.00752	0.924529	1.09795
1103	ORF7a:V29L	0.17069	0.118451	0.0101955	-0.106875	0.127267	1.01025	0.898638	1.13572
1104	S:L335F	0.170685	0.118447	0.00989269	-0.103704	0.12349	1.00994	0.901492	1.13144
1105	ORF1b:A1603S	0.170626	0.118406	0.00746062	-0.0782389	0.0931602	1.00749	0.924743	1.09764
1106	ORF10:D31G	0.170374	0.118231	0.0115825	-0.121661	0.144826	1.01165	0.885448	1.15584
1107	ORF1a:V2027A	0.17029	0.118173	0.00904352	-0.0950434	0.113131	1.00908	0.909333	1.11978
1108	ORF1a:V3475F	0.170283	0.118168	0.00260702	-0.0273998	0.0326139	1.00261	0.972972	1.03315
1109	ORF9b:L14F	0.169975	0.117953	0.00646601	-0.0680929	0.0810249	1.00649	0.934174	1.0844
1110	S:F1121L	0.169708	0.117768	0.00681017	-0.0718407	0.0854611	1.00683	0.930679	1.08922
1111	S:N658D	0.169699	0.117762	0.0105575	-0.111377	0.132492	1.01061	0.894601	1.14167
1112	S:I410V	0.169291	0.117477	0.00591127	-0.0625264	0.074349	1.00593	0.939388	1.07718
1113	ORF1b:I879V	0.169214	0.117424	0.0100935	-0.106817	0.127004	1.01014	0.89869	1.13542
1114	ORF1a:A776V	0.169116	0.117356	0.0111331	-0.117893	0.14016	1.0112	0.888791	1.15046
1115	ORF1b:H2388Y	0.169003	0.117277	0.0100602	-0.106611	0.126731	1.01011	0.898876	1.13511
1116	ORF1a:M1014T	0.16875	0.117101	0.0102675	-0.108985	0.12952	1.01032	0.896744	1.13828
1117	ORF3a:Q213H	0.16836	0.11683	0.00842843	-0.0896913	0.106548	1.00846	0.914213	1.11243
1118	ORF1a:G2342E	0.168344	0.116818	0.00787679	-0.0838298	0.0995834	1.00791	0.919588	1.10471
1119	ORF1a:Q1918R	0.168048	0.116613	0.00976907	-0.104169	0.123707	1.00982	0.901073	1.13168
1120	S:N354D	0.167713	0.116379	0.0101924	-0.108921	0.129305	1.01024	0.896802	1.13804
1121	ORF14:M60L	0.167615	0.116311	0.0108474	-0.115995	0.137689	1.01091	0.89048	1.14762
1122	ORF1b:S961P	0.167555	0.11627	0.00855682	-0.0915362	0.10865	1.00859	0.912528	1.11477
1123	ORF1a:R3542H	0.167261	0.116065	0.00996736	-0.10683	0.126765	1.01002	0.898679	1.13515
1124	ORF1a:L4F	0.167063	0.115927	0.00427576	-0.045887	0.0544386	1.00428	0.95515	1.05595
1125	M:D3Y	0.166808	0.11575	0.0105198	-0.113086	0.134125	1.01058	0.893074	1.14354
1126	S:G485D	0.16676	0.115717	0.00996219	-0.107125	0.12705	1.01001	0.898413	1.13547
1127	ORF1a:I659V	0.166652	0.115642	0.00886243	-0.0953668	0.113092	1.0089	0.909039	1.11973
1128	ORF1a:Q1778R	0.166439	0.115493	0.00962594	-0.103728	0.12298	1.00967	0.90147	1.13086
1129	S:A1078S	0.166011	0.115195	0.00360519	-0.0389585	0.0461689	1.00361	0.961791	1.04725
1130	S:G339N	0.16506	0.114534	0.00897146	-0.0975578	0.115501	1.00901	0.90705	1.12244
1131	ORF6:D53G	0.164911	0.11443	0.00618524	-0.0673264	0.0796969	1.0062	0.93489	1.08296
1132	ORF14:K10STOP	0.16468	0.11427	0.00971853	-0.105948	0.125385	1.00977	0.899471	1.13358
1133	ORF1b:I1987V	0.164621	0.114229	0.00466913	-0.050921	0.0602593	1.00468	0.950354	1.06211
1134	ORF1b:K50R	0.164532	0.114167	0.00776439	-0.0847279	0.100257	1.00779	0.918762	1.10545
1135	ORF7a:A55V	0.164524	0.114161	0.0106831	-0.116583	0.13795	1.01074	0.889956	1.14792
1136	ORF1a:S1361P	0.16419	0.113929	0.00334617	-0.0365977	0.0432901	1.00335	0.964064	1.04424
1137	ORF1a:H3233Y	0.164034	0.11382	0.00693871	-0.0759687	0.0898462	1.00696	0.926845	1.09401
1138	S:P812S	0.163985	0.113786	0.00498142	-0.054557	0.0645199	1.00499	0.946904	1.06665
1139	ORF6:I33M	0.163837	0.113683	0.00905053	-0.0992201	0.117321	1.00909	0.905543	1.12448
1140	S:G261V	0.163401	0.11338	0.00970928	-0.106752	0.12617	1.00976	0.898749	1.13448
1141	ORF1a:G353D	0.163132	0.113193	0.011827	-0.13027	0.153924	1.0119	0.877858	1.1664
1142	N:L221F	0.162063	0.11245	0.0105415	-0.116945	0.138028	1.0106	0.889634	1.14801
1143	ORF1a:A2344V	0.162044	0.112436	0.00709895	-0.0787647	0.0929627	1.00712	0.924257	1.09742
1144	ORF9b:K67E	0.161968	0.112383	0.00984668	-0.109307	0.129001	1.0099	0.896455	1.13769
1145	S:V213L	0.161246	0.111881	0.00401267	-0.0447619	0.0527872	1.00402	0.956225	1.05421
1146	ORF1a:H3580Y	0.161006	0.111714	0.00491397	-0.0549049	0.0647329	1.00493	0.946575	1.06687
1147	ORF7b:Q35STOP	0.160894	0.111637	0.00971096	-0.108585	0.128007	1.00976	0.897103	1.13656
1148	ORF3a:E181G	0.160638	0.111459	0.00849793	-0.095186	0.112182	1.00853	0.909204	1.11872
1149	ORF1a:R1170C	0.159711	0.110814	0.00895982	-0.100994	0.118914	1.009	0.903938	1.12627
1150	ORF9b:S6T	0.159658	0.110777	0.00200651	-0.0226255	0.0266385	1.00201	0.977629	1.027
1151	S:T323I	0.15934	0.110555	0.00613438	-0.0693219	0.0815907	1.00615	0.933026	1.08501
1152	ORF1b:G2436D	0.159338	0.110554	0.0109465	-0.123703	0.145596	1.01101	0.883642	1.15673
1153	S:K1205N	0.159231	0.11048	0.00859335	-0.0971816	0.114368	1.00863	0.907391	1.12116
1154	ORF1a:N4051S	0.15817	0.109742	0.00993096	-0.113129	0.132991	1.00998	0.893036	1.14224
1155	ORF7b:S5L	0.158079	0.109679	0.00252434	-0.028774	0.0338226	1.00253	0.971636	1.0344
1156	ORF1b:Q2415L	0.157814	0.109494	0.00744327	-0.0849982	0.0998848	1.00747	0.918514	1.10504
1157	ORF1a:L2688F	0.157573	0.109327	0.00912448	-0.10437	0.122619	1.00917	0.900892	1.13045
1158	ORF1a:L450F	0.157552	0.109313	0.00438529	-0.0501681	0.0589387	1.00439	0.95107	1.06071
1159	ORF1b:A2431V	0.157439	0.109234	0.00366001	-0.0419035	0.0492236	1.00367	0.958962	1.05046
1160	ORF1a:P3134S	0.157259	0.109108	0.00983671	-0.112761	0.132435	1.00989	0.893364	1.1416
1161	ORF7a:Q62STOP	0.157162	0.109041	0.0032731	-0.0375457	0.0440919	1.00328	0.96315	1.04508
1162	ORF1a:D1600N	0.157081	0.108985	0.00651779	-0.0748071	0.0878427	1.00654	0.927922	1.09182
1163	ORF1a:I2541V	0.157028	0.108948	0.00960492	-0.11028	0.12949	1.00965	0.895584	1.13825
1164	ORF1a:V3560I	0.156853	0.108826	0.0095199	-0.109437	0.128476	1.00957	0.896339	1.13709
1165	ORF8:I71V	0.156764	0.108764	0.00770433	-0.08862	0.104029	1.00773	0.915193	1.10963
1166	S:A831V	0.156677	0.108704	0.00567407	-0.0653063	0.0766544	1.00569	0.93678	1.07967
1167	ORF1a:I2663V	0.156556	0.10862	0.00624553	-0.0719436	0.0844347	1.00627	0.930583	1.0881
1168	ORF1a:I4098V	0.156511	0.108588	0.00538736	-0.0620778	0.0728526	1.0054	0.93981	1.07557
1169	ORF3a:A110S	0.156193	0.108367	0.00461093	-0.0532485	0.0624704	1.00462	0.948144	1.06446
1170	ORF1b:H2285Y	0.156116	0.108314	0.00703708	-0.0813103	0.0953845	1.00706	0.921908	1.10008
1171	S:N1125S	0.156096	0.1083	0.00594123	-0.0686578	0.0805403	1.00596	0.933646	1.08387
1172	S:D1146H	0.15602	0.108247	0.00908805	-0.105079	0.123255	1.00913	0.900254	1.13117
1173	ORF1a:A1809T	0.155894	0.10816	0.00629983	-0.072904	0.0855037	1.00632	0.92969	1.08927
1174	S:N460Y	0.155854	0.108132	0.0100757	-0.116632	0.136783	1.01013	0.889913	1.14658
1175	ORF8:D75V	0.155495	0.107882	0.00751346	-0.0871912	0.102218	1.00754	0.916502	1.10763
1176	ORF1b:M557I	0.155276	0.107729	0.0103041	-0.119759	0.140368	1.01036	0.887134	1.1507
1177	S:L441I	0.155252	0.107713	0.00627668	-0.0729628	0.0855162	1.0063	0.929635	1.08928
1178	ORF1a:S1478Y	0.154995	0.107534	0.00346923	-0.0404005	0.0473389	1.00348	0.960405	1.04848
1179	ORF3a:L86F	0.154968	0.107516	0.0099648	-0.116065	0.135995	1.01001	0.890417	1.14568
1180	ORF1a:K2045R	0.154851	0.107434	0.0079065	-0.0921671	0.10798	1.00794	0.911953	1.11403
1181	S:Q321L	0.154687	0.10732	0.0087855	-0.102532	0.120103	1.00882	0.90255	1.12761
1182	ORF1a:A486V	0.154666	0.107306	0.00401676	-0.0468845	0.0549181	1.00402	0.954198	1.05645
1183	ORF3a:V97I	0.154279	0.107036	0.00837197	-0.0979858	0.11473	1.00841	0.906662	1.12157
1184	ORF1a:A2891V	0.153595	0.106561	0.00976911	-0.114891	0.134429	1.00982	0.891463	1.14388
1185	S:G181E	0.153515	0.106506	0.007613	-0.0895838	0.10481	1.00764	0.914312	1.1105
1186	ORF7a:A8T	0.153306	0.10636	0.00384689	-0.0453342	0.053028	1.00385	0.955678	1.05446
1187	ORF8:W45S	0.153089	0.106209	0.00915559	-0.108061	0.126373	1.0092	0.897573	1.1347
1188	ORF1a:V1783I	0.153015	0.106158	0.00890675	-0.10518	0.122993	1.00895	0.900163	1.13088
1189	ORF1a:E352K	0.152927	0.106097	0.00918549	-0.108539	0.12691	1.00923	0.897144	1.13531
1190	ORF1a:I694V	0.152816	0.106019	0.00685708	-0.0810894	0.0948036	1.00688	0.922111	1.09944
1191	S:A260V	0.152787	0.105999	0.0102287	-0.120985	0.141443	1.01028	0.886047	1.15193
1192	S:D178H	0.152459	0.105771	0.0105584	-0.125177	0.146294	1.01061	0.882341	1.15754
1193	ORF1b:A1291S	0.152406	0.105734	0.00713978	-0.0846788	0.0989584	1.00717	0.918807	1.10402
1194	ORF1a:N2065D	0.152031	0.105474	0.00999983	-0.118916	0.138916	1.01005	0.887882	1.14903
1195	ORF1a:M585T	0.151665	0.105219	0.00671349	-0.0800449	0.0934719	1.00674	0.923075	1.09798
1196	N:T366R	0.151605	0.105177	0.00760271	-0.0906859	0.105891	1.00763	0.913305	1.1117
1197	ORF7a:T39Q	0.151335	0.10499	0.00961135	-0.114867	0.134089	1.00966	0.891485	1.14349
1198	ORF3a:S92L	0.151066	0.104802	0.00753495	-0.0902254	0.105295	1.00756	0.913725	1.11104
1199	ORF1a:V2588L	0.150972	0.104737	0.00836183	-0.100194	0.116917	1.0084	0.904662	1.12403
1200	ORF1a:G268W	0.150932	0.10471	0.0081229	-0.0973587	0.113605	1.00816	0.907231	1.12031
1201	ORF3a:E102V	0.150796	0.104615	0.00657533	-0.0788875	0.0920382	1.0066	0.924144	1.09641
1202	ORF1a:F2780S	0.150765	0.104594	0.00396632	-0.0475963	0.055529	1.00397	0.953519	1.0571
1203	ORF8:Q29STOP	0.15055	0.104444	0.0068447	-0.0822642	0.0959536	1.00687	0.921029	1.10071
1204	ORF7a:R118G	0.150314	0.10428	0.00746185	-0.089834	0.104758	1.00749	0.914083	1.11044
1205	ORF1b:A1377V	0.149921	0.104006	0.00872715	-0.105366	0.12282	1.00877	0.899995	1.13068
1206	ORF1b:V2178F	0.149798	0.103921	0.00882333	-0.106622	0.124268	1.00886	0.898866	1.13232
1207	ORF1a:L3951F	0.149783	0.10391	0.00811142	-0.0980296	0.114252	1.00814	0.906622	1.12104
1208	M:V70I	0.149761	0.103895	0.0064295	-0.0777151	0.0905741	1.00645	0.925228	1.0948
1209	ORF1a:A211V	0.149336	0.1036	0.00759661	-0.092105	0.107298	1.00763	0.912009	1.11327
1210	S:V213D	0.149208	0.103511	0.00645502	-0.0783369	0.091247	1.00648	0.924653	1.09554
1211	S:E554D	0.149138	0.103462	0.00897696	-0.108998	0.126952	1.00902	0.896732	1.13536
1212	S:K97R	0.148974	0.103348	0.0083296	-0.101258	0.117918	1.00836	0.9037	1.12515
1213	ORF1a:P62S	0.148973	0.103348	0.00661541	-0.08042	0.0936509	1.00664	0.922729	1.09818
1214	S:N679T	0.148741	0.103186	0.00750942	-0.0914425	0.106461	1.00754	0.912614	1.11233
1215	M:D215N	0.148669	0.103136	0.0051655	-0.0629335	0.0732645	1.00518	0.939006	1.07602
1216	ORF7a:E121Q	0.14827	0.102859	0.0042637	-0.0520976	0.060625	1.00427	0.949236	1.0625
1217	ORF1a:C2160Y	0.148204	0.102813	0.00817632	-0.0999538	0.116306	1.00821	0.904879	1.12334
1218	ORF3a:V163I	0.148006	0.102675	0.00547429	-0.0670189	0.0779675	1.00549	0.935178	1.08109
1219	ORF1a:T2166I	0.147623	0.10241	0.00697197	-0.0855934	0.0995374	1.007	0.917967	1.10466
1220	N:A90T	0.147588	0.102385	0.00734092	-0.0901462	0.104828	1.00737	0.913798	1.11052
1221	ORF1b:T634A	0.14749	0.102317	0.00979054	-0.120314	0.139895	1.00984	0.886642	1.15015
1222	ORF1a:V561A	0.147384	0.102243	0.00343649	-0.0422632	0.0491362	1.00344	0.958617	1.05036
1223	ORF1a:R1628C	0.147199	0.102114	0.00697197	-0.0858602	0.0998042	1.007	0.917722	1.10495
1224	ORF1a:V3595A	0.147161	0.102088	0.00859713	-0.105904	0.123098	1.00863	0.899511	1.131
1225	ORF3a:T64N	0.147138	0.102072	0.00897372	-0.110561	0.128509	1.00901	0.895332	1.13713
1226	ORF1a:P286L	0.146575	0.101681	0.00689172	-0.0852625	0.0990459	1.00692	0.918271	1.10412
1227	ORF1b:V1961F	0.14638	0.101546	0.00853496	-0.105744	0.122814	1.00857	0.899655	1.13067
1228	ORF3a:V29I	0.146145	0.101382	0.00517693	-0.0642513	0.0746052	1.00519	0.937769	1.07746
1229	ORF1b:V345L	0.146079	0.101336	0.00836122	-0.103823	0.120545	1.0084	0.901385	1.12811
1230	ORF3a:S74F	0.145334	0.100818	0.00223384	-0.0278915	0.0323592	1.00224	0.972494	1.03289
1231	ORF1b:I2262V	0.144407	0.100174	0.00775497	-0.0974996	0.11301	1.00779	0.907103	1.11964
1232	ORF1a:M3862I	0.14382	0.0997662	0.00215562	-0.0272208	0.0315321	1.00216	0.973146	1.03203
1233	ORF1a:P1018S	0.143794	0.0997482	0.00658952	-0.0832278	0.0964069	1.00661	0.920142	1.10121
1234	ORF1a:E386K	0.143573	0.0995941	0.00802701	-0.101553	0.117607	1.00806	0.903434	1.1248
1235	ORF1a:V2356I	0.143087	0.0992563	0.00893665	-0.113475	0.131349	1.00898	0.892726	1.14037
1236	ORF1a:V86F	0.143069	0.0992441	0.00298918	-0.0379609	0.0439392	1.00299	0.962751	1.04492
1237	S:G946R	0.142925	0.099144	0.006103	-0.0775888	0.0897948	1.00612	0.925345	1.09395
1238	ORF3a:V201F	0.142905	0.0991299	0.00529268	-0.0672974	0.0778827	1.00531	0.934917	1.081
1239	ORF1a:Q991R	0.142664	0.0989629	0.00733248	-0.0934032	0.108068	1.00736	0.910826	1.11412
1240	S:S680Y	0.142578	0.0989027	0.00537178	-0.0684721	0.0792156	1.00539	0.93382	1.08244
1241	E:V58L	0.142368	0.0987572	0.00941192	-0.120161	0.138984	1.00946	0.886778	1.14911
1242	ORF7a:K119R	0.142255	0.0986782	0.00874724	-0.111771	0.129265	1.00879	0.894249	1.13799
1243	ORF1a:A4257V	0.142017	0.098513	0.00732471	-0.0937629	0.108412	1.00735	0.910499	1.11451
1244	S:N211I	0.141499	0.0981527	0.00772987	-0.0993403	0.1148	1.00776	0.905435	1.12165
1245	ORF3a:G251D	0.141352	0.0980506	0.0080804	-0.103961	0.120122	1.00811	0.90126	1.12763
1246	ORF1a:D2907N	0.141053	0.0978427	0.00776327	-0.10011	0.115636	1.00779	0.904738	1.12259
1247	ORF3a:A33S	0.140802	0.0976688	0.00254257	-0.03285	0.0379352	1.00255	0.967684	1.03866
1248	N:N11S	0.140795	0.0976638	0.00773001	-0.0998771	0.115337	1.00776	0.904949	1.12225
1249	ORF1b:M606I	0.140578	0.0975128	0.00759846	-0.0983408	0.113538	1.00763	0.90634	1.12023
1250	ORF1a:E352A	0.13982	0.0969861	0.00661795	-0.086151	0.0993869	1.00664	0.917456	1.10449
1251	ORF3a:D22G	0.139581	0.0968202	0.00862365	-0.112468	0.129715	1.00866	0.893626	1.1385
1252	S:H1088R	0.139486	0.0967544	0.0077076	-0.100594	0.116009	1.00774	0.9043	1.12301
1253	ORF9b:M78T	0.138841	0.0963058	0.0036123	-0.0473812	0.0546058	1.00362	0.953724	1.05612
1254	ORF1a:T882I	0.138444	0.0960298	0.00731846	-0.0962899	0.110927	1.00735	0.908201	1.11731
1255	ORF1a:D3222N	0.138387	0.0959906	0.00187734	-0.0247112	0.0284659	1.00188	0.975592	1.02887
1256	N:P162L	0.138363	0.0959737	0.00923398	-0.121569	0.140037	1.00928	0.88553	1.15032
1257	ORF1a:P927L	0.138265	0.0959057	0.00824805	-0.108672	0.125168	1.00828	0.897025	1.13334
1258	ORF1b:N2593S	0.138061	0.095764	0.00604002	-0.0797062	0.0917863	1.00606	0.923388	1.09613
1259	ORF1a:G30A	0.137919	0.0956655	0.00766859	-0.101309	0.116647	1.0077	0.903654	1.12372
1260	ORF1a:G432S	0.137647	0.0954762	0.00679984	-0.0900236	0.103623	1.00682	0.91391	1.10918
1261	S:S71Y	0.137396	0.0953021	0.00826867	-0.109684	0.126222	1.0083	0.896117	1.13453
1262	N:P67L	0.137281	0.0952222	0.00896546	-0.119034	0.136965	1.00901	0.887777	1.14679
1263	ORF1b:T1637I	0.136485	0.0946692	0.00894596	-0.11952	0.137412	1.00899	0.887346	1.1473
1264	S:T1231S	0.136302	0.094542	0.00413675	-0.0553478	0.0636213	1.00415	0.946156	1.06569
1265	ORF1a:Y2262H	0.136204	0.0944738	0.00847496	-0.113479	0.130429	1.00851	0.892723	1.13932
1266	ORF1a:A3529T	0.135861	0.0942354	0.00738122	-0.099102	0.113864	1.00741	0.90565	1.1206
1267	ORF1a:L3711F	0.135839	0.0942201	0.00479367	-0.0643722	0.0739596	1.00481	0.937656	1.07676
1268	ORF1b:V1170I	0.135718	0.0941363	0.008017	-0.10776	0.123794	1.00805	0.897843	1.13178
1269	ORF9b:S6N	0.1357	0.0941236	0.00758225	-0.101931	0.117095	1.00761	0.903092	1.12423
1270	N:A35T	0.135475	0.0939672	0.00345446	-0.0465224	0.0534313	1.00346	0.954543	1.05488
1271	S:D215V	0.135406	0.0939193	0.00777267	-0.104735	0.12028	1.0078	0.900564	1.12781
1272	ORF1b:G1129V	0.135279	0.0938308	0.00820973	-0.110736	0.127155	1.00824	0.895175	1.13559
1273	ORF3a:D27N	0.135067	0.0936835	0.00796551	-0.107623	0.123554	1.008	0.897966	1.13151
1274	ORF1a:L397P	0.134966	0.0936135	0.00516358	-0.0698216	0.0801487	1.00518	0.93256	1.08345
1275	ORF7a:V104L	0.134616	0.0933707	0.00868467	-0.117761	0.13513	1.00872	0.888909	1.14469
1276	ORF1b:K469N	0.134583	0.0933473	0.00461476	-0.0625913	0.0718208	1.00463	0.939327	1.07446
1277	ORF1b:E2253V	0.134543	0.0933199	0.00666218	-0.0903893	0.103714	1.00668	0.913575	1.10928
1278	M:M109I	0.134533	0.0933126	0.00602852	-0.081799	0.0938561	1.00605	0.921457	1.0984
1279	ORF1b:R188Q	0.134416	0.0932317	0.00194296	-0.0263879	0.0302738	1.00194	0.973957	1.03074
1280	ORF1a:N3937S	0.133849	0.0928372	0.00423621	-0.0577952	0.0662676	1.00425	0.943843	1.06851
1281	ORF1a:E2619Q	0.133766	0.0927796	0.00714404	-0.097532	0.11182	1.00717	0.907073	1.11831
1282	ORF1a:K1689R	0.133676	0.0927176	0.00351617	-0.0480379	0.0550703	1.00352	0.953098	1.05661
1283	ORF1a:L3338F	0.133551	0.0926306	0.0055831	-0.0763531	0.0875193	1.0056	0.926489	1.09146
1284	ORF3a:H182Y	0.133519	0.0926081	0.0085926	-0.117541	0.134726	1.00863	0.889104	1.14422
1285	N:G30R	0.133516	0.0926065	0.00850875	-0.116396	0.133414	1.00855	0.890123	1.14272
1286	ORF1a:A3454V	0.133444	0.0925564	0.0022169	-0.0303438	0.0347776	1.00222	0.970112	1.03539
1287	ORF1a:G493S	0.133211	0.0923942	0.00719152	-0.0986191	0.113002	1.00722	0.906088	1.11963
1288	ORF7b:H42Q	0.1332	0.0923868	0.00769133	-0.105482	0.120865	1.00772	0.899891	1.12847
1289	ORF1a:Q3826H	0.133105	0.0923206	0.00580749	-0.0797076	0.0913226	1.00582	0.923386	1.09562
1290	ORF1a:L3293I	0.133104	0.0923202	0.00470821	-0.0646203	0.0740367	1.00472	0.937423	1.07685
1291	ORF1a:A2785V	0.132932	0.0922004	0.00822753	-0.11308	0.129535	1.00826	0.893079	1.1383
1292	S:G842S	0.132715	0.0920495	0.00575399	-0.0792224	0.0907304	1.00577	0.923834	1.09497
1293	S:P807S	0.132618	0.0919824	0.00577438	-0.0795652	0.091114	1.00579	0.923518	1.09539
1294	ORF1b:G219C	0.132558	0.0919408	0.00421437	-0.058098	0.0665268	1.00422	0.943557	1.06879
1295	ORF1a:D1513E	0.132528	0.0919195	0.00773393	-0.106644	0.122112	1.00776	0.898846	1.12988
1296	ORF1b:H247Y	0.1325	0.0919004	0.00866339	-0.119487	0.136814	1.0087	0.887376	1.14661
1297	S:E1258V	0.132484	0.0918896	0.00521777	-0.0719734	0.082409	1.00523	0.930556	1.0859
1298	S:N481Y	0.132461	0.0918735	0.00789719	-0.108954	0.124748	1.00793	0.896772	1.13286
1299	ORF1b:K360R	0.131957	0.0915233	0.00830062	-0.114989	0.13159	1.00834	0.891376	1.14064
1300	ORF1a:E2089D	0.13187	0.0914629	0.00885293	-0.122727	0.140432	1.00889	0.884505	1.15077
1301	ORF8:V62A	0.131861	0.0914567	0.00757168	-0.104972	0.120116	1.0076	0.900349	1.12763
1302	ORF1a:E750K	0.131855	0.0914524	0.00555802	-0.0770593	0.0881753	1.00557	0.925835	1.09218
1303	N:A55S	0.131657	0.0913147	0.00236544	-0.0328486	0.0375795	1.00237	0.967685	1.03829
1304	ORF1a:R3662H	0.131636	0.0913002	0.00791634	-0.109952	0.125785	1.00795	0.895877	1.13404
1305	N:P80S	0.131391	0.09113	0.00755077	-0.105084	0.120186	1.00758	0.900249	1.12771
1306	ORF1b:C1563F	0.131379	0.0911218	0.00347262	-0.0483332	0.0552784	1.00348	0.952816	1.05683
1307	ORF1a:A2388V	0.131357	0.0911067	0.00504287	-0.070201	0.0802868	1.00506	0.932206	1.0836
1308	S:T723I	0.131127	0.0909464	0.00231876	-0.03234	0.0369775	1.00232	0.968177	1.03767
1309	S:P479L	0.130925	0.0908062	0.00870567	-0.121619	0.139031	1.00874	0.885485	1.14916
1310	ORF1b:C1880Y	0.130658	0.0906206	0.00753252	-0.105461	0.120526	1.00756	0.89991	1.12809
1311	ORF1a:A307V	0.130536	0.090536	0.00603924	-0.0846384	0.0967169	1.00606	0.918844	1.10155
1312	S:D1118Y	0.130466	0.0904877	0.00711992	-0.0998408	0.114081	1.00715	0.904981	1.12084
1313	ORF1a:T551S	0.130294	0.090368	0.00774459	-0.108754	0.124244	1.00777	0.896951	1.13229
1314	ORF1a:V306F	0.130228	0.0903221	0.00538394	-0.0756457	0.0864136	1.0054	0.927145	1.09026
1315	ORF1a:T1788M	0.129876	0.0900777	0.00543221	-0.0765454	0.0874098	1.00545	0.926311	1.09134
1316	ORF1a:A1176N	0.129703	0.0899577	0.00772773	-0.109047	0.124502	1.00776	0.896688	1.13258
1317	ORF1a:L2062F	0.129604	0.0898886	0.00373425	-0.0527378	0.0602063	1.00374	0.948629	1.06206
1318	ORF1a:V2588F	0.129411	0.0897549	0.00852091	-0.12053	0.137572	1.00856	0.88645	1.14748
1319	N:A273S	0.128781	0.0893172	0.00847295	-0.12048	0.137425	1.00851	0.886495	1.14732
1320	ORF1a:R2875H	0.128773	0.0893112	0.00774767	-0.110174	0.12567	1.00778	0.895678	1.13391
1321	ORF3a:W69L	0.128765	0.0893056	0.00184362	-0.0262186	0.0299059	1.00185	0.974122	1.03036
1322	ORF1a:H1160Y	0.128424	0.0890689	0.00327289	-0.0466768	0.0532226	1.00328	0.954396	1.05466
1323	ORF1b:P1001S	0.128125	0.0888611	0.00818112	-0.116968	0.13333	1.00821	0.889614	1.14263
1324	N:G212S	0.12808	0.0888303	0.00810154	-0.115873	0.132076	1.00813	0.890588	1.1412
1325	ORF1a:P1810L	0.128032	0.0887965	0.00546385	-0.0781791	0.0891068	1.00548	0.924799	1.0932
1326	ORF1a:P1609S	0.127977	0.0887584	0.0048913	-0.0700189	0.0798015	1.0049	0.932376	1.08307
1327	ORF1b:I1611V	0.127803	0.0886375	0.00376705	-0.0540039	0.061538	1.00377	0.947428	1.06347
1328	ORF1a:G2207S	0.127365	0.0883335	0.00468339	-0.0673872	0.076754	1.00469	0.934833	1.07978
1329	ORF1b:T2165M	0.12731	0.0882953	0.00745365	-0.107297	0.122204	1.00748	0.898259	1.12998
1330	N:D144N	0.127257	0.0882583	0.00590298	-0.0850126	0.0968186	1.00592	0.918501	1.10166
1331	ORF1a:K1860R	0.127041	0.0881082	0.00773461	-0.111594	0.127063	1.00776	0.894408	1.13549
1332	ORF1a:G3002S	0.126833	0.0879638	0.00777119	-0.112318	0.12786	1.0078	0.89376	1.13639
1333	ORF1b:S2363F	0.12637	0.0876422	0.00561286	-0.0814412	0.0926669	1.00563	0.921787	1.0971
1334	ORF7a:R118S	0.126131	0.0874761	0.00844691	-0.122811	0.139705	1.00848	0.884431	1.14993
1335	ORF8:P85S	0.126029	0.0874052	0.00773178	-0.112511	0.127974	1.00776	0.893588	1.13652
1336	S:Q314E	0.125803	0.0872487	0.00747037	-0.108915	0.123856	1.0075	0.896807	1.13185
1337	S:K1191R	0.125719	0.0871902	0.00800314	-0.116766	0.132772	1.00804	0.889793	1.14199
1338	M:I82S	0.125598	0.087106	0.00190955	-0.0278891	0.0317082	1.00191	0.972496	1.03222
1339	ORF1a:V3917I	0.125586	0.0870981	0.00525253	-0.0767212	0.0872263	1.00527	0.926148	1.09114
1340	ORF1a:E1724G	0.125368	0.0869462	0.00773907	-0.113251	0.12873	1.00777	0.892926	1.13738
1341	ORF9b:D2G	0.125239	0.086857	0.00781971	-0.114557	0.130196	1.00785	0.891761	1.13905
1342	ORF1a:I1232T	0.125113	0.0867695	0.00767845	-0.112608	0.127965	1.00771	0.893501	1.13651
1343	ORF1a:K141R	0.124875	0.0866043	0.00490192	-0.0720355	0.0818394	1.00491	0.930498	1.08528
1344	ORF1b:M2024T	0.124798	0.0865503	0.00430894	-0.0633635	0.0719814	1.00432	0.938602	1.07464
1345	ORF1a:G3676S	0.124735	0.0865066	0.00293911	-0.0432433	0.0491215	1.00294	0.957678	1.05035
1346	ORF3a:V256G	0.124677	0.0864666	0.00271885	-0.0400224	0.0454601	1.00272	0.960768	1.04651
1347	ORF1a:N460D	0.124667	0.0864598	0.00685399	-0.100901	0.11461	1.00688	0.904022	1.12144
1348	ORF1b:T250I	0.124648	0.0864465	0.00635874	-0.0936258	0.106343	1.00638	0.910623	1.1122
1349	ORF1a:S1905F	0.124348	0.0862382	0.00707975	-0.104511	0.11867	1.0071	0.900765	1.126
1350	ORF1a:T2872M	0.124142	0.0860952	0.00787522	-0.116459	0.13221	1.00791	0.890067	1.14135
1351	ORF1a:K1817N	0.123896	0.085924	0.00454737	-0.0673895	0.0764843	1.00456	0.934831	1.07949
1352	ORF14:W57C	0.123846	0.0858896	0.00826038	-0.122467	0.138987	1.00829	0.884736	1.14911
1353	ORF1a:T2152A	0.123829	0.0858775	0.00797565	-0.118263	0.134214	1.00801	0.888462	1.14364
1354	S:F306L	0.12381	0.0858647	0.00442188	-0.0655782	0.074422	1.00443	0.936526	1.07726
1355	ORF1a:K338R	0.123791	0.085851	0.00655893	-0.0972878	0.110406	1.00658	0.907295	1.11673
1356	ORF1b:I2554V	0.123704	0.0857905	0.00731278	-0.108551	0.123177	1.00734	0.897133	1.13108
1357	S:V407I	0.123573	0.0857001	0.00754956	-0.112192	0.127291	1.00758	0.893873	1.13575
1358	ORF1b:L1701F	0.123438	0.0856059	0.00803038	-0.119477	0.135538	1.00806	0.887384	1.14515
1359	ORF1a:S2488F	0.12343	0.0856008	0.00712179	-0.105966	0.120209	1.00715	0.899455	1.12773
1360	ORF1b:Y1200C	0.12319	0.0854337	0.00811289	-0.120964	0.13719	1.00815	0.886066	1.14705
1361	ORF1b:P1666L	0.122946	0.0852644	0.00772475	-0.115421	0.13087	1.00775	0.890991	1.13982
1362	S:Q173R	0.122699	0.0850929	0.00515298	-0.0771594	0.0874654	1.00517	0.925742	1.0914
1363	S:P621H	0.122429	0.0849056	0.00778794	-0.116889	0.132465	1.00782	0.889684	1.14164
1364	S:I210T	0.122369	0.0848639	0.00396785	-0.0595844	0.0675201	1.00398	0.942156	1.06985
1365	S:E554A	0.12221	0.0847532	0.00682177	-0.102584	0.116227	1.00685	0.902503	1.12325
1366	ORF1b:R2684I	0.122007	0.084612	0.00292865	-0.0441184	0.0499757	1.00293	0.956841	1.05125
1367	M:L29F	0.121863	0.0845122	0.00364235	-0.0549389	0.0622236	1.00365	0.946543	1.0642
1368	S:R1014K	0.121812	0.0844768	0.00724589	-0.109341	0.123833	1.00727	0.896425	1.13183
1369	ORF7a:I110T	0.121787	0.0844595	0.00705904	-0.106545	0.120663	1.00708	0.898935	1.12824
1370	S:V987I	0.121674	0.0843811	0.00793038	-0.119815	0.135675	1.00796	0.887085	1.14531
1371	ORF14:Q12STOP	0.121351	0.0841569	0.00526741	-0.0798074	0.0903422	1.00528	0.923294	1.09455
1372	ORF1b:S759N	0.121247	0.0840842	0.00730335	-0.110756	0.125363	1.00733	0.895157	1.13356
1373	ORF1b:Q2425H	0.120718	0.0837172	0.00322911	-0.0491983	0.0556566	1.00323	0.951992	1.05723
1374	ORF3a:L95F	0.120224	0.0833739	0.00552429	-0.0845363	0.0955849	1.00554	0.918938	1.1003
1375	ORF1a:Q2702H	0.120188	0.0833494	0.00173408	-0.0265444	0.0300126	1.00174	0.973805	1.03047
1376	ORF1a:N615K	0.119917	0.0831611	0.00460803	-0.070707	0.0799231	1.00462	0.931735	1.0832
1377	ORF1a:K636R	0.119856	0.0831187	0.00608736	-0.0934569	0.105632	1.00611	0.910777	1.11141
1378	E:E8D	0.119582	0.0829281	0.00639223	-0.0983775	0.111162	1.00641	0.906307	1.11758
1379	ORF1a:T891I	0.119495	0.0828676	0.00670736	-0.103308	0.116722	1.00673	0.90185	1.12381
1380	ORF1b:V2172I	0.11941	0.0828092	0.00651073	-0.100354	0.113376	1.00653	0.904517	1.12005
1381	ORF1a:Y1734H	0.119358	0.0827727	0.00229861	-0.0354465	0.0400438	1.0023	0.965174	1.04086
1382	ORF1a:S2706G	0.119314	0.0827422	0.00785895	-0.12124	0.136958	1.00789	0.885822	1.14678
1383	ORF1a:Q990L	0.119307	0.0827376	0.00730329	-0.112674	0.127281	1.00733	0.893442	1.13574
1384	ORF1b:I214V	0.119046	0.082556	0.00165203	-0.0255469	0.028851	1.00165	0.974777	1.02927
1385	ORF3a:R126S	0.118862	0.0824284	0.00690159	-0.106901	0.120705	1.00693	0.898614	1.12829
1386	ORF1a:Q526K	0.118481	0.0821636	0.00568962	-0.0884308	0.0998101	1.00571	0.915366	1.10496
1387	ORF1b:N2079S	0.118278	0.0820231	0.00699162	-0.108865	0.122848	1.00702	0.896852	1.13071
1388	ORF1a:P971S	0.117514	0.0814925	0.00285331	-0.0447357	0.0504423	1.00286	0.95625	1.05174
1389	M:C86F	0.117394	0.081409	0.00666969	-0.104685	0.118024	1.00669	0.900608	1.12527
1390	S:D1153A	0.117265	0.0813192	0.00701472	-0.11023	0.124259	1.00704	0.895629	1.13231
1391	ORF14:K28N	0.117166	0.0812506	0.00263158	-0.0413898	0.046653	1.00264	0.959455	1.04776
1392	ORF1a:P3395L	0.117064	0.0811797	0.00165636	-0.0260757	0.0293884	1.00166	0.974261	1.02982
1393	ORF3a:Y91C	0.117063	0.0811795	0.00340479	-0.0536008	0.0604103	1.00341	0.94781	1.06227
1394	ORF1b:I2303L	0.117048	0.0811688	0.00192701	-0.0303408	0.0341948	1.00193	0.970115	1.03479
1395	ORF8:C20Y	0.116729	0.0809477	0.00669037	-0.105645	0.119026	1.00671	0.899744	1.1264
1396	ORF1a:Q563K	0.116481	0.0807754	0.00608731	-0.0963402	0.108515	1.00611	0.908155	1.11462
1397	E:R61L	0.116433	0.0807421	0.00652865	-0.10337	0.116428	1.00655	0.901793	1.12348
1398	N:Q70R	0.116363	0.0806934	0.00639173	-0.101267	0.114051	1.00641	0.903691	1.12081
1399	ORF1a:E10K	0.116265	0.0806249	0.00718486	-0.113936	0.128306	1.00721	0.892315	1.1369
1400	ORF1a:A3837V	0.115953	0.0804089	0.00734003	-0.116729	0.131409	1.00737	0.889827	1.14043
1401	ORF1a:N593S	0.115893	0.0803671	0.00693193	-0.110299	0.124163	1.00696	0.895566	1.1322
1402	ORF1a:T1854I	0.11567	0.0802119	0.00352713	-0.0562382	0.0632925	1.00353	0.945314	1.06534
1403	S:E583Q	0.115193	0.0798806	0.00244601	-0.039172	0.044064	1.00245	0.961585	1.04505
1404	ORF1a:K837R	0.114867	0.0796548	0.00433305	-0.069601	0.0782671	1.00434	0.932766	1.08141
1405	ORF1a:T2247N	0.114841	0.0796367	0.00700376	-0.112527	0.126535	1.00703	0.893573	1.13489
1406	S:K356Q	0.114493	0.0793948	0.00713512	-0.115009	0.129279	1.00716	0.891359	1.13801
1407	N:D144Y	0.114225	0.0792085	0.00763627	-0.123393	0.138666	1.00767	0.883916	1.14874
1408	S:I1130V	0.114189	0.0791841	0.00259116	-0.041884	0.0470663	1.00259	0.958981	1.04819
1409	ORF1b:D294N	0.114156	0.0791608	0.00659138	-0.106577	0.11976	1.00661	0.898906	1.12723
1410	N:G25D	0.1141	0.0791222	0.00596688	-0.0965295	0.108463	1.00598	0.907983	1.11456
1411	ORF1b:E1977D	0.114069	0.0791002	0.00609675	-0.0986596	0.110853	1.00612	0.906051	1.11723
1412	ORF1a:I3108V	0.114024	0.0790695	0.00391672	-0.0634077	0.0712412	1.00392	0.938561	1.07384
1413	ORF1b:L1099F	0.114013	0.0790616	0.00423667	-0.0685946	0.077068	1.00425	0.933705	1.08012
1414	ORF8:F6S	0.113844	0.0789443	0.00282673	-0.0458388	0.0514923	1.00283	0.955196	1.05284
1415	ORF1b:A186T	0.113439	0.0786631	0.00391781	-0.0637729	0.0716085	1.00393	0.938218	1.07423
1416	ORF1a:E867G	0.113415	0.0786465	0.00692267	-0.11271	0.126556	1.00695	0.893409	1.13491
1417	ORF1a:A1812V	0.113265	0.0785425	0.0064672	-0.105442	0.118377	1.00649	0.899926	1.12567
1418	ORF7a:D51Y	0.11276	0.0781914	0.00701378	-0.114898	0.128926	1.00704	0.891457	1.13761
1419	ORF7b:L25I	0.112713	0.0781588	0.00713182	-0.116884	0.131147	1.00716	0.889689	1.14014
1420	N:G25C	0.112506	0.0780156	0.00603862	-0.0991597	0.111237	1.00606	0.905598	1.11766
1421	ORF1a:K2901T	0.111615	0.0773971	0.00708337	-0.1173	0.131467	1.00711	0.889318	1.1405
1422	ORF1a:F586S	0.11142	0.0772612	0.00520309	-0.0863236	0.0967299	1.00522	0.917297	1.10156
1423	ORF1a:T2910I	0.111119	0.0770526	0.00522361	-0.0869125	0.0973597	1.00524	0.916757	1.10226
1424	ORF1a:V1122A	0.110765	0.076807	0.00668032	-0.111526	0.124887	1.0067	0.894468	1.13302
1425	ORF3a:V256I	0.110409	0.0765593	0.00741677	-0.124245	0.139079	1.00744	0.883163	1.14921
1426	ORF1b:A414V	0.110075	0.0763279	0.00238715	-0.0401176	0.0448919	1.00239	0.960676	1.04591
1427	S:T678I	0.109965	0.0762515	0.00491133	-0.0826258	0.0924485	1.00492	0.920696	1.09686
1428	ORF14:M63T	0.109418	0.0758714	0.00676857	-0.114475	0.128012	1.00679	0.891835	1.13657
1429	N:P383S	0.109313	0.0757987	0.00655944	-0.11105	0.124169	1.00658	0.894894	1.13221
1430	ORF1a:P2260S	0.109225	0.0757379	0.00710777	-0.120436	0.134651	1.00713	0.886534	1.14414
1431	S:N1074S	0.10919	0.0757134	0.00177475	-0.030082	0.0336315	1.00178	0.970366	1.0342
1432	ORF1a:A3657V	0.108933	0.0755349	0.00639071	-0.108594	0.121375	1.00641	0.897095	1.12905
1433	ORF1a:Q575R	0.10853	0.0752551	0.00490444	-0.0836659	0.0934748	1.00492	0.919739	1.09798
1434	ORF1a:V4266I	0.10828	0.0750817	0.00567339	-0.0970202	0.108367	1.00569	0.907538	1.11446
1435	ORF6:K42N	0.108016	0.0748988	0.00627716	-0.107622	0.120177	1.0063	0.897967	1.1277
1436	ORF1a:V2206A	0.107701	0.0746799	0.00359933	-0.0619019	0.0691005	1.00361	0.939975	1.07154
1437	ORF1a:T1035I	0.107451	0.0745064	0.00460614	-0.0794123	0.0886246	1.00462	0.923659	1.09267
1438	ORF1a:E754G	0.107234	0.0743559	0.00619242	-0.106989	0.119374	1.00621	0.898536	1.12679
1439	ORF1b:T1173N	0.107144	0.0742931	0.0061512	-0.106372	0.118674	1.00617	0.89909	1.126
1440	ORF1b:A34V	0.107106	0.0742668	0.0040164	-0.0694809	0.0775137	1.00402	0.932878	1.0806
1441	ORF1b:V1520L	0.106758	0.0740256	0.0069876	-0.121297	0.135272	1.00701	0.885771	1.14485
1442	ORF1a:N2531S	0.10675	0.0740199	0.00524353	-0.0910291	0.101516	1.00526	0.912991	1.10685
1443	ORF1b:D729E	0.106672	0.0739658	0.00383869	-0.0666922	0.0743696	1.00385	0.935483	1.0772
1444	ORF7a:STOP122L	0.10631	0.0737143	0.00474208	-0.0826844	0.0921686	1.00475	0.920642	1.09655
1445	ORF1a:D1940G	0.106181	0.0736245	0.00481979	-0.0841477	0.0937873	1.00483	0.919295	1.09833
1446	S:S254P	0.106179	0.0736233	0.00609933	-0.106489	0.118687	1.00612	0.898985	1.12602
1447	ORF1a:K564N	0.106177	0.0736218	0.00419674	-0.0732727	0.0816662	1.00421	0.929347	1.08509
1448	S:M900I	0.106067	0.0735455	0.00592093	-0.103489	0.115331	1.00594	0.901686	1.12225
1449	ORF3a:L108F	0.105762	0.0733341	0.00259387	-0.0454752	0.0506629	1.0026	0.955543	1.05197
1450	ORF1a:P1207H	0.105581	0.0732083	0.00544319	-0.0956021	0.106489	1.00546	0.908826	1.11237
1451	ORF1a:G400D	0.104923	0.0727515	0.00171304	-0.0302867	0.0337128	1.00171	0.970167	1.03429
1452	ORF1b:A1884S	0.104876	0.0727187	0.0050639	-0.0895726	0.0997004	1.00508	0.914322	1.10484
1453	S:F140I	0.104158	0.0722209	0.00643051	-0.114573	0.127434	1.00645	0.891746	1.13591
1454	S:E281V	0.104132	0.0722027	0.00582795	-0.103865	0.115521	1.00584	0.901347	1.12246
1455	ORF1a:K4014R	0.103908	0.0720472	0.00662761	-0.118386	0.131641	1.00665	0.888353	1.1407
1456	ORF1a:V1063I	0.103722	0.071918	0.00605002	-0.108273	0.120373	1.00607	0.897382	1.12792
1457	ORF1a:T1017I	0.103476	0.0717477	0.00584724	-0.104906	0.116601	1.00586	0.900409	1.12367
1458	S:G75S	0.103438	0.0717206	0.00555257	-0.0996591	0.110764	1.00557	0.905146	1.11713
1459	ORF9b:R13H	0.103296	0.0716226	0.00259306	-0.0466081	0.0517942	1.0026	0.954461	1.05316
1460	ORF8:I121N	0.102965	0.0713927	0.00712982	-0.128588	0.142848	1.00716	0.879336	1.15355
1461	ORF1b:T1511I	0.102936	0.0713726	0.00549333	-0.099103	0.11009	1.00551	0.905649	1.11638
1462	ORF1b:H1854Y	0.102839	0.0713049	0.00690613	-0.124715	0.138528	1.00693	0.882748	1.14858
1463	S:Q1201H	0.102603	0.0711416	0.0057286	-0.103701	0.115158	1.00575	0.901495	1.12205
1464	ORF1b:D126N	0.10256	0.0711114	0.00455175	-0.0824343	0.0915378	1.00456	0.920872	1.09586
1465	ORF1a:V1085F	0.102399	0.0709998	0.00618171	-0.112139	0.124502	1.0062	0.89392	1.13258
1466	ORF1a:D629E	0.102352	0.070967	0.00647294	-0.117479	0.130425	1.00649	0.889159	1.13931
1467	S:Q218H	0.102316	0.0709422	0.00565076	-0.102595	0.113897	1.00567	0.902492	1.12064
1468	ORF1a:G572E	0.102297	0.0709288	0.00622038	-0.11296	0.1254	1.00624	0.893187	1.1336
1469	ORF1a:D1697E	0.102205	0.0708649	0.00617083	-0.112166	0.124508	1.00619	0.893896	1.13259
1470	ORF1b:V1538I	0.102142	0.0708217	0.00620718	-0.1129	0.125314	1.00623	0.89324	1.1335
1471	N:A90S	0.102016	0.0707337	0.00640873	-0.116718	0.129536	1.00643	0.889836	1.1383
1472	S:K558N	0.101832	0.0706061	0.00458631	-0.0836868	0.0928594	1.0046	0.919719	1.09731
1473	S:R190M	0.10175	0.0705492	0.00637112	-0.116353	0.129096	1.00639	0.890161	1.1378
1474	ORF1a:E940G	0.101706	0.0705191	0.00408686	-0.0746702	0.082844	1.0041	0.928049	1.08637
1475	S:T676P	0.101678	0.0704997	0.00591274	-0.108062	0.119887	1.00593	0.897572	1.12737
1476	ORF1a:E913D	0.101641	0.0704738	0.00194739	-0.0356046	0.0394994	1.00195	0.965022	1.04029
1477	ORF1b:T1137I	0.101624	0.0704617	0.00543195	-0.0993314	0.110195	1.00545	0.905443	1.1165
1478	ORF1b:P1682S	0.101586	0.0704357	0.00637588	-0.116638	0.12939	1.0064	0.889907	1.13813
1479	ORF1a:I1525V	0.101571	0.0704252	0.0042266	-0.077332	0.0857852	1.00424	0.925582	1.08957
1480	ORF1b:T2099I	0.101502	0.0703775	0.0038786	-0.0710154	0.0787726	1.00389	0.931448	1.08196
1481	ORF10:L16P	0.101441	0.070335	0.00327785	-0.0600542	0.0666099	1.00328	0.941713	1.06888
1482	ORF3a:H204Y	0.101256	0.0702067	0.00633015	-0.116199	0.12886	1.00635	0.890298	1.13753
1483	ORF1a:H919Y	0.100898	0.069958	0.00570507	-0.105117	0.116527	1.00572	0.900219	1.12359
1484	ORF1b:A2589T	0.100865	0.0699351	0.00642713	-0.118462	0.131317	1.00645	0.888285	1.14033
1485	ORF1a:E1633K	0.100823	0.0699057	0.00573137	-0.105685	0.117148	1.00575	0.899708	1.12429
1486	ORF1b:M2408I	0.100797	0.0698879	0.0059709	-0.110132	0.122073	1.00599	0.895716	1.12984
1487	ORF1b:V464F	0.100797	0.0698877	0.00607871	-0.11212	0.124278	1.0061	0.893937	1.13233
1488	ORF1a:R724K	0.100321	0.0695575	0.00643928	-0.119365	0.132243	1.00646	0.887484	1.14139
1489	S:S155I	0.100292	0.0695377	0.00403455	-0.0748108	0.0828799	1.00404	0.927919	1.08641
1490	S:V36I	0.100143	0.0694342	0.00588692	-0.10933	0.121104	1.0059	0.896435	1.12874
1491	ORF3a:K136E	0.100098	0.0694032	0.00382611	-0.0710906	0.0787428	1.00383	0.931378	1.08193
1492	ORF1b:P1368S	0.100079	0.0693899	0.00627027	-0.116528	0.129068	1.00629	0.890006	1.13777
1493	N:P151L	0.100063	0.0693787	0.00235786	-0.0438262	0.0485419	1.00236	0.95712	1.04974
1494	ORF1a:R2115S	0.0999287	0.0692855	0.00571615	-0.106398	0.117831	1.00573	0.899067	1.12505
1495	S:Q675K	0.099924	0.0692822	0.00445987	-0.0830185	0.0919382	1.00447	0.920334	1.0963
1496	ORF1a:T568I	0.0998913	0.0692595	0.00328125	-0.0611	0.0676626	1.00329	0.940729	1.07
1497	ORF1a:V438I	0.099694	0.0691226	0.00539258	-0.100625	0.11141	1.00541	0.904272	1.11785
1498	ORF7a:Q21H	0.0995855	0.0690473	0.00526213	-0.098303	0.108827	1.00528	0.906374	1.11497
1499	S:P1079T	0.0995624	0.0690312	0.00662235	-0.123744	0.136989	1.00664	0.883606	1.14682
1500	ORF6:K23I	0.0995342	0.0690116	0.00584872	-0.109321	0.121018	1.00587	0.896443	1.12865
1501	ORF1a:K1657E	0.0992669	0.0688262	0.00246181	-0.0461452	0.0510688	1.00246	0.954903	1.0524
1502	ORF1a:D992N	0.0992467	0.0688122	0.00456727	-0.085629	0.0947636	1.00458	0.917935	1.0994
1503	S:S929N	0.099201	0.0687804	0.0062408	-0.117062	0.129544	1.00626	0.88953	1.13831
1504	S:S514F	0.0991657	0.0687559	0.00305924	-0.0574052	0.0635237	1.00306	0.944211	1.06558
1505	ORF9b:STOP98S	0.0990397	0.0686685	0.00684448	-0.128606	0.142295	1.00687	0.879321	1.15292
1506	ORF1a:A3457S	0.0986888	0.068425	0.0048703	-0.091854	0.101595	1.00488	0.912238	1.10693
1507	S:A688S	0.0985595	0.0683353	0.00561407	-0.106028	0.117256	1.00563	0.8994	1.12441
1508	ORF1a:Y496C	0.0985446	0.0683249	0.00607268	-0.114708	0.126853	1.00609	0.891627	1.13525
1509	ORF1a:L16F	0.098258	0.068126	0.00394341	-0.0747162	0.082603	1.00395	0.928007	1.08611
1510	ORF1a:V1453I	0.0980701	0.0679957	0.00514119	-0.0976071	0.107889	1.00515	0.907005	1.11392
1511	ORF1b:Y1200H	0.097653	0.0677062	0.00632227	-0.12057	0.133215	1.00634	0.886415	1.1425
1512	S:R246G	0.0974298	0.0675513	0.00601061	-0.114903	0.126924	1.00603	0.891453	1.13533
1513	ORF1a:L1249F	0.0970892	0.067315	0.00368515	-0.0707078	0.0780781	1.00369	0.931734	1.08121
1514	ORF1a:V3091I	0.0969962	0.0672504	0.00439435	-0.0844006	0.0931893	1.0044	0.919063	1.09767
1515	ORF1b:D2179G	0.0969925	0.0672479	0.00628645	-0.120746	0.133319	1.00631	0.886259	1.14261
1516	ORF1a:T2280N	0.09652	0.06692	0.00593272	-0.114539	0.126404	1.00595	0.891777	1.13474
1517	ORF1a:S2519P	0.0961137	0.0666381	0.00590495	-0.11451	0.126319	1.00592	0.891803	1.13464
1518	ORF3a:V77A	0.0958604	0.0664623	0.00588154	-0.114373	0.126136	1.0059	0.891926	1.13444
1519	S:D1165G	0.0957895	0.0664131	0.00578881	-0.112657	0.124235	1.00581	0.893457	1.13228
1520	ORF1a:G3971S	0.0956904	0.0663443	0.00512814	-0.0999081	0.110164	1.00514	0.904921	1.11646
1521	S:N211Y	0.09565	0.0663163	0.00670298	-0.130648	0.144054	1.00673	0.877527	1.15495
1522	S:I105V	0.0955383	0.0662388	0.00593987	-0.115916	0.127796	1.00596	0.89055	1.13632
1523	ORF3a:W45L	0.0953776	0.0661273	0.00415204	-0.0811703	0.0894744	1.00416	0.922037	1.0936
1524	ORF1a:K399R	0.094809	0.0657327	0.00286992	-0.0564593	0.0621991	1.00287	0.945105	1.06417
1525	ORF1a:V1393A	0.0945784	0.0655727	0.00541931	-0.106886	0.117724	1.00543	0.898628	1.12493
1526	ORF3a:S216P	0.0945587	0.0655591	0.00449205	-0.0886167	0.0976008	1.0045	0.915196	1.10252
1527	ORF1a:I1203T	0.0945284	0.065538	0.00273913	-0.0540544	0.0595326	1.00274	0.947381	1.06134
1528	S:Y144V	0.0944848	0.0655078	0.00212239	-0.0419039	0.0461487	1.00212	0.958962	1.04723
1529	S:V83F	0.0944734	0.0654999	0.00565306	-0.111626	0.122933	1.00567	0.894378	1.13081
1530	ORF1a:H1613Y	0.0944264	0.0654672	0.0053707	-0.106106	0.116848	1.00539	0.899329	1.12395
1531	S:H49Y	0.0944126	0.0654576	0.00383582	-0.0757941	0.0834657	1.00384	0.927007	1.08705
1532	ORF1a:V3925I	0.0939855	0.0651613	0.00583807	-0.115908	0.127585	1.00586	0.890557	1.13608
1533	ORF1a:P2792S	0.0937717	0.065013	0.00486321	-0.0967848	0.106511	1.00488	0.907751	1.11239
1534	N:G34W	0.0936978	0.0649617	0.00549782	-0.109505	0.120501	1.00551	0.896277	1.12806
1535	N:S202G	0.093599	0.0648932	0.00616889	-0.123008	0.135345	1.00619	0.884257	1.14493
1536	ORF1a:D1229G	0.0934159	0.0647661	0.00328133	-0.0655644	0.0721271	1.00329	0.936539	1.07479
1537	S:I1114T	0.0933264	0.064704	0.00388683	-0.0777412	0.0855149	1.00389	0.925204	1.08928
1538	ORF1a:R3339S	0.0931595	0.0645882	0.00637402	-0.127728	0.140476	1.00639	0.880093	1.15082
1539	ORF7a:A66T	0.0931192	0.0645602	0.00207728	-0.0416451	0.0457997	1.00208	0.95921	1.04686
1540	S:Q218R	0.0930904	0.0645402	0.00503166	-0.100907	0.11097	1.00504	0.904017	1.11736
1541	ORF1a:K1226E	0.0930668	0.0645239	0.00451232	-0.090516	0.0995407	1.00452	0.91346	1.10466
1542	ORF1a:Q2034L	0.0929367	0.0644336	0.00458855	-0.0921804	0.101358	1.0046	0.911941	1.10667
1543	ORF1a:C3059G	0.0921408	0.0638813	0.00451804	-0.091587	0.100623	1.00453	0.912482	1.10586
1544	N:A251V	0.0920647	0.0638286	0.00537083	-0.108969	0.11971	1.00539	0.896759	1.12717
1545	ORF1a:A698T	0.0916974	0.0635737	0.00570107	-0.116155	0.127557	1.00572	0.890337	1.13605
1546	ORF1b:L2032F	0.0916821	0.0635631	0.00510721	-0.104074	0.114288	1.00512	0.901159	1.12108
1547	ORF1b:S425A	0.0915164	0.0634481	0.00193147	-0.0394339	0.0432968	1.00193	0.961334	1.04425
1548	ORF1b:D436N	0.0915061	0.063441	0.0053977	-0.110215	0.121011	1.00541	0.895641	1.12864
1549	ORF1b:D2179A	0.0913631	0.0633418	0.00535274	-0.109477	0.120182	1.00537	0.896303	1.1277
1550	S:H1159Y	0.091316	0.0633091	0.00536946	-0.109878	0.120617	1.00538	0.895943	1.12819
1551	S:K147Q	0.0908764	0.0630041	0.00511257	-0.105152	0.115377	1.00513	0.900188	1.1223
1552	ORF1b:P1567L	0.0908372	0.0629769	0.00224044	-0.0461008	0.0505817	1.00224	0.954946	1.05188
1553	ORF1a:S531G	0.0907454	0.0629132	0.0053865	-0.110954	0.121727	1.0054	0.89498	1.12945
1554	ORF3a:W45C	0.0904466	0.0627059	0.0056255	-0.116278	0.127529	1.00564	0.890228	1.13602
1555	ORF3a:A59V	0.0903736	0.0626553	0.00586143	-0.121257	0.13298	1.00588	0.885806	1.14223
1556	ORF3a:G100C	0.0903707	0.0626532	0.00353159	-0.0730616	0.0801248	1.00354	0.929544	1.08342
1557	ORF1a:S2553F	0.0903318	0.0626262	0.00287168	-0.0594362	0.0651796	1.00288	0.942296	1.06735
1558	ORF1a:L3808F	0.0901944	0.0625309	0.00541889	-0.112336	0.123174	1.00543	0.893744	1.13108
1559	ORF1a:H712N	0.0900445	0.0624269	0.00529131	-0.109883	0.120465	1.00531	0.895939	1.12802
1560	S:E780K	0.0900377	0.0624222	0.00577998	-0.12004	0.1316	1.0058	0.886885	1.14065
1561	ORF7a:I88V	0.0899109	0.0623342	0.00553976	-0.115221	0.126301	1.00556	0.891169	1.13462
1562	N:A35S	0.0897634	0.0622319	0.0049674	-0.103495	0.113429	1.00498	0.901681	1.12011
1563	ORF1a:S4119T	0.0896846	0.0621772	0.00549648	-0.114623	0.125616	1.00551	0.891702	1.13385
1564	S:A846V	0.089645	0.0621497	0.00469739	-0.0980045	0.107399	1.00471	0.906645	1.11338
1565	S:K458M	0.0895628	0.0620927	0.00596424	-0.124555	0.136484	1.00598	0.88289	1.14624
1566	N:D415E	0.0894781	0.062034	0.00583803	-0.12204	0.133717	1.00586	0.885113	1.14307
1567	ORF1a:L92F	0.0894222	0.0619952	0.00472498	-0.0988375	0.108287	1.00474	0.90589	1.11437
1568	ORF1b:A2222V	0.0888825	0.0616207	0.00344024	-0.0724212	0.0793017	1.00345	0.930139	1.08253
1569	ORF1b:D1746N	0.0888803	0.0616192	0.00528454	-0.111249	0.121818	1.0053	0.894716	1.12955
1570	ORF1a:K1973S	0.0888524	0.0615999	0.00363431	-0.0765337	0.0838023	1.00364	0.926322	1.08741
1571	ORF1a:E148D	0.0888469	0.061596	0.00542028	-0.114151	0.124992	1.00543	0.892123	1.13314
1572	ORF1a:M2796T	0.0887918	0.0615578	0.00393426	-0.0829094	0.0907779	1.00394	0.920435	1.09503
1573	ORF1b:T2048A	0.0887352	0.0615185	0.00546483	-0.115241	0.126171	1.00548	0.891151	1.13448
1574	ORF1b:K2385N	0.0886991	0.0614935	0.0015826	-0.0333879	0.0365531	1.00158	0.967163	1.03723
1575	ORF1a:I2278T	0.0886258	0.0614427	0.00514861	-0.108713	0.11901	1.00516	0.896988	1.12638
1576	ORF1a:E91K	0.0886184	0.0614375	0.00556565	-0.117529	0.128661	1.00558	0.889114	1.1373
1577	ORF1a:L3900S	0.0885658	0.061401	0.00422526	-0.0892798	0.0977303	1.00423	0.91459	1.10267
1578	S:S1261Y	0.0885223	0.0613708	0.00383344	-0.0810424	0.0887093	1.00384	0.922155	1.09276
1579	ORF7a:R25T	0.088297	0.0612145	0.00574253	-0.121727	0.133212	1.00576	0.88539	1.14249
1580	ORF1a:I1206V	0.0882753	0.0611995	0.00482341	-0.10227	0.111917	1.00484	0.902786	1.11842
1581	ORF1a:N2187S	0.0878347	0.0608938	0.00367547	-0.0783397	0.0856906	1.00368	0.92465	1.08947
1582	ORF3a:S177I	0.087833	0.0608926	0.0056023	-0.119411	0.130616	1.00562	0.887443	1.13953
1583	ORF1b:A1643S	0.0874433	0.0606222	0.00504967	-0.108134	0.118234	1.00506	0.897507	1.12551
1584	S:V1129I	0.0871868	0.0604443	0.00461071	-0.0990382	0.10826	1.00462	0.905708	1.11434
1585	ORF10:Y14H	0.0870852	0.0603738	0.00574232	-0.123496	0.134981	1.00576	0.883825	1.14451
1586	ORF1b:A572S	0.0869258	0.0602632	0.00498555	-0.107426	0.117398	1.005	0.898143	1.12457
1587	ORF7a:S81L	0.086876	0.0602287	0.00576766	-0.124354	0.135889	1.00578	0.883068	1.14555
1588	S:S477D	0.0868438	0.0602064	0.00413793	-0.0892504	0.0975263	1.00415	0.914617	1.10244
1589	ORF1a:R3164L	0.086735	0.0601309	0.00498094	-0.107574	0.117536	1.00499	0.89801	1.12472
1590	ORF1a:A702V	0.086664	0.0600816	0.00537148	-0.116108	0.126851	1.00539	0.890379	1.13525
1591	ORF1a:T4175V	0.0865284	0.0599875	0.00368901	-0.0798711	0.0872491	1.0037	0.923235	1.09117
1592	N:A414S	0.0864435	0.0599286	0.00465815	-0.100958	0.110274	1.00467	0.903971	1.11658
1593	ORF3a:D210Y	0.0863987	0.0598976	0.00396489	-0.085979	0.0939088	1.00397	0.917613	1.09846
1594	ORF1a:I3126T	0.0863468	0.0598616	0.00507802	-0.110187	0.120343	1.00509	0.895667	1.12788
1595	ORF14:L9F	0.0854992	0.0592736	0.00497854	-0.109148	0.119106	1.00499	0.896597	1.12649
1596	S:E990D	0.0853886	0.0591968	0.00499899	-0.109745	0.119743	1.00501	0.896062	1.12721
1597	ORF1a:K1247R	0.0853845	0.059194	0.00543189	-0.119255	0.130119	1.00545	0.887582	1.13896
1598	ORF1a:V1477I	0.0851829	0.0590542	0.00374273	-0.0823732	0.0898587	1.00375	0.920928	1.09402
1599	ORF3a:V48F	0.0851509	0.0590319	0.00440236	-0.0969291	0.105734	1.00441	0.90762	1.11153
1600	ORF1a:T3287I	0.0851401	0.0590244	0.00558314	-0.122943	0.13411	1.0056	0.884314	1.14352
1601	ORF1a:V3510F	0.0849398	0.0588855	0.0042045	-0.0928131	0.101222	1.00421	0.911364	1.10652
1602	S:Q836R	0.0848394	0.0588158	0.0048566	-0.107341	0.117054	1.00487	0.898219	1.12418
1603	N:K65R	0.0847768	0.0587724	0.00585783	-0.12957	0.141286	1.00587	0.878473	1.15175
1604	S:R646H	0.0847229	0.058735	0.00520448	-0.115195	0.125604	1.00522	0.891192	1.13383
1605	S:Q14R	0.0846958	0.0587162	0.00388199	-0.0859519	0.0937159	1.00389	0.917638	1.09825
1606	ORF1b:D1024N	0.084302	0.058443	0.00505683	-0.112511	0.122625	1.00507	0.893588	1.13046
1607	ORF1a:K2208N	0.0842838	0.0584304	0.00526634	-0.117199	0.127732	1.00528	0.889408	1.13625
1608	ORF6:D61F	0.0841503	0.0583378	0.00480092	-0.107018	0.11662	1.00481	0.898509	1.12369
1609	ORF1b:V1132I	0.0839312	0.0581858	0.00490262	-0.109583	0.119389	1.00491	0.896207	1.12681
1610	ORF1b:E1888K	0.0836524	0.0579924	0.00528987	-0.118651	0.129231	1.0053	0.888118	1.13795
1611	N:T265S	0.0835756	0.0579392	0.00513554	-0.1153	0.125571	1.00515	0.891099	1.1338
1612	S:G1167S	0.0833922	0.0578119	0.00530927	-0.119474	0.130093	1.00532	0.887387	1.13893
1613	ORF1a:A1923T	0.0833022	0.0577495	0.00200915	-0.0452628	0.0492811	1.00201	0.955746	1.05052
1614	N:N196S	0.082971	0.0575197	0.00146747	-0.0331974	0.0361324	1.00147	0.967348	1.03679
1615	ORF1a:E102K	0.08296	0.0575121	0.00152967	-0.0346094	0.0376688	1.00153	0.965983	1.03839
1616	ORF1a:P1659L	0.0829289	0.0574906	0.00456535	-0.103333	0.112464	1.00458	0.901826	1.11903
1617	ORF3a:Q245R	0.0828797	0.0574564	0.00474132	-0.107383	0.116865	1.00475	0.898182	1.12397
1618	ORF1b:L1248F	0.0827153	0.0573424	0.0020597	-0.0467456	0.050865	1.00206	0.95433	1.05218
1619	ORF7b:E33A	0.0825361	0.057218	0.00536991	-0.122148	0.132888	1.00538	0.885017	1.14212
1620	S:Q239R	0.0824509	0.0571589	0.00200176	-0.0455827	0.0495862	1.002	0.955441	1.05084
1621	ORF1a:V988I	0.0824348	0.0571477	0.00509801	-0.116112	0.126308	1.00511	0.890375	1.13463
1622	ORF3a:Q213K	0.0823871	0.0571147	0.00169929	-0.0387264	0.042125	1.0017	0.962014	1.04302
1623	S:G252D	0.0823595	0.0570956	0.00517094	-0.117885	0.128227	1.00518	0.888798	1.13681
1624	ORF1a:G993D	0.082288	0.0570459	0.0052856	-0.120609	0.13118	1.0053	0.886381	1.14017
1625	ORF7b:H42Y	0.0822752	0.0570371	0.0032541	-0.0742652	0.0807734	1.00326	0.928425	1.08413
1626	S:Y451H	0.0819025	0.0567785	0.00259025	-0.0593957	0.0645762	1.00259	0.942334	1.06671
1627	ORF1a:V1025L	0.0819019	0.0567781	0.00338768	-0.0776817	0.0844571	1.00339	0.925259	1.08813
1628	ORF1a:L2119F	0.081837	0.0567331	0.00445862	-0.102324	0.111241	1.00447	0.902737	1.11766
1629	S:D614N	0.0818275	0.0567265	0.00357297	-0.0820082	0.0891542	1.00358	0.921264	1.09325
1630	ORF3a:K16E	0.0812493	0.0563255	0.00540664	-0.125017	0.13583	1.00542	0.882482	1.14549
1631	ORF1a:A968V	0.0811364	0.0562471	0.00498302	-0.115389	0.125355	1.005	0.891019	1.13355
1632	ORF9b:A29T	0.081096	0.0562191	0.00485861	-0.112566	0.122284	1.00487	0.893538	1.13007
1633	ORF3a:L83F	0.0810592	0.0561936	0.0048662	-0.112796	0.122528	1.00488	0.893333	1.13035
1634	ORF9b:G38V	0.0807242	0.0559612	0.00334637	-0.0779026	0.0845954	1.00335	0.925054	1.08828
1635	ORF1a:K2928N	0.0807057	0.0559483	0.0048731	-0.113472	0.123218	1.00488	0.892729	1.13113
1636	ORF3a:I118M	0.0806858	0.0559345	0.00388693	-0.0905318	0.0983057	1.00389	0.913445	1.1033
1637	ORF1a:A385T	0.0806703	0.0559238	0.00495292	-0.115383	0.125289	1.00497	0.891025	1.13348
1638	ORF1a:K1202N	0.0805564	0.0558448	0.00274148	-0.0639597	0.0694427	1.00275	0.938043	1.07191
1639	ORF1a:I841V	0.0805433	0.0558357	0.00477871	-0.111508	0.121065	1.00479	0.894484	1.1287
1640	ORF1a:K292N	0.0803749	0.0557189	0.00288767	-0.0675289	0.0733043	1.00289	0.934701	1.07606
1641	ORF14:L71S	0.0802026	0.0555994	0.00443754	-0.104005	0.112881	1.00445	0.90122	1.1195
1642	ORF1a:T4065I	0.0799002	0.0553896	0.00479424	-0.112809	0.122398	1.00481	0.893321	1.1302
1643	ORF1a:K1860T	0.0787355	0.0545818	0.00337456	-0.0806284	0.0873775	1.00338	0.922536	1.09131
1644	S:E1092K	0.0783648	0.0543246	0.00322689	-0.07748	0.0839338	1.00323	0.925445	1.08756
1645	ORF3a:M5I	0.0783439	0.0543102	0.00429142	-0.103069	0.111652	1.0043	0.902065	1.11812
1646	ORF1b:V222I	0.0780518	0.0541076	0.00463662	-0.111794	0.121067	1.00465	0.894229	1.1287
1647	ORF1a:Y1920C	0.0779143	0.0540122	0.00483277	-0.116737	0.126403	1.00484	0.889819	1.13474
1648	ORF3a:A98V	0.0774712	0.0537048	0.00497107	-0.120793	0.130735	1.00498	0.886217	1.13967
1649	S:V551I	0.0772152	0.0535273	0.00426856	-0.104081	0.112618	1.00428	0.901152	1.1192
1650	ORF1b:A1369V	0.0770669	0.0534244	0.00431548	-0.105436	0.114067	1.00432	0.899932	1.12083
1651	ORF7a:A13T	0.0770235	0.0533943	0.00312129	-0.076304	0.0825466	1.00313	0.926534	1.08605
1652	ORF3a:Y107S	0.0764264	0.0529802	0.00432167	-0.106508	0.115151	1.00433	0.898968	1.12204
1653	N:T393I	0.076293	0.0528876	0.00218583	-0.0539681	0.0583398	1.00219	0.947462	1.06008
1654	N:G18S	0.076124	0.0527704	0.00429442	-0.106274	0.114863	1.0043	0.899178	1.12172
1655	ORF1a:V2522L	0.0760944	0.0527499	0.00447694	-0.110836	0.119789	1.00449	0.895086	1.12726
1656	S:R346E	0.0760908	0.0527474	0.00436073	-0.107964	0.116685	1.00437	0.89766	1.12377
1657	ORF3a:G100S	0.0759735	0.0526661	0.00202734	-0.050274	0.0543287	1.00203	0.950969	1.05583
1658	ORF1a:I4049V	0.07597	0.0526636	0.00167989	-0.0416599	0.0450197	1.00168	0.959196	1.04605
1659	ORF1a:A537S	0.0754446	0.0522992	0.00252132	-0.0629795	0.0680222	1.00252	0.938963	1.07039
1660	ORF3a:Q57R	0.0753185	0.0522118	0.00288909	-0.0722919	0.0780701	1.00289	0.930259	1.0812
1661	S:D936Y	0.0752172	0.0521415	0.00179102	-0.0448783	0.0484603	1.00179	0.956114	1.04965
1662	ORF9b:D2E	0.0751625	0.0521036	0.00450104	-0.11287	0.121872	1.00451	0.893267	1.12961
1663	S:F486L	0.0749258	0.0519394	0.00447153	-0.112498	0.121441	1.00448	0.893599	1.12912
1664	S:L56V	0.0746133	0.0517226	0.00285413	-0.0721189	0.0778272	1.00286	0.93042	1.08094
1665	ORF1a:T1521I	0.0745077	0.0516494	0.00505072	-0.127811	0.137913	1.00506	0.88002	1.14788
1666	ORF1b:D1565N	0.0742922	0.0514999	0.00438591	-0.111322	0.120094	1.0044	0.89465	1.1276
1667	S:I569T	0.0742787	0.0514906	0.00376673	-0.0956246	0.103158	1.00377	0.908805	1.10867
1668	S:T572N	0.0740792	0.0513522	0.00451517	-0.114946	0.123976	1.00453	0.891415	1.13199
1669	S:P251H	0.0739643	0.0512725	0.00425288	-0.108443	0.116949	1.00426	0.89723	1.12406
1670	S:H245P	0.0738902	0.0512211	0.00449936	-0.114848	0.123847	1.00451	0.891502	1.13184
1671	ORF1a:A2139V	0.0736928	0.0510843	0.00359466	-0.0920105	0.0991998	1.0036	0.912096	1.10429
1672	ORF1b:R1622I	0.0736399	0.0510475	0.00480383	-0.123053	0.13266	1.00482	0.884217	1.14186
1673	ORF1a:A3686V	0.0735121	0.0509589	0.0036877	-0.0946331	0.102008	1.00369	0.909707	1.10739
1674	ORF1a:P1950H	0.0732562	0.0507814	0.00442922	-0.114074	0.122933	1.00444	0.892192	1.13081
1675	ORF1a:R3662C	0.0731668	0.0507194	0.0043169	-0.111323	0.119956	1.00433	0.89465	1.12745
1676	ORF1a:N1172D	0.0730436	0.050634	0.00402299	-0.103925	0.111971	1.00403	0.901293	1.11848
1677	ORF1a:A2388T	0.0729637	0.0505786	0.0045932	-0.11879	0.127977	1.0046	0.887994	1.13653
1678	ORF1a:A3610V	0.0728232	0.0504811	0.00440972	-0.114274	0.123093	1.00442	0.892014	1.13099
1679	ORF7a:Q62R	0.0728077	0.0504704	0.00410637	-0.106436	0.114649	1.00411	0.899032	1.12148
1680	ORF3a:Y156C	0.0728045	0.0504682	0.00103234	-0.0267591	0.0288238	1.00103	0.973596	1.02924
1681	N:A218S	0.072756	0.0504345	0.00391859	-0.101644	0.109481	1.00393	0.903351	1.1157
1682	ORF14:E51STOP	0.0725892	0.0503189	0.00108129	-0.0281144	0.0302769	1.00108	0.972277	1.03074
1683	S:P1263T	0.0723597	0.0501597	0.00167526	-0.0437015	0.047052	1.00168	0.95724	1.04818
1684	ORF1a:D629A	0.0723427	0.0501479	0.00508165	-0.132594	0.142758	1.00509	0.87582	1.15345
1685	ORF1a:A2785T	0.0721871	0.05004	0.00428907	-0.112164	0.120742	1.0043	0.893898	1.12833
1686	ORF1a:L1191F	0.0720766	0.0499634	0.00382675	-0.100233	0.107887	1.00383	0.904626	1.11392
1687	S:R1091H	0.0719633	0.0498848	0.00465032	-0.122004	0.131305	1.00466	0.885145	1.14032
1688	ORF3a:I179V	0.0719553	0.0498792	0.00427355	-0.112132	0.120679	1.00428	0.893926	1.12826
1689	ORF1a:P804S	0.0719442	0.0498715	0.00273882	-0.0718744	0.0773521	1.00274	0.930648	1.08042
1690	ORF1a:N313D	0.0719412	0.0498694	0.00401084	-0.10526	0.113282	1.00402	0.90009	1.11995
1691	S:K97N	0.0718973	0.049839	0.00444593	-0.116753	0.125645	1.00446	0.889805	1.13388
1692	ORF1a:E1210K	0.071881	0.0498277	0.00393762	-0.103429	0.111304	1.00395	0.90174	1.11773
1693	S:L441V	0.0716784	0.0496871	0.00317768	-0.0837124	0.0900678	1.00318	0.919696	1.09425
1694	ORF1a:I3148V	0.0716239	0.0496494	0.00414542	-0.109293	0.117584	1.00415	0.896468	1.12478
1695	ORF1a:A474V	0.0715978	0.0496313	0.00496464	-0.130941	0.14087	1.00498	0.87727	1.15127
1696	ORF1a:E553K	0.0715707	0.0496125	0.00418708	-0.110476	0.11885	1.0042	0.895408	1.1262
1697	ORF3a:A99G	0.0712144	0.0493654	0.00402801	-0.106831	0.114887	1.00404	0.898678	1.12175
1698	ORF1a:S443P	0.0712007	0.0493559	0.00448587	-0.118998	0.12797	1.0045	0.88781	1.13652
1699	S:A852V	0.0711475	0.049319	0.00445731	-0.118332	0.127247	1.00447	0.888401	1.1357
1700	ORF14:E42G	0.0709971	0.0492147	0.00421943	-0.112263	0.120702	1.00423	0.893809	1.12829
1701	S:E484V	0.0708586	0.0491186	0.00453169	-0.120816	0.129879	1.00454	0.886197	1.13869
1702	ORF1a:E148G	0.0708257	0.0490958	0.00391194	-0.104343	0.112167	1.00392	0.900916	1.1187
1703	ORF1a:A372T	0.0708022	0.0490795	0.00176945	-0.0472129	0.0507518	1.00177	0.953884	1.05206
1704	ORF1a:L3754F	0.0703154	0.0487419	0.00314384	-0.0844871	0.0907748	1.00315	0.918984	1.09502
1705	ORF1b:A373V	0.0701804	0.0486483	0.00399419	-0.107554	0.115542	1.004	0.898028	1.12248
1706	ORF1a:V3165I	0.0701548	0.0486305	0.00472977	-0.127409	0.136869	1.00474	0.880373	1.14668
1707	ORF1a:K3832N	0.0701431	0.0486224	0.00421911	-0.113673	0.122111	1.00423	0.89255	1.12988
1708	S:F565L	0.0701333	0.0486157	0.0018084	-0.0487296	0.0523464	1.00181	0.952439	1.05374
1709	ORF7a:N52D	0.0699556	0.0484924	0.00454075	-0.122678	0.13176	1.00455	0.884548	1.14083
1710	S:G1219C	0.0697109	0.0483227	0.00312494	-0.0847347	0.0909846	1.00313	0.918756	1.09525
1711	ORF1b:T792N	0.0695263	0.0481947	0.0043666	-0.118729	0.127462	1.00438	0.888049	1.13594
1712	ORF1a:V116M	0.0694691	0.048155	0.00492181	-0.133939	0.143783	1.00493	0.874643	1.15463
1713	N:A252S	0.0694088	0.0481132	0.00381713	-0.103971	0.111605	1.00382	0.901251	1.11807
1714	ORF8:A51V	0.0693204	0.0480519	0.00212865	-0.0580567	0.062314	1.00213	0.943596	1.0643
1715	ORF8:Q18L	0.0692915	0.0480318	0.0041317	-0.112737	0.121	1.00414	0.893386	1.12863
1716	S:R357K	0.0688649	0.047736	0.00408302	-0.112124	0.12029	1.00409	0.893934	1.12782
1717	ORF1a:M3616V	0.0688408	0.0477193	0.00482767	-0.132621	0.142276	1.00484	0.875797	1.15289
1718	ORF1a:A2636T	0.0688373	0.0477169	0.00418169	-0.114881	0.123244	1.00419	0.891472	1.13116
1719	S:L84V	0.0687729	0.0476722	0.00371418	-0.102136	0.109565	1.00372	0.902906	1.11579
1720	ORF1a:V2862M	0.0686356	0.047577	0.00458263	-0.126279	0.135444	1.00459	0.881369	1.14505
1721	ORF1b:P1223S	0.0680569	0.0471756	0.00303799	-0.0844529	0.090529	1.00304	0.919015	1.09475
1722	ORF1b:D2067Y	0.0679964	0.0471338	0.0039944	-0.111142	0.119131	1.004	0.894812	1.12652
1723	S:K1045N	0.067944	0.0470974	0.00363701	-0.101279	0.108553	1.00364	0.903681	1.11466
1724	ORF1a:P62L	0.0678211	0.0470122	0.00131654	-0.0367303	0.0393634	1.00132	0.963936	1.04015
1725	ORF1a:E633D	0.0677513	0.0469637	0.00453883	-0.126764	0.135842	1.00455	0.880941	1.1455
1726	E:L73F	0.0677487	0.0469619	0.00483593	-0.135067	0.144739	1.00485	0.873657	1.15574
1727	ORF1b:H873Y	0.0671558	0.0465508	0.00445783	-0.125645	0.134561	1.00447	0.881927	1.14403
1728	ORF1a:F3605L	0.0671469	0.0465447	0.00416785	-0.117488	0.125824	1.00418	0.889151	1.13408
1729	S:E1111Q	0.0670751	0.0464949	0.0045477	-0.128338	0.137433	1.00456	0.879556	1.14733
1730	S:T747I	0.0668738	0.0463552	0.00287993	-0.0815262	0.087286	1.00288	0.921709	1.09121
1731	ORF8:M1L	0.0668595	0.0463453	0.00294257	-0.083318	0.0892032	1.00295	0.920059	1.0933
1732	S:Q762E	0.0667435	0.0462649	0.00407168	-0.115496	0.123639	1.00408	0.890924	1.13161
1733	ORF1a:P1010L	0.0666334	0.0461885	0.00420959	-0.119612	0.128031	1.00422	0.887265	1.13659
1734	ORF1b:G2610C	0.0665299	0.0461168	0.00402363	-0.114512	0.122559	1.00403	0.891801	1.13039
1735	ORF3a:S165F	0.0665207	0.0461104	0.00383823	-0.109251	0.116928	1.00385	0.896505	1.12404
1736	ORF1a:I473T	0.0664936	0.0460916	0.0040338	-0.114866	0.122934	1.00404	0.891485	1.13081
1737	S:Q1071L	0.0664065	0.0460312	0.003358	-0.0957524	0.102468	1.00336	0.908689	1.1079
1738	N:K256R	0.0663573	0.0459971	0.0030497	-0.0870278	0.0931273	1.00305	0.916652	1.0976
1739	ORF1a:S2500F	0.0663309	0.0459788	0.00155909	-0.0445094	0.0476276	1.00156	0.956467	1.04878
1740	ORF1a:M3539V	0.065943	0.0457097	0.00371751	-0.106775	0.11421	1.00372	0.898728	1.12099
1741	S:H207Y	0.0656284	0.0454916	0.00399352	-0.115271	0.123258	1.004	0.891125	1.13118
1742	ORF14:W57STOP	0.0656281	0.0454914	0.00399163	-0.115217	0.1232	1.004	0.891173	1.13111
1743	ORF1b:Q1878E	0.0654729	0.0453838	0.0037901	-0.109669	0.117249	1.0038	0.896131	1.1244
1744	S:P251L	0.0654491	0.0453672	0.00134032	-0.0387974	0.0414781	1.00134	0.961946	1.04235
1745	ORF14:L55P	0.0652567	0.0452338	0.00423981	-0.123101	0.131581	1.00425	0.884174	1.14063
1746	ORF1a:E775G	0.0651504	0.0451601	0.00438988	-0.127674	0.136454	1.0044	0.88014	1.1462
1747	ORF1b:M454L	0.0649638	0.0450308	0.00392399	-0.114463	0.122311	1.00393	0.891845	1.13011
1748	ORF3a:W69C	0.0648304	0.0449383	0.00261791	-0.0765273	0.0817631	1.00262	0.926328	1.0852
1749	N:Q28R	0.0647267	0.0448664	0.00375073	-0.109824	0.117325	1.00376	0.895992	1.12448
1750	ORF10:STOP39Q	0.0647127	0.0448567	0.00359771	-0.105367	0.112562	1.0036	0.899994	1.11914
1751	ORF1a:Y3765C	0.0646485	0.0448121	0.00415054	-0.121682	0.129983	1.00416	0.88543	1.13881
1752	ORF1b:P1095S	0.064647	0.0448111	0.00391468	-0.11477	0.1226	1.00392	0.891571	1.13043
1753	ORF1b:G662C	0.0646128	0.0447873	0.003974	-0.116573	0.124521	1.00398	0.889965	1.13261
1754	N:S202I	0.0644933	0.0447045	0.000840882	-0.0247137	0.0263955	1.00084	0.975589	1.02675
1755	ORF1a:A1851V	0.0644653	0.0446851	0.00223117	-0.065604	0.0700663	1.00223	0.936502	1.07258
1756	S:S1003I	0.0644288	0.0446598	0.00428809	-0.126158	0.134734	1.0043	0.881475	1.14423
1757	S:V6L	0.0643484	0.044604	0.00309387	-0.0911412	0.097329	1.0031	0.912889	1.10222
1758	S:D614S	0.0643311	0.044592	0.004476	-0.131893	0.140845	1.00449	0.876435	1.15125
1759	ORF1a:S1510F	0.0642715	0.0445507	0.0032691	-0.0964221	0.10296	1.00327	0.908081	1.10845
1760	ORF1a:S428G	0.0642152	0.0445116	0.00360558	-0.106443	0.113654	1.00361	0.899026	1.12036
1761	ORF1a:M3761I	0.0641857	0.0444912	0.00428597	-0.12659	0.135162	1.0043	0.881095	1.14472
1762	S:I119V	0.0641489	0.0444657	0.00399741	-0.118137	0.126132	1.00401	0.888574	1.13443
1763	ORF1b:P2531S	0.0639316	0.044315	0.00233048	-0.0691155	0.0737765	1.00233	0.933219	1.07657
1764	ORF6:V5I	0.0639152	0.0443036	0.00285778	-0.0847764	0.090492	1.00286	0.918718	1.09471
1765	ORF1a:T333A	0.0639101	0.0443001	0.00377232	-0.111915	0.11946	1.00378	0.89412	1.12689
1766	S:N1178D	0.0638646	0.0442685	0.00324643	-0.0963846	0.102877	1.00325	0.908115	1.10836
1767	ORF1a:A668T	0.0634163	0.0439577	0.00389023	-0.116342	0.124123	1.0039	0.89017	1.13215
1768	ORF1b:I1887T	0.0633291	0.0438972	0.00384533	-0.115163	0.122854	1.00385	0.891221	1.13072
1769	N:P168S	0.063296	0.0438743	0.00387809	-0.116207	0.123963	1.00389	0.890291	1.13197
1770	ORF1a:T1079S	0.0632641	0.0438521	0.00373422	-0.111955	0.119423	1.00374	0.894085	1.12685
1771	ORF1a:S2015R	0.0632089	0.0438139	0.00373105	-0.11196	0.119423	1.00374	0.89408	1.12685
1772	S:L938F	0.0629869	0.0436599	0.00316753	-0.0953966	0.101732	1.00317	0.909012	1.10709
1773	ORF1b:V1607I	0.0628648	0.0435752	0.00396505	-0.119655	0.127585	1.00397	0.887226	1.13608
1774	M:H155Y	0.0628005	0.0435307	0.00233	-0.0703877	0.0750478	1.00233	0.932032	1.07794
1775	ORF1b:L820F	0.0626274	0.0434107	0.00373089	-0.11303	0.120492	1.00374	0.893124	1.12805
1776	ORF1b:T1274I	0.0625452	0.0433536	0.00289416	-0.0877995	0.0935879	1.0029	0.915945	1.09811
1777	S:L922F	0.0624757	0.0433054	0.0021716	-0.0659551	0.0702984	1.00217	0.936173	1.07283
1778	ORF1a:S1189G	0.0619898	0.0429686	0.00329993	-0.101036	0.107636	1.00331	0.903901	1.11364
1779	S:P793S	0.0619566	0.0429455	0.00288641	-0.0884236	0.0941965	1.00289	0.915373	1.09878
1780	S:N703K	0.0618688	0.0428846	0.00344678	-0.105745	0.112639	1.00345	0.899654	1.11923
1781	ORF1a:T2300I	0.0617784	0.0428219	0.00179966	-0.0552958	0.0588952	1.0018	0.946205	1.06066
1782	S:E661D	0.0617037	0.0427702	0.00118215	-0.0363678	0.0387321	1.00118	0.964286	1.03949
1783	ORF9b:E7Q	0.061599	0.0426976	0.00343202	-0.105768	0.112632	1.00344	0.899633	1.11922
1784	ORF1a:Y369C	0.0615434	0.042659	0.00371015	-0.114447	0.121867	1.00372	0.89186	1.1296
1785	N:R195T	0.0614863	0.0426194	0.00377402	-0.116528	0.124076	1.00378	0.890005	1.1321
1786	S:K150E	0.0613814	0.0425467	0.00341646	-0.105674	0.112507	1.00342	0.899718	1.11908
1787	ORF14:I43F	0.061157	0.0423911	0.0037169	-0.115403	0.122836	1.00372	0.891007	1.1307
1788	ORF1a:Q1009R	0.0610215	0.0422971	0.00363833	-0.113222	0.120499	1.00364	0.892953	1.12806
1789	ORF1a:E745D	0.0610036	0.0422847	0.00250453	-0.0779626	0.0829717	1.00251	0.924999	1.08651
1790	ORF8:E59STOP	0.0609849	0.0422717	0.00227264	-0.0707668	0.0753121	1.00228	0.931679	1.07822
1791	S:N17S	0.0606542	0.0420424	0.00365358	-0.114407	0.121715	1.00366	0.891895	1.12943
1792	ORF1a:S3309P	0.0605776	0.0419893	0.00345797	-0.108423	0.115339	1.00346	0.897248	1.12225
1793	ORF1a:M1588K	0.0604295	0.0418866	0.00382637	-0.120278	0.12793	1.00383	0.886674	1.13647
1794	ORF14:E42STOP	0.0603439	0.0418273	0.00343777	-0.108221	0.115096	1.00344	0.897429	1.12198
1795	ORF14:Q12R	0.0603431	0.0418267	0.00114171	-0.0359414	0.0382249	1.00114	0.964697	1.03896
1796	N:A211T	0.0600234	0.0416051	0.00315357	-0.099821	0.106128	1.00316	0.904999	1.11196
1797	ORF8:G8V	0.0598968	0.0415173	0.00212404	-0.0673796	0.0716277	1.00213	0.93484	1.07426
1798	S:T1231A	0.0598637	0.0414943	0.00379399	-0.120423	0.128011	1.0038	0.886545	1.13657
1799	ORF3a:D222Y	0.0597859	0.0414404	0.00336647	-0.106997	0.11373	1.00337	0.898529	1.12045
1800	S:I1114S	0.0596978	0.0413793	0.00370245	-0.117854	0.125259	1.00371	0.888826	1.13344
1801	ORF1a:G1595S	0.0595262	0.0412603	0.00349438	-0.111562	0.118551	1.0035	0.894436	1.12586
1802	ORF3a:V90I	0.0593577	0.0411435	0.00365633	-0.117074	0.124387	1.00366	0.889519	1.13245
1803	ORF1b:V2061L	0.0592568	0.0410736	0.000909563	-0.0291749	0.030994	1.00091	0.971247	1.03148
1804	ORF14:A38S	0.0592314	0.0410559	0.00200672	-0.0643955	0.068409	1.00201	0.937634	1.0708
1805	ORF1a:D3681E	0.0591899	0.0410271	0.00240569	-0.0772542	0.0820656	1.00241	0.925654	1.08553
1806	ORF3a:R134C	0.0591433	0.0409948	0.00351061	-0.112829	0.11985	1.00352	0.893304	1.12733
1807	ORF1b:A1259S	0.0590826	0.0409527	0.00374495	-0.120487	0.127977	1.00375	0.886488	1.13653
1808	ORF1a:G604S	0.0589854	0.0408854	0.00193046	-0.0622146	0.0660755	1.00193	0.939681	1.06831
1809	ORF8:V114L	0.058872	0.0408067	0.00408802	-0.13201	0.140186	1.0041	0.876332	1.15049
1810	ORF1a:Y2968H	0.0587429	0.0407172	0.00354571	-0.114757	0.121849	1.00355	0.891582	1.12958
1811	S:Q218E	0.0586836	0.0406761	0.0033312	-0.107927	0.114589	1.00334	0.897693	1.12141
1812	ORF1a:G2941D	0.0586558	0.0406568	0.00370118	-0.119972	0.127375	1.00371	0.886945	1.13584
1813	ORF1a:S911F	0.0586336	0.0406414	0.00240898	-0.0781167	0.0829347	1.00241	0.924856	1.08647
1814	ORF1a:L3180M	0.0585994	0.0406177	0.00274615	-0.0891038	0.0945961	1.00275	0.914751	1.09921
1815	ORF3a:L41P	0.0585947	0.0406144	0.00236506	-0.0767451	0.0814752	1.00237	0.926126	1.08489
1816	N:A35V	0.0585158	0.0405598	0.00303106	-0.0984932	0.104555	1.00304	0.906202	1.11022
1817	ORF1a:T1538A	0.0584282	0.040499	0.00241333	-0.0785414	0.0833681	1.00242	0.924464	1.08694
1818	S:A626V	0.058224	0.0403574	0.00345992	-0.113009	0.119929	1.00347	0.893142	1.12742
1819	ORF1a:T2069N	0.058081	0.0402583	0.00180247	-0.0590225	0.0626275	1.0018	0.942686	1.06463
1820	ORF1a:I581V	0.0577756	0.0400465	0.00385473	-0.126912	0.134622	1.00386	0.880811	1.1441
1821	ORF1a:Y3723C	0.0574802	0.0398417	0.00375378	-0.124243	0.13175	1.00376	0.883165	1.14082
1822	S:L1141F	0.0574198	0.0397999	0.00130056	-0.0430926	0.0456937	1.0013	0.957823	1.04675
1823	ORF8:T26I	0.0572846	0.0397061	0.00263777	-0.0876124	0.092888	1.00264	0.916116	1.09734
1824	N:G179V	0.0572623	0.0396906	0.00338596	-0.112508	0.11928	1.00339	0.89359	1.12669
1825	ORF1a:T1168I	0.0572049	0.0396508	0.00244104	-0.0811942	0.0860763	1.00244	0.922015	1.08989
1826	S:D253N	0.0571096	0.0395847	0.00354669	-0.118173	0.125267	1.00355	0.888542	1.13345
1827	ORF3a:G76S	0.0570404	0.0395367	0.00394726	-0.131684	0.139579	1.00396	0.876618	1.14979
1828	ORF1a:T3696A	0.0569645	0.0394841	0.00334089	-0.111608	0.11829	1.00335	0.894394	1.12557
1829	ORF1a:E972K	0.056918	0.0394519	0.00348348	-0.11647	0.123437	1.00349	0.890057	1.13138
1830	E:V49L	0.0566543	0.039269	0.00254751	-0.0855841	0.0906791	1.00255	0.917976	1.09492
1831	S:L189P	0.056478	0.0391468	0.00276819	-0.0932966	0.098833	1.00277	0.910923	1.10388
1832	ORF1b:R1078C	0.0563787	0.039078	0.00360299	-0.121652	0.128858	1.00361	0.885456	1.13753
1833	ORF1a:A1176T	0.05632	0.0390373	0.00299674	-0.101291	0.107285	1.003	0.90367	1.11325
1834	ORF1a:L3641S	0.056274	0.0390054	0.00135047	-0.0456851	0.0483861	1.00135	0.955343	1.04958
1835	ORF1a:I4098L	0.0562104	0.0389613	0.00285074	-0.09655	0.102251	1.00285	0.907965	1.10766
1836	ORF9b:T24I	0.0560601	0.0388571	0.00326296	-0.110816	0.117342	1.00327	0.895103	1.1245
1837	ORF1b:A1285S	0.0558861	0.0387365	0.00268005	-0.0913111	0.0966713	1.00268	0.912734	1.1015
1838	M:A81S	0.0558563	0.0387158	0.00198012	-0.067501	0.0714613	1.00198	0.934727	1.07408
1839	ORF1a:G1152C	0.0556792	0.038593	0.00196354	-0.0671551	0.0710822	1.00197	0.93505	1.07367
1840	ORF1a:S2517P	0.0555626	0.0385122	0.0037027	-0.126909	0.134315	1.00371	0.880814	1.14375
1841	S:V308L	0.0555565	0.0385079	0.00355028	-0.121699	0.1288	1.00356	0.885415	1.13746
1842	ORF1b:H1838N	0.0554727	0.0384498	0.0037218	-0.127777	0.135221	1.00373	0.88005	1.14479
1843	ORF7a:N43K	0.0552836	0.0383187	0.00350085	-0.120615	0.127616	1.00351	0.886376	1.13612
1844	N:G214C	0.055057	0.0381616	0.00251884	-0.0871489	0.0921866	1.00252	0.916541	1.09657
1845	ORF1a:E3764G	0.0549582	0.0380931	0.00268212	-0.0929698	0.0983341	1.00269	0.911221	1.10333
1846	ORF9b:N62D	0.0549111	0.0380605	0.00339389	-0.117745	0.124533	1.0034	0.888922	1.13262
1847	ORF1a:M2410V	0.0548592	0.0380245	0.00292647	-0.101628	0.107481	1.00293	0.903365	1.11347
1848	ORF1b:T243N	0.0548524	0.0380198	0.00340901	-0.1184	0.125219	1.00341	0.88834	1.1334
1849	ORF1a:V852A	0.0546704	0.0378936	0.003338	-0.116331	0.123007	1.00334	0.89018	1.13089
1850	ORF1a:P309S	0.0546171	0.0378566	0.00291837	-0.101809	0.107646	1.00292	0.903202	1.11365
1851	S:G1124S	0.0545209	0.0377899	0.00312524	-0.109224	0.115474	1.00313	0.89653	1.12241
1852	ORF1a:D48Y	0.0542843	0.0376259	0.00266007	-0.0933833	0.0987035	1.00266	0.910844	1.10374
1853	ORF1b:F2380L	0.0542057	0.0375714	0.00311635	-0.109564	0.115797	1.00312	0.896224	1.12277
1854	ORF9b:M8V	0.054188	0.0375591	0.00319894	-0.112506	0.118904	1.0032	0.893592	1.12626
1855	ORF1a:I3693V	0.0538765	0.0373432	0.00350394	-0.123965	0.130973	1.00351	0.88341	1.13994
1856	S:D1260H	0.0537504	0.0372558	0.00224739	-0.0797019	0.0841967	1.00225	0.923392	1.08784
1857	ORF1a:I2873M	0.0537447	0.0372518	0.0034634	-0.12284	0.129767	1.00347	0.884405	1.13856
1858	ORF3a:L101V	0.0536502	0.0371863	0.00351067	-0.124742	0.131764	1.00352	0.882724	1.14084
1859	ORF1a:P1803L	0.0533349	0.0369677	0.00180679	-0.0645897	0.0682033	1.00181	0.937452	1.07058
1860	ORF3a:G224R	0.0532772	0.0369276	0.00363586	-0.130121	0.137392	1.00364	0.87799	1.14728
1861	S:K444N	0.0531877	0.0368656	0.00199708	-0.0715954	0.0755896	1.002	0.930907	1.07852
1862	ORF1a:P2018Q	0.0530615	0.0367782	0.00232161	-0.0834331	0.0880764	1.00232	0.919953	1.09207
1863	ORF1b:A2057V	0.0529641	0.0367106	0.00314443	-0.113217	0.119506	1.00315	0.892957	1.12694
1864	S:R246T	0.0529301	0.036687	0.0021784	-0.0784864	0.0828432	1.00218	0.924515	1.08637
1865	ORF3a:A72V	0.0528436	0.0366271	0.0032753	-0.118205	0.124756	1.00328	0.888514	1.13287
1866	ORF1a:L2564F	0.0527814	0.0365839	0.0034395	-0.124282	0.131161	1.00345	0.883131	1.14015
1867	ORF1a:A2098V	0.0526347	0.0364822	0.00335681	-0.121641	0.128355	1.00336	0.885466	1.13696
1868	ORF1b:Y1103C	0.0524787	0.0363741	0.00323266	-0.1175	0.123965	1.00324	0.889141	1.13198
1869	S:T1273I	0.0524454	0.036351	0.00336737	-0.122476	0.129211	1.00337	0.884727	1.13793
1870	S:F175L	0.0523035	0.0362526	0.00209244	-0.0763175	0.0805024	1.00209	0.926522	1.08383
1871	ORF1a:D3009N	0.0521767	0.0361647	0.00297796	-0.108886	0.114842	1.00298	0.896833	1.1217
1872	ORF3a:Y113H	0.0521079	0.036117	0.00225165	-0.0824409	0.0869443	1.00225	0.920866	1.09084
1873	ORF1b:K1671I	0.0520659	0.0360879	0.00191819	-0.07029	0.0741264	1.00192	0.932123	1.07694
1874	ORF3a:I179F	0.0519328	0.0359956	0.00275431	-0.101194	0.106703	1.00276	0.903757	1.1126
1875	ORF14:T39I	0.0518954	0.0359696	0.00162807	-0.0598601	0.0631163	1.00163	0.941896	1.06515
1876	ORF1b:K1993R	0.0518925	0.0359677	0.00291795	-0.107292	0.113128	1.00292	0.898263	1.11978
1877	ORF1a:D571A	0.0517987	0.0359026	0.00303728	-0.111888	0.117962	1.00304	0.894145	1.1252
1878	ORF1a:I1232V	0.0517847	0.0358929	0.00323818	-0.119321	0.125798	1.00324	0.887523	1.13405
1879	S:W64G	0.0514458	0.035658	0.00256102	-0.0950079	0.10013	1.00256	0.909366	1.10531
1880	ORF7a:H47D	0.0514445	0.0356571	0.00329525	-0.122249	0.12884	1.0033	0.884928	1.13751
1881	ORF1b:N865K	0.0513527	0.0355935	0.0029924	-0.111218	0.117202	1.003	0.894744	1.12435
1882	ORF1a:E2042A	0.0508663	0.0352562	0.00333934	-0.125331	0.13201	1.00334	0.882205	1.14112
1883	S:E180Q	0.0508115	0.0352182	0.0036619	-0.137589	0.144913	1.00367	0.871457	1.15594
1884	ORF9b:L61S	0.0505428	0.035032	0.00281341	-0.106286	0.111913	1.00282	0.899168	1.11841
1885	ORF3a:L275F	0.0504567	0.0349723	0.00280377	-0.106107	0.111715	1.00281	0.899328	1.11819
1886	S:I726V	0.0504232	0.034949	0.00306094	-0.115919	0.122041	1.00307	0.890548	1.1298
1887	N:R191L	0.0501668	0.0347712	0.00176139	-0.0670543	0.0705771	1.00176	0.935144	1.07313
1888	ORF1b:T2165A	0.0500703	0.0347044	0.00221902	-0.0846426	0.0890807	1.00222	0.918841	1.09317
1889	ORF1b:V1905L	0.0499085	0.0345922	0.00296036	-0.113297	0.119217	1.00296	0.892886	1.12661
1890	ORF1a:F843Y	0.0498585	0.0345576	0.00212718	-0.0814933	0.0857477	1.00213	0.921739	1.08953
1891	ORF1a:M2254I	0.0498072	0.0345219	0.00305895	-0.117314	0.123432	1.00306	0.889306	1.13137
1892	ORF1b:T2040I	0.049671	0.0344276	0.0031241	-0.120149	0.126398	1.00313	0.886788	1.13473
1893	ORF1a:T1542I	0.0496644	0.034423	0.00127084	-0.0488818	0.0514235	1.00127	0.952294	1.05277
1894	ORF8:Q72L	0.049658	0.0344185	0.00126877	-0.0488084	0.051346	1.00127	0.952364	1.05269
1895	ORF3a:L94F	0.0496152	0.0343889	0.0015614	-0.0601189	0.0632417	1.00156	0.941653	1.06528
1896	ORF1a:W630C	0.0496009	0.034379	0.00292231	-0.112552	0.118396	1.00293	0.893551	1.12569
1897	S:D215E	0.0495902	0.0343715	0.00252636	-0.0973234	0.102376	1.00253	0.907263	1.1078
1898	ORF1a:T4090I	0.0495344	0.0343328	0.00194866	-0.0751553	0.0790526	1.00195	0.927599	1.08226
1899	ORF1a:A1082T	0.0492641	0.0341455	0.00207807	-0.0805976	0.0847538	1.00208	0.922565	1.08845
1900	ORF1a:E1413D	0.0490069	0.0339671	0.00285068	-0.111158	0.11686	1.00285	0.894797	1.12396
1901	ORF1b:P2256L	0.0490052	0.033966	0.00300652	-0.117239	0.123252	1.00301	0.889373	1.13117
1902	ORF1b:S1201F	0.0489468	0.0339255	0.00248887	-0.0971724	0.10215	1.00249	0.9074	1.10755
1903	S:Q493L	0.0485461	0.0336477	0.0020772	-0.0817861	0.0859405	1.00208	0.921469	1.08974
1904	S:P251S	0.0484887	0.0336079	0.00290056	-0.114343	0.120144	1.0029	0.891952	1.12766
1905	ORF1a:Y3154H	0.0484661	0.0335923	0.00301972	-0.119097	0.125137	1.00302	0.887721	1.1333
1906	N:S183P	0.0484557	0.033585	0.00221186	-0.0872548	0.0916785	1.00221	0.916444	1.09601
1907	S:S673T	0.0483197	0.0334907	0.00237075	-0.0937928	0.0985343	1.00237	0.910471	1.10355
1908	S:S691F	0.0481189	0.0333515	0.00322292	-0.128052	0.134498	1.00323	0.879808	1.14396
1909	ORF1a:D4317E	0.0480868	0.0333293	0.00277378	-0.110283	0.11583	1.00278	0.895581	1.12281
1910	ORF1a:S2022P	0.0480567	0.0333084	0.00312385	-0.12428	0.130528	1.00313	0.883132	1.13943
1911	ORF1a:T614I	0.0476565	0.033031	0.00174402	-0.0699821	0.0734702	1.00175	0.93241	1.07624
1912	S:A263T	0.0475866	0.0329825	0.00294637	-0.118407	0.1243	1.00295	0.888335	1.13235
1913	ORF9b:E86D	0.047469	0.032901	0.00328202	-0.13223	0.138795	1.00329	0.876139	1.14889
1914	ORF1b:M657T	0.0472547	0.0327525	0.0019809	-0.0801801	0.084142	1.00198	0.92295	1.08778
1915	ORF1a:P361S	0.0472071	0.0327194	0.00292651	-0.118578	0.124431	1.00293	0.888183	1.1325
1916	S:F32L	0.0471751	0.0326972	0.00177281	-0.0718813	0.0754269	1.00177	0.930641	1.07834
1917	ORF1a:A2508V	0.0471505	0.0326802	0.00265923	-0.10788	0.113199	1.00266	0.897735	1.11985
1918	S:A222P	0.0469878	0.0325674	0.00269341	-0.109655	0.115042	1.0027	0.896143	1.12192
1919	ORF1b:K134R	0.0469665	0.0325527	0.00240978	-0.0981531	0.102973	1.00241	0.90651	1.10846
1920	N:P326H	0.0468633	0.0324811	0.00153921	-0.0628353	0.0659137	1.00154	0.939098	1.06813
1921	ORF1a:N3029K	0.0467343	0.0323917	0.00293996	-0.120357	0.126237	1.00294	0.886604	1.13455
1922	S:F490A	0.0463457	0.0321223	0.002683	-0.110781	0.116147	1.00269	0.895135	1.12316
1923	ORF1a:F3397L	0.0462736	0.0320723	0.00276503	-0.114351	0.119881	1.00277	0.891945	1.12736
1924	ORF1a:D981G	0.0462085	0.0320271	0.00302206	-0.125161	0.131205	1.00303	0.882355	1.1402
1925	ORF3a:P240L	0.0458922	0.0318079	0.00172749	-0.07205	0.075505	1.00173	0.930484	1.07843
1926	ORF1b:D251N	0.0458448	0.031775	0.00297753	-0.124318	0.130273	1.00298	0.883099	1.13914
1927	ORF1a:F2802C	0.0458199	0.0317578	0.0025595	-0.106924	0.112043	1.00256	0.898594	1.11856
1928	ORF1a:T2277I	0.0455806	0.0315919	0.00288743	-0.121272	0.127047	1.00289	0.885793	1.13547
1929	ORF1a:M3655V	0.0453296	0.0314179	0.00287756	-0.121543	0.127298	1.00288	0.885553	1.13576
1930	S:M153V	0.0452394	0.0313554	0.00211771	-0.0896304	0.0938658	1.00212	0.914269	1.09841
1931	N:M234V	0.0451745	0.0313103	0.00288014	-0.122079	0.127839	1.00288	0.885078	1.13637
1932	ORF1a:K247R	0.0449926	0.0311843	0.00199834	-0.0850529	0.0890496	1.002	0.918464	1.09313
1933	ORF1a:V3166F	0.0448538	0.0310881	0.00265853	-0.11351	0.118828	1.00266	0.892695	1.12618
1934	ORF1a:G2258C	0.0446297	0.0309327	0.00289983	-0.12445	0.130249	1.0029	0.882983	1.13911
1935	ORF7a:Y40H	0.044605	0.0309156	0.00271818	-0.11672	0.122156	1.00272	0.889834	1.12993
1936	ORF1b:I1403V	0.0445536	0.03088	0.0010964	-0.0471357	0.0493285	1.0011	0.953958	1.05057
1937	ORF1a:L384F	0.0444927	0.0308377	0.00297121	-0.127915	0.133857	1.00298	0.879928	1.14323
1938	ORF3a:L115F	0.0443807	0.0307601	0.0028844	-0.124498	0.130267	1.00289	0.88294	1.13913
1939	S:S256A	0.044376	0.0307568	0.00292805	-0.126396	0.132252	1.00293	0.881266	1.1414
1940	ORF1b:L320I	0.0443578	0.0307442	0.00276877	-0.11957	0.125108	1.00277	0.887302	1.13327
1941	ORF1a:T183A	0.0443194	0.0307176	0.00282394	-0.122061	0.127709	1.00283	0.885094	1.13622
1942	ORF1a:G7V	0.0442707	0.0306838	0.0025655	-0.111015	0.116146	1.00257	0.894925	1.12316
1943	ORF1a:S248N	0.0442476	0.0306678	0.00277411	-0.120106	0.125655	1.00278	0.886826	1.13389
1944	ORF3a:I186V	0.0440322	0.0305185	0.00137293	-0.0597388	0.0624847	1.00137	0.942011	1.06448
1945	ORF1a:Q1201H	0.0439908	0.0304898	0.00285816	-0.124484	0.130201	1.00286	0.882952	1.13906
1946	ORF1a:M3280I	0.0437098	0.030295	0.00247704	-0.108594	0.113548	1.00248	0.897094	1.12025
1947	ORF1a:I1128V	0.0436852	0.0302779	0.00269987	-0.118432	0.123831	1.0027	0.888313	1.13183
1948	S:Y1272H	0.0436118	0.0302271	0.00255166	-0.112123	0.117226	1.00255	0.893934	1.12437
1949	ORF3a:V112F	0.0434029	0.0300823	0.00233582	-0.103144	0.107816	1.00234	0.901997	1.11384
1950	ORF1a:A2850V	0.0430464	0.0298351	0.00282589	-0.125841	0.131493	1.00283	0.881755	1.14053
1951	ORF1a:K2771R	0.043044	0.0298335	0.00270071	-0.120273	0.125675	1.0027	0.886678	1.13391
1952	ORF1b:Q1204H	0.0429212	0.0297483	0.00216949	-0.0968988	0.101238	1.00217	0.907648	1.10654
1953	N:P162H	0.042418	0.0293995	0.00238802	-0.107953	0.112729	1.00239	0.89767	1.11933
1954	ORF1a:A117T	0.0424024	0.0293887	0.0021769	-0.098446	0.1028	1.00218	0.906245	1.10827
1955	S:A262V	0.0423355	0.0293423	0.00237285	-0.107481	0.112226	1.00238	0.898094	1.11877
1956	ORF7a:Y40N	0.0422978	0.0293162	0.00276411	-0.125317	0.130846	1.00277	0.882217	1.13979
1957	ORF1a:G2035R	0.0419881	0.0291015	0.00256642	-0.117232	0.122365	1.00257	0.889379	1.13017
1958	ORF1b:A167T	0.0418013	0.028972	0.00244212	-0.112063	0.116948	1.00245	0.893988	1.12406
1959	ORF1a:E622G	0.0417359	0.0289267	0.00245591	-0.112876	0.117788	1.00246	0.893261	1.12501
1960	ORF1b:N79I	0.0416852	0.0288915	0.00228222	-0.105024	0.109588	1.00228	0.900303	1.11582
1961	ORF1b:T730I	0.0415745	0.0288148	0.00112821	-0.0520594	0.0543158	1.00113	0.949273	1.05582
1962	ORF1a:R3880G	0.041564	0.0288075	0.00247034	-0.11402	0.11896	1.00247	0.89224	1.12633
1963	ORF7a:E121V	0.0415496	0.0287975	0.00253385	-0.116992	0.12206	1.00254	0.889592	1.12982
1964	ORF1b:T2488M	0.0415439	0.0287936	0.00219246	-0.101244	0.105629	1.00219	0.903713	1.11141
1965	ORF1b:T17I	0.0411322	0.0285082	0.00177006	-0.0825738	0.0861139	1.00177	0.920744	1.08993
1966	ORF1a:T4364I	0.0411147	0.0284961	0.00164553	-0.0767978	0.0800889	1.00165	0.926077	1.08338
1967	N:P344S	0.0410857	0.028476	0.00246916	-0.11532	0.120259	1.00247	0.891081	1.12779
1968	ORF7a:T61N	0.0409533	0.0283842	0.00246114	-0.115326	0.120248	1.00246	0.891076	1.12778
1969	ORF7a:V74F	0.0408922	0.0283418	0.00222638	-0.104484	0.108937	1.00223	0.900789	1.11509
1970	S:L118I	0.0407456	0.0282402	0.00234478	-0.110445	0.115134	1.00235	0.895436	1.12202
1971	ORF1a:D335N	0.0406966	0.0282063	0.00242992	-0.114596	0.119456	1.00243	0.891726	1.12688
1972	ORF1b:A697T	0.0406459	0.0281711	0.0025418	-0.120025	0.125108	1.00254	0.886899	1.13327
1973	ORF1a:N1691S	0.0406359	0.0281642	0.00244674	-0.115565	0.120459	1.00245	0.890863	1.12801
1974	S:F817L	0.0405347	0.028094	0.00252059	-0.119357	0.124398	1.00252	0.887491	1.13247
1975	ORF1a:C2165W	0.0403542	0.0279689	0.00250686	-0.119249	0.124263	1.00251	0.887587	1.13231
1976	S:P217L	0.0403282	0.0279509	0.00242786	-0.115567	0.120423	1.00243	0.890861	1.12797
1977	ORF1b:P2633L	0.0403198	0.027945	0.00127596	-0.0607489	0.0633008	1.00128	0.94106	1.06535
1978	ORF1b:R2652S	0.0402175	0.0278741	0.00208631	-0.0995881	0.103761	1.00209	0.90521	1.10933
1979	ORF1a:V3595F	0.0399907	0.0277169	0.00235763	-0.113191	0.117906	1.00236	0.89298	1.12514
1980	N:S79I	0.0399116	0.0276621	0.00239196	-0.115072	0.119856	1.00239	0.891302	1.12733
1981	ORF7a:L96F	0.0397975	0.027583	0.00107171	-0.0517086	0.053852	1.00107	0.949606	1.05533
1982	ORF1a:D930E	0.0395838	0.0274349	0.00239721	-0.116299	0.121093	1.0024	0.890209	1.12873
1983	ORF1b:V1110L	0.0395421	0.0274059	0.00218668	-0.106199	0.110573	1.00219	0.899245	1.11692
1984	S:D796H	0.0394648	0.0273524	0.000905238	-0.0440521	0.0458626	1.00091	0.956904	1.04693
1985	S:G75R	0.0390055	0.027034	0.0017667	-0.0870075	0.0905409	1.00177	0.91667	1.09477
1986	ORF1a:E377K	0.0389032	0.0269631	0.00202273	-0.0998834	0.103929	1.00202	0.904943	1.10952
1987	ORF1a:I693T	0.0388735	0.0269425	0.00215028	-0.106265	0.110565	1.00215	0.899187	1.11691
1988	S:S937T	0.0387937	0.0268872	0.00235571	-0.116661	0.121373	1.00236	0.889886	1.12905
1989	ORF8:Q23STOP	0.0387754	0.0268745	0.00239402	-0.118616	0.123404	1.0024	0.888149	1.13134
1990	ORF1a:G465S	0.0387496	0.0268566	0.0019108	-0.0947377	0.0985594	1.00191	0.909611	1.10358
1991	ORF1b:E1728D	0.0387152	0.0268328	0.00165518	-0.0821386	0.085449	1.00166	0.921144	1.08921
1992	ORF1a:H83R	0.0386801	0.0268084	0.00169319	-0.0841025	0.0874889	1.00169	0.919337	1.09143
1993	ORF1a:E3310Q	0.0386506	0.026788	0.00254544	-0.126533	0.131624	1.00255	0.881145	1.14068
1994	ORF1a:D2060N	0.0384825	0.0266714	0.00265247	-0.132442	0.137747	1.00266	0.875954	1.14768
1995	N:Q389H	0.0382184	0.0264884	0.00233184	-0.117253	0.121916	1.00233	0.88936	1.12966
1996	ORF3a:N119H	0.0381899	0.0264687	0.00149036	-0.0749971	0.0779779	1.00149	0.927746	1.0811
1997	ORF9b:V76F	0.0379206	0.026282	0.0020861	-0.105736	0.109908	1.00209	0.899662	1.11618
1998	ORF1a:I601T	0.0378673	0.026245	0.00247344	-0.125549	0.130496	1.00248	0.882013	1.13939
1999	ORF1a:Y4080H	0.0378433	0.0262284	0.00222299	-0.112909	0.117355	1.00223	0.893232	1.12452
2000	ORF1a:V4102I	0.0376493	0.0260939	0.00142321	-0.072667	0.0755135	1.00142	0.92991	1.07844
2001	S:V1133I	0.0374257	0.0259389	0.00148258	-0.0761593	0.0791244	1.00148	0.926669	1.08234
2002	ORF1a:S1218G	0.0370417	0.0256728	0.00231359	-0.120104	0.124731	1.00232	0.886828	1.13284
2003	ORF1a:R2115I	0.0368675	0.025552	0.00129063	-0.0673226	0.0699039	1.00129	0.934894	1.07241
2004	S:N1187S	0.0366453	0.025398	0.00120228	-0.063101	0.0655056	1.0012	0.938849	1.0677
2005	S:T1066N	0.0365491	0.0253313	0.00223134	-0.117426	0.121888	1.00223	0.889207	1.12963
2006	ORF1a:I2490S	0.0363712	0.025208	0.00222492	-0.117671	0.122121	1.00223	0.888988	1.12989
2007	ORF1a:L4111F	0.0359353	0.0249058	0.00197785	-0.105897	0.109853	1.00198	0.899517	1.11611
2008	ORF9b:S53L	0.0358766	0.0248651	0.00250442	-0.134314	0.139322	1.00251	0.874316	1.14949
2009	ORF1b:L1218I	0.0358142	0.0248219	0.00164048	-0.088136	0.091417	1.00164	0.915636	1.09573
2010	ORF8:L95F	0.0357039	0.0247455	0.00215054	-0.115903	0.120204	1.00215	0.890562	1.12773
2011	ORF1a:P3395S	0.0356463	0.0247055	0.00115252	-0.0622174	0.0645224	1.00115	0.939679	1.06665
2012	S:P479S	0.0350351	0.0242818	0.00204661	-0.112447	0.11654	1.00205	0.893645	1.1236
2013	M:G6S	0.0350257	0.0242753	0.00220345	-0.121097	0.125504	1.00221	0.885948	1.13372
2014	ORF1a:G507S	0.0349264	0.0242065	0.00126226	-0.0695721	0.0720967	1.00126	0.932793	1.07476
2015	ORF1a:F1214S	0.0347912	0.0241128	0.00214296	-0.118581	0.122867	1.00215	0.88818	1.13073
2016	ORF1a:T2906N	0.0347679	0.0240966	0.00209095	-0.115782	0.119964	1.00209	0.89067	1.12746
2017	ORF1a:T1322A	0.0345774	0.0239646	0.0020627	-0.114858	0.118983	1.00206	0.891493	1.12635
2018	ORF1b:V2236F	0.0345478	0.0239441	0.00211028	-0.11761	0.121831	1.00211	0.889042	1.12956
2019	ORF1a:P1207L	0.0343991	0.023841	0.00118227	-0.0661802	0.0685448	1.00118	0.935962	1.07095
2020	ORF1a:T2846I	0.0343835	0.0238302	0.00190681	-0.106787	0.110601	1.00191	0.898717	1.11695
2021	ORF1b:V2564A	0.0343686	0.0238199	0.00053217	-0.0298163	0.0308806	1.00053	0.970624	1.03136
2022	ORF7a:Q94L	0.0343309	0.0237937	0.00172166	-0.0965688	0.100012	1.00172	0.907947	1.10518
2023	ORF1a:D935E	0.0342589	0.0237439	0.00211995	-0.119163	0.123403	1.00212	0.887663	1.13134
2024	ORF1a:V3689M	0.0342082	0.0237087	0.002147	-0.120866	0.12516	1.00215	0.886153	1.13333
2025	N:S37P	0.0341319	0.0236558	0.000866532	-0.0488925	0.0506256	1.00087	0.952283	1.05193
2026	ORF1a:S2822F	0.0340455	0.0235959	0.00209516	-0.118521	0.122711	1.0021	0.888233	1.13056
2027	ORF1b:R2141K	0.0340055	0.0235682	0.00203044	-0.114997	0.119058	1.00203	0.891368	1.12644
2028	S:A829T	0.0338612	0.0234682	0.00217769	-0.123872	0.128227	1.00218	0.883493	1.13681
2029	ORF1a:F4342L	0.0336136	0.0232966	0.00191087	-0.109509	0.113331	1.00191	0.896274	1.12
2030	ORF1a:E1858K	0.0335308	0.0232392	0.00212202	-0.121916	0.12616	1.00212	0.885223	1.13446
2031	N:D128N	0.033052	0.0229073	0.00142936	-0.083331	0.0861898	1.00143	0.920047	1.09001
2032	ORF9b:G38D	0.0330398	0.0228988	0.00146455	-0.0854145	0.0883437	1.00147	0.918132	1.09236
2033	ORF1a:M3221I	0.032982	0.0228588	0.00162046	-0.0946759	0.0979169	1.00162	0.909668	1.10287
2034	S:Q183K	0.0329402	0.0228298	0.00187611	-0.109753	0.113506	1.00188	0.896055	1.1202
2035	ORF1a:P1803S	0.0325429	0.0225544	0.00180928	-0.107159	0.110777	1.00181	0.898383	1.11715
2036	ORF1a:V3660M	0.032395	0.0224519	0.00197661	-0.117612	0.121566	1.00198	0.889041	1.12926
2037	ORF1a:H712Q	0.0322598	0.0223582	0.00110732	-0.0661684	0.0683831	1.00111	0.935973	1.07078
2038	S:N450I	0.0318665	0.0220856	0.00187222	-0.11328	0.117024	1.00187	0.892901	1.12415
2039	ORF1a:D589G	0.0318516	0.0220753	0.00108051	-0.0654077	0.0675688	1.00108	0.936685	1.0699
2040	ORF1a:I2820V	0.0317791	0.022025	0.00203584	-0.123524	0.127596	1.00204	0.8838	1.13609
2041	ORF8:Q91H	0.0313069	0.0216977	0.00176413	-0.108679	0.112207	1.00177	0.897018	1.11874
2042	N:T205N	0.0312318	0.0216457	0.00198851	-0.122801	0.126778	1.00199	0.88444	1.13516
2043	ORF1b:L2497I	0.0310347	0.021509	0.00170651	-0.106066	0.109479	1.00171	0.899365	1.1157
2044	S:V608I	0.0309523	0.0214519	0.00199953	-0.124615	0.128614	1.002	0.882837	1.13725
2045	ORF1b:T1173I	0.0308962	0.0214131	0.00196111	-0.122446	0.126368	1.00196	0.884754	1.1347
2046	ORF1a:L349F	0.0308279	0.0213657	0.00162822	-0.10189	0.105147	1.00163	0.903129	1.11087
2047	ORF1a:G101V	0.0308064	0.0213508	0.0017994	-0.112682	0.116281	1.0018	0.893435	1.12331
2048	S:L455A	0.0307821	0.021334	0.00188878	-0.118374	0.122151	1.00189	0.888364	1.12993
2049	S:N17K	0.0307136	0.0212865	0.00179923	-0.113017	0.116615	1.0018	0.893135	1.12369
2050	ORF1a:M3129V	0.0306749	0.0212596	0.00176143	-0.110785	0.114308	1.00176	0.895131	1.1211
2051	ORF1a:D223N	0.0303509	0.0210351	0.00197583	-0.125617	0.129569	1.00198	0.881952	1.13834
2052	ORF1b:T794S	0.0303049	0.0210032	0.00178859	-0.113888	0.117465	1.00179	0.892358	1.12464
2053	ORF3a:I47T	0.0303027	0.0210017	0.00168047	-0.107012	0.110373	1.00168	0.898515	1.11669
2054	S:A67S	0.0302342	0.0209542	0.000813968	-0.0519523	0.0535802	1.00081	0.949374	1.05504
2055	S:S698L	0.030125	0.0208785	0.00181764	-0.11644	0.120075	1.00182	0.890083	1.12758
2056	ORF1a:L3776I	0.0301228	0.020877	0.00177214	-0.113534	0.117078	1.00177	0.892674	1.12421
2057	ORF1a:P271L	0.0300501	0.0208266	0.00190998	-0.122665	0.126485	1.00191	0.88456	1.13483
2058	S:A522V	0.0300067	0.0207965	0.00110011	-0.0707564	0.0729567	1.0011	0.931689	1.07568
2059	ORF1b:D1656E	0.0297966	0.0206509	0.00151425	-0.0980903	0.101119	1.00152	0.906567	1.10641
2060	ORF3a:I20T	0.0297209	0.0205984	0.00101892	-0.0661743	0.0682122	1.00102	0.935968	1.07059
2061	ORF1b:R1605K	0.0296191	0.0205278	0.00202399	-0.131908	0.135956	1.00203	0.876421	1.14563
2062	ORF1a:A2584V	0.0295523	0.0204815	0.00172003	-0.112356	0.115796	1.00172	0.893726	1.12277
2063	ORF1b:A1058S	0.0294039	0.0203787	0.00170575	-0.111994	0.115405	1.00171	0.89405	1.12233
2064	N:D402Y	0.0293871	0.0203671	0.0018724	-0.123006	0.126751	1.00187	0.884258	1.13513
2065	S:F490V	0.0293185	0.0203195	0.00185332	-0.122042	0.125749	1.00186	0.885111	1.134
2066	ORF1a:P1659T	0.0292454	0.0202688	0.00177844	-0.117409	0.120965	1.00178	0.889222	1.12859
2067	ORF1a:V2061F	0.0290112	0.0201065	0.0017619	-0.11727	0.120794	1.00176	0.889345	1.12839
2068	ORF1b:I1416V	0.0289621	0.0200724	0.0015779	-0.105204	0.10836	1.00158	0.900141	1.11445
2069	ORF1a:E743D	0.0288676	0.020007	0.00195667	-0.130891	0.134805	1.00196	0.877313	1.14431
2070	ORF1a:M3652V	0.0288395	0.0199875	0.0018221	-0.12201	0.125654	1.00182	0.88514	1.13389
2071	ORF1a:Q663K	0.0285097	0.0197589	0.00121362	-0.0822195	0.0846467	1.00121	0.92107	1.08833
2072	ORF1a:Y2141C	0.028372	0.0196635	0.00142317	-0.096891	0.0997374	1.00142	0.907655	1.10488
2073	ORF1a:V1750A	0.0280134	0.0194149	0.000968519	-0.0667941	0.0687312	1.00097	0.935388	1.07115
2074	ORF3a:S195F	0.0280095	0.0194122	0.00192115	-0.132511	0.136354	1.00192	0.875893	1.14609
2075	ORF1a:N3651S	0.0280089	0.0194118	0.00117204	-0.0808434	0.0831875	1.00117	0.922338	1.08675
2076	ORF1a:E1687D	0.0278952	0.019333	0.00122358	-0.0847472	0.0871944	1.00122	0.918745	1.09111
2077	ORF1a:S3173N	0.0277344	0.0192215	0.00191724	-0.133573	0.137407	1.00192	0.874964	1.1473
2078	S:V1122L	0.027712	0.019206	0.00080435	-0.0560843	0.057693	1.0008	0.945459	1.05939
2079	S:F32S	0.0276299	0.0191491	0.00169208	-0.118338	0.121722	1.00169	0.888396	1.12944
2080	ORF1a:D953N	0.027532	0.0190813	0.00178186	-0.125066	0.12863	1.00178	0.882438	1.13727
2081	ORF1a:H1545Q	0.0272723	0.0189013	0.00158911	-0.112615	0.115793	1.00159	0.893495	1.12276
2082	ORF1b:D514N	0.0271502	0.0188166	0.0010525	-0.0749268	0.0770318	1.00105	0.927811	1.08008
2083	S:A890V	0.0270648	0.0187575	0.00169778	-0.121251	0.124646	1.0017	0.885812	1.13275
2084	ORF1b:T1230I	0.0270385	0.0187392	0.00132061	-0.0944075	0.0970487	1.00132	0.909912	1.10191
2085	S:Y265C	0.0267716	0.0185542	0.00125378	-0.090536	0.0930435	1.00125	0.913441	1.09751
2086	ORF1a:G989S	0.0267339	0.0185281	0.00138181	-0.0999241	0.102688	1.00138	0.904906	1.10815
2087	ORF1a:M3621I	0.026719	0.0185178	0.00161575	-0.116907	0.120138	1.00162	0.889668	1.12765
2088	ORF7b:L20I	0.0263796	0.0182826	0.0017734	-0.129987	0.133534	1.00178	0.878107	1.14286
2089	ORF1b:D445A	0.0261724	0.0181389	0.00140566	-0.103859	0.106671	1.00141	0.901352	1.11257
2090	ORF1b:A186V	0.02608	0.0180749	0.0014782	-0.109611	0.112568	1.00148	0.896182	1.11915
2091	ORF1b:T899I	0.0258957	0.0179471	0.00146115	-0.109129	0.112051	1.00146	0.896615	1.11857
2092	ORF1b:D1028Y	0.0257656	0.0178569	0.000376402	-0.0282562	0.029009	1.00038	0.972139	1.02943
2093	ORF1a:S4135F	0.0255535	0.0177099	0.00160716	-0.121663	0.124877	1.00161	0.885447	1.13301
2094	N:R319H	0.0255227	0.0176886	0.00125037	-0.0947691	0.0972699	1.00125	0.909583	1.10216
2095	S:T549A	0.0253946	0.0175998	0.000784703	-0.059779	0.0613485	1.00078	0.941973	1.06327
2096	ORF1a:A1485V	0.0251819	0.0174524	0.00157982	-0.121381	0.124541	1.00158	0.885696	1.13263
2097	ORF1a:C2165F	0.0250709	0.0173755	0.00148335	-0.11448	0.117447	1.00148	0.89183	1.12462
2098	ORF1a:G3072C	0.0248847	0.0172464	0.000709518	-0.0551733	0.0565923	1.00071	0.946321	1.05822
2099	ORF1a:E1498A	0.0248133	0.0171969	0.00158178	-0.123361	0.126524	1.00158	0.883945	1.13488
2100	ORF8:V32I	0.0248006	0.0171882	0.00163846	-0.127847	0.131124	1.00164	0.879988	1.14011
2101	N:T265I	0.0246706	0.0170981	0.00117191	-0.0919307	0.0942746	1.00117	0.912168	1.09886
2102	S:S810L	0.024562	0.0170228	0.00140698	-0.110865	0.113679	1.00141	0.895059	1.12039
2103	ORF1a:R1404C	0.0242517	0.0168077	0.00169709	-0.135458	0.138852	1.0017	0.873316	1.14895
2104	ORF1a:A876S	0.0242184	0.0167846	0.00093345	-0.0746094	0.0764763	1.00093	0.928106	1.07948
2105	ORF1b:L1203F	0.0240679	0.0166803	0.00101062	-0.0812893	0.0833106	1.00101	0.921927	1.08688
2106	ORF1a:Q3599R	0.02399	0.0166263	0.00137387	-0.110871	0.113618	1.00137	0.895055	1.12032
2107	S:S689R	0.023959	0.0166048	0.00136274	-0.110116	0.112841	1.00136	0.89573	1.11945
2108	ORF3a:T269S	0.0239483	0.0165974	0.00144548	-0.116855	0.119746	1.00145	0.889714	1.12721
2109	ORF1a:F2173C	0.0239378	0.0165902	0.001263	-0.102148	0.104674	1.00126	0.902896	1.11035
2110	ORF1a:K527N	0.023645	0.0163872	0.00100776	-0.0825268	0.0845423	1.00101	0.920787	1.08822
2111	E:L21F	0.0235691	0.0163346	0.000330386	-0.0271439	0.0278047	1.00033	0.973221	1.02819
2112	ORF1a:S1612L	0.0235058	0.0162907	0.00132048	-0.108784	0.111425	1.00132	0.896924	1.11787
2113	ORF1a:A2832V	0.0232524	0.0161151	0.00147615	-0.12295	0.125902	1.00148	0.884308	1.13417
2114	ORF1a:G442V	0.023199	0.0160781	0.000741887	-0.0619363	0.0634201	1.00074	0.939943	1.06547
2115	ORF1a:S2797F	0.0230792	0.015995	0.00105755	-0.0887534	0.0908686	1.00106	0.915071	1.09513
2116	ORF1b:T2332I	0.0229904	0.0159335	0.00153502	-0.129328	0.132398	1.00154	0.878686	1.14156
2117	S:R214S	0.0228279	0.0158209	0.00132083	-0.112083	0.114725	1.00132	0.89397	1.12156
2118	ORF1b:L2017F	0.0228049	0.0158049	0.00102964	-0.0874628	0.0895221	1.00103	0.916253	1.09365
2119	ORF1a:S1272R	0.0227353	0.0157567	0.00133554	-0.113799	0.11647	1.00134	0.892438	1.12352
2120	ORF1a:D2880N	0.022515	0.015604	0.0016348	-0.140677	0.143946	1.00164	0.86877	1.15482
2121	S:E1144Q	0.0218297	0.015129	0.000940666	-0.0835164	0.0853978	1.00094	0.919876	1.08915
2122	S:T430I	0.0216727	0.0150202	0.00112098	-0.100254	0.102496	1.00112	0.904607	1.10793
2123	ORF1b:D100A	0.0213437	0.0147922	0.00132898	-0.120709	0.123367	1.00133	0.886292	1.1313
2124	ORF1a:S216F	0.0209676	0.0145315	0.00120674	-0.111594	0.114007	1.00121	0.894407	1.12076
2125	ORF1a:I95V	0.0205655	0.0142528	0.00131839	-0.124328	0.126965	1.00132	0.88309	1.13538
2126	S:S256P	0.0204965	0.014205	0.00112435	-0.106391	0.108639	1.00112	0.899073	1.11476
2127	ORF1b:Y337H	0.0204524	0.0141745	0.00125534	-0.119045	0.121555	1.00126	0.887768	1.12925
2128	ORF7b:E3Q	0.0203566	0.0141081	0.00123858	-0.118014	0.120491	1.00124	0.888684	1.12805
2129	S:D867G	0.0201359	0.0139551	0.00110389	-0.106345	0.108553	1.0011	0.899114	1.11466
2130	ORF1a:L1546I	0.0200826	0.0139182	0.000748791	-0.0723293	0.073827	1.00075	0.930224	1.07662
2131	M:L120I	0.0200668	0.0139072	0.00104186	-0.100719	0.102802	1.00104	0.904187	1.10827
2132	ORF1b:P970L	0.0200091	0.0138672	0.000551027	-0.0534241	0.0545262	1.00055	0.947978	1.05604
2133	ORF1a:R287K	0.0198091	0.0137286	0.00113481	-0.111146	0.113416	1.00114	0.894808	1.1201
2134	ORF14:L52I	0.0198023	0.0137239	0.00123281	-0.120786	0.123252	1.00123	0.886224	1.13117
2135	ORF9b:P73S	0.0197327	0.0136757	0.000882314	-0.0867539	0.0885186	1.00088	0.916903	1.09255
2136	S:G446V	0.0197247	0.0136701	0.000340709	-0.0335142	0.0341956	1.00034	0.967041	1.03479
2137	S:I714V	0.0197004	0.0136533	0.00124109	-0.122233	0.124716	1.00124	0.884942	1.13283
2138	N:R209S	0.0196188	0.0135968	0.000584818	-0.0578397	0.0590093	1.00058	0.943801	1.06079
2139	ORF1b:A1877V	0.0195574	0.0135542	0.00107528	-0.106685	0.108835	1.00108	0.898809	1.11498
2140	ORF1a:V1025A	0.0194692	0.0134931	0.000793338	-0.0790719	0.0806586	1.00079	0.923974	1.084
2141	S:C1247F	0.0194071	0.01345	0.00121092	-0.121083	0.123505	1.00121	0.885961	1.13146
2142	ORF1a:N3537S	0.0193847	0.0134345	0.00126698	-0.126836	0.12937	1.00127	0.880878	1.13811
2143	N:A211D	0.0193551	0.0134139	0.00112463	-0.11276	0.115009	1.00113	0.893365	1.12188
2144	ORF1a:R4017K	0.0192161	0.0133176	0.00108072	-0.109148	0.11131	1.00108	0.896597	1.11774
2145	ORF1a:G697R	0.0191917	0.0133007	0.000754655	-0.0763147	0.0778241	1.00075	0.926525	1.08093
2146	S:N703Y	0.0191796	0.0132923	0.00122372	-0.123828	0.126276	1.00122	0.883532	1.13459
2147	ORF1a:M2096T	0.0190334	0.013191	0.00116306	-0.118603	0.120929	1.00116	0.888161	1.12854
2148	ORF1a:L1797I	0.0189989	0.0131671	0.00111825	-0.114243	0.116479	1.00112	0.892041	1.12353
2149	S:Q564E	0.0188755	0.0130816	0.00111795	-0.114966	0.117202	1.00112	0.891397	1.12435
2150	ORF1a:I785V	0.0188068	0.0130339	0.000822907	-0.084937	0.0865829	1.00082	0.91857	1.09044
2151	ORF1a:V2061A	0.0186551	0.0129288	0.001077	-0.112076	0.11423	1.00108	0.893977	1.12101
2152	S:S691A	0.0186152	0.0129011	0.000654154	-0.0682207	0.069529	1.00065	0.934054	1.072
2153	ORF1a:H1610Y	0.0184274	0.012771	0.000919476	-0.0968774	0.0987164	1.00092	0.907667	1.10375
2154	ORF3a:T223N	0.0183758	0.0127353	0.0010154	-0.107287	0.109318	1.00102	0.898268	1.11552
2155	ORF14:E42K	0.0183707	0.0127317	0.00115601	-0.122178	0.12449	1.00116	0.884991	1.13257
2156	ORF14:M63I	0.0181371	0.0125698	0.00102558	-0.109803	0.111854	1.00103	0.896011	1.11835
2157	ORF1a:I396V	0.0180908	0.0125377	0.00114487	-0.122891	0.125181	1.00115	0.88436	1.13335
2158	ORF9b:D16N	0.0180275	0.0124939	0.000951821	-0.102531	0.104435	1.00095	0.90255	1.11008
2159	ORF1b:A2623S	0.0179988	0.0124739	0.000785	-0.084697	0.0862671	1.00079	0.918791	1.0901
2160	ORF1a:E1244D	0.0177953	0.0123329	0.00116253	-0.126878	0.129204	1.00116	0.880841	1.13792
2161	ORF1b:H873R	0.0177363	0.012292	0.00104076	-0.11397	0.116051	1.00104	0.892285	1.12305
2162	S:E340K	0.0177043	0.0122699	0.00103962	-0.114052	0.116131	1.00104	0.892212	1.12314
2163	M:N43I	0.0175485	0.0121619	0.00112023	-0.123996	0.126237	1.00112	0.883383	1.13455
2164	ORF1a:V721I	0.0174486	0.0120926	0.00104825	-0.116699	0.118796	1.00105	0.889853	1.12614
2165	ORF1b:K50N	0.0171241	0.0118677	0.000931936	-0.105734	0.107598	1.00093	0.899664	1.1136
2166	ORF1a:F617L	0.017056	0.0118206	0.000783535	-0.0892551	0.0908222	1.00078	0.914612	1.09507
2167	ORF1a:G298C	0.0162965	0.0112942	0.000945535	-0.112773	0.114664	1.00095	0.893354	1.1215
2168	S:I233V	0.0160969	0.0111558	0.0005687	-0.0686765	0.0698139	1.00057	0.933629	1.07231
2169	ORF1a:K2059N	0.0160725	0.0111389	0.000983896	-0.118997	0.120965	1.00098	0.88781	1.12859
2170	ORF1a:L4064I	0.0159904	0.011082	0.000513788	-0.0624618	0.0634894	1.00051	0.939449	1.06555
2171	ORF3a:G254V	0.015953	0.0110561	0.000473979	-0.0577583	0.0587063	1.00047	0.943878	1.06046
2172	ORF1b:V1691L	0.0159475	0.0110523	0.000920604	-0.112222	0.114063	1.00092	0.893846	1.12082
2173	ORF1a:T395I	0.0158935	0.0110149	0.000991313	-0.121256	0.123238	1.00099	0.885807	1.13115
2174	ORF1a:T1773I	0.0157083	0.0108865	0.000761529	-0.0942563	0.0957794	1.00076	0.910049	1.10052
2175	ORF8:V32A	0.0155785	0.0107965	0.00109346	-0.136477	0.138664	1.00109	0.872427	1.14874
2176	S:R683Q	0.0155577	0.0107821	0.000662645	-0.0828174	0.0841427	1.00066	0.920519	1.08778
2177	ORF8:S54L	0.0155281	0.0107616	0.000937652	-0.117413	0.119289	1.00094	0.889218	1.1267
2178	ORF1a:I4291V	0.0155264	0.0107604	0.00102607	-0.128499	0.130552	1.00103	0.879414	1.13946
2179	ORF1a:T1093A	0.0154864	0.0107327	0.000903597	-0.113456	0.115263	1.0009	0.892744	1.12217
2180	ORF1a:A3392V	0.015456	0.0107117	0.000437678	-0.0550638	0.0559391	1.00044	0.946425	1.05753
2181	ORF1b:V224I	0.0154071	0.0106778	0.000780215	-0.098472	0.100032	1.00078	0.906221	1.10521
2182	ORF1b:P2162S	0.0152527	0.0105708	0.000482983	-0.06158	0.0625459	1.00048	0.940278	1.06454
2183	S:N334K	0.0152221	0.0105495	0.00084894	-0.108459	0.110157	1.00085	0.897216	1.11645
2184	ORF1b:A1954S	0.0149225	0.0103419	0.000812434	-0.105895	0.10752	1.00081	0.899519	1.11351
2185	ORF1b:P970T	0.0147568	0.0102271	0.000910935	-0.120077	0.121899	1.00091	0.886852	1.12964
2186	ORF1b:N1790D	0.0146912	0.0101816	0.000885283	-0.117221	0.118992	1.00089	0.889388	1.12636
2187	ORF1a:T355N	0.0146478	0.0101515	0.000851634	-0.113102	0.114805	1.00085	0.893059	1.12166
2188	ORF1b:D1028A	0.0146414	0.0101471	0.000943515	-0.125359	0.127246	1.00094	0.88218	1.1357
2189	ORF1a:V1550A	0.0145392	0.0100762	0.000889488	-0.119019	0.120798	1.00089	0.887791	1.1284
2190	N:I131R	0.0143883	0.00997169	0.00085076	-0.115039	0.11674	1.00085	0.891332	1.12383
2191	ORF1a:I1005S	0.0143032	0.00991271	0.000993244	-0.13511	0.137097	1.00099	0.873619	1.14694
2192	ORF1a:N1026K	0.0141955	0.00983808	0.00085684	-0.117446	0.11916	1.00086	0.889188	1.12655
2193	ORF1b:T794I	0.0140079	0.00970806	0.000842295	-0.11701	0.118695	1.00084	0.889576	1.12603
2194	ORF1a:Y118C	0.0137739	0.00954585	0.000867442	-0.122566	0.124301	1.00087	0.884648	1.13236
2195	ORF1a:S2214L	0.0134603	0.00932855	0.000538404	-0.0778587	0.0789355	1.00054	0.925095	1.08213
2196	S:L1265F	0.013448	0.00932	0.000447028	-0.0647046	0.0655987	1.00045	0.937344	1.0678
2197	ORF1a:A498G	0.0134435	0.00931685	0.000920745	-0.133317	0.135159	1.00092	0.875187	1.14472
2198	ORF1a:A4155S	0.0134266	0.00930513	0.000730424	-0.105894	0.107355	1.00073	0.89952	1.11333
2199	S:K1149R	0.0132866	0.00920816	0.000894684	-0.131084	0.132873	1.0009	0.877144	1.14211
2200	S:D1146Y	0.0130405	0.00903758	0.000784501	-0.117125	0.118694	1.00078	0.889474	1.12602
2201	N:A90V	0.0129268	0.00895875	0.000624094	-0.0940014	0.0952496	1.00062	0.910282	1.09993
2202	ORF1a:S2960F	0.0129126	0.00894892	0.000797432	-0.120243	0.121838	1.0008	0.886705	1.12957
2203	ORF1a:P1096T	0.0128511	0.00890631	0.000709519	-0.107502	0.108921	1.00071	0.898075	1.11507
2204	ORF1a:T350I	0.0127935	0.00886639	0.000814428	-0.123956	0.125585	1.00081	0.883419	1.13381
2205	ORF1a:V1006F	0.012539	0.00869003	0.000747549	-0.116101	0.117596	1.00075	0.890385	1.12479
2206	S:D936G	0.0124569	0.00863314	0.000684698	-0.107045	0.108415	1.00068	0.898485	1.11451
2207	S:I1227V	0.0123863	0.00858421	0.000734261	-0.115452	0.116921	1.00073	0.890963	1.12403
2208	ORF1b:Y1784C	0.0121965	0.00845261	0.000477853	-0.0763128	0.0772685	1.00048	0.926526	1.08033
2209	S:P25L	0.0120719	0.00836631	0.000843072	-0.136036	0.137722	1.00084	0.872812	1.14766
2210	S:I692L	0.0120608	0.0083586	0.000795352	-0.128455	0.130046	1.0008	0.879453	1.13888
2211	S:D178N	0.012011	0.0083241	0.000587618	-0.0953002	0.0964754	1.00059	0.9091	1.10128
2212	ORF1a:F2321I	0.0118263	0.0081961	0.00076417	-0.125881	0.127409	1.00076	0.88172	1.13588
2213	ORF1b:H716Y	0.0117253	0.00812611	0.000702352	-0.1167	0.118105	1.0007	0.889852	1.12536
2214	ORF1a:S2625F	0.0116859	0.00809878	0.000461801	-0.0769916	0.0779152	1.00046	0.925898	1.08103
2215	ORF1b:V2236I	0.0115927	0.00803417	0.000374229	-0.0628963	0.0636448	1.00037	0.939041	1.06571
2216	ORF1a:T329A	0.011579	0.00802472	0.000675754	-0.113708	0.115059	1.00068	0.892519	1.12194
2217	ORF1a:I567V	0.0115521	0.00800605	0.000729382	-0.12302	0.124479	1.00073	0.884246	1.13256
2218	ORF1a:I3140M	0.0114625	0.00794392	0.000709586	-0.120622	0.122042	1.00071	0.886369	1.1298
2219	ORF1a:D2980G	0.0112661	0.00780784	0.000458711	-0.0793432	0.0802606	1.00046	0.923723	1.08357
2220	ORF1a:A79T	0.0112312	0.00778366	0.000689734	-0.119676	0.121055	1.00069	0.887208	1.12869
2221	ORF1b:V2368F	0.0110912	0.00768664	0.000689923	-0.121228	0.122608	1.00069	0.885832	1.13044
2222	S:G1251V	0.0110592	0.00766445	0.000359328	-0.0633223	0.064041	1.00036	0.938641	1.06614
2223	ORF3a:T64I	0.0109067	0.00755875	0.000318547	-0.0569253	0.0575624	1.00032	0.944665	1.05925
2224	ORF1a:T1820I	0.0107765	0.00746849	0.000668283	-0.120876	0.122212	1.00067	0.886144	1.12999
2225	ORF1a:H2794Y	0.0107524	0.00745183	0.00065232	-0.118253	0.119558	1.00065	0.888471	1.127
2226	S:Q677L	0.0107522	0.00745171	0.000460892	-0.0835525	0.0844743	1.00046	0.919843	1.08814
2227	ORF1a:Q3777R	0.0107161	0.00742663	0.000230949	-0.0420095	0.0424714	1.00023	0.958861	1.04339
2228	ORF1a:P3359L	0.010716	0.00742657	0.000456459	-0.0830304	0.0839433	1.00046	0.920323	1.08757
2229	ORF1a:K3839R	0.0102226	0.00708465	0.000324244	-0.0618424	0.062491	1.00032	0.940031	1.06448
2230	ORF8:D63G	0.0101521	0.00703577	0.000566105	-0.108726	0.109859	1.00057	0.896976	1.11612
2231	ORF1a:K1247N	0.0100493	0.00696455	0.000596935	-0.115826	0.11702	1.0006	0.89063	1.12414
2232	N:T379A	0.00992085	0.00687551	0.000587403	-0.11546	0.116635	1.00059	0.890956	1.12371
2233	ORF1a:V3653A	0.00975687	0.00676187	0.000538845	-0.107704	0.108782	1.00054	0.897893	1.11492
2234	S:P809S	0.00963299	0.00667602	0.000136597	-0.0276559	0.0279291	1.00014	0.972723	1.02832
2235	S:A1070V	0.00961271	0.00666196	0.000379249	-0.0769468	0.0777053	1.00038	0.925939	1.0808
2236	ORF1a:G400C	0.00960518	0.00665674	0.000596311	-0.121083	0.122275	1.0006	0.885961	1.13007
2237	ORF1a:M3669I	0.0094623	0.00655772	0.000369167	-0.0760978	0.0768362	1.00037	0.926726	1.07987
2238	ORF1b:D2666G	0.00901743	0.00624941	0.00038015	-0.0822465	0.0830068	1.00038	0.921045	1.08655
2239	ORF1b:R1518K	0.00899153	0.00623145	0.000421391	-0.091433	0.0922758	1.00042	0.912622	1.09667
2240	N:M101I	0.00892245	0.00618358	0.000553284	-0.120985	0.122091	1.00055	0.886047	1.12986
2241	ORF1a:C667Y	0.00887212	0.0061487	0.000465117	-0.102285	0.103215	1.00047	0.902772	1.10873
2242	ORF1b:T1339I	0.00851556	0.00590159	0.000282143	-0.0646566	0.065221	1.00028	0.937389	1.06739
2243	ORF14:I43V	0.00819251	0.00567771	0.000160236	-0.0381743	0.0384948	1.00016	0.962545	1.03925
2244	ORF1a:A2199V	0.00815504	0.00565174	0.000440193	-0.105355	0.106235	1.00044	0.900005	1.11208
2245	ORF1a:D48G	0.00813243	0.00563607	0.000245779	-0.0589885	0.05948	1.00025	0.942718	1.06128
2246	ORF1a:E57K	0.00777486	0.00538825	0.000473733	-0.11895	0.119897	1.00047	0.887853	1.12738
2247	ORF7a:P34S	0.0076343	0.00529084	0.000483176	-0.123563	0.12453	1.00048	0.883766	1.13262
2248	ORF1a:Y534C	0.00761281	0.00527595	0.000440589	-0.112992	0.113873	1.00044	0.893158	1.12061
2249	N:T165I	0.00753849	0.00522444	0.000340291	-0.0881335	0.0888141	1.00034	0.915639	1.09288
2250	ORF1a:V1866I	0.00748607	0.00518811	0.000448945	-0.117092	0.117989	1.00045	0.889504	1.12523
2251	ORF1a:D4344N	0.00744017	0.0051563	0.000383902	-0.100747	0.101515	1.00038	0.904161	1.10685
2252	ORF8:I121V	0.00743203	0.00515066	0.000458818	-0.12054	0.121458	1.00046	0.886442	1.12914
2253	ORF1a:C2180Y	0.00741713	0.00514033	0.000452016	-0.118992	0.119897	1.00045	0.887815	1.12738
2254	ORF1a:A591S	0.00726643	0.0050359	0.000500559	-0.134514	0.135516	1.0005	0.87414	1.14513
2255	ORF1b:V1133I	0.00698738	0.0048425	0.00042206	-0.117966	0.11881	1.00042	0.888726	1.12616
2256	ORF1a:A3456S	0.00673839	0.00466994	0.000330176	-0.0957066	0.096367	1.00033	0.908731	1.10116
2257	ORF3a:D155G	0.00667259	0.00462434	0.000364041	-0.106567	0.107295	1.00036	0.898915	1.11326
2258	ORF1b:V2406I	0.00659521	0.00457071	0.000409309	-0.121229	0.122048	1.00041	0.885831	1.12981
2259	ORF1b:H1807R	0.00649375	0.0045004	0.000372136	-0.111947	0.112691	1.00037	0.894091	1.11929
2260	ORF1b:S1779I	0.00626325	0.00434065	9.13403e-05	-0.0284919	0.0286746	1.00009	0.97191	1.02909
2261	S:V1122G	0.00596265	0.00413233	0.000433228	-0.141972	0.142838	1.00043	0.867646	1.15354
2262	ORF1b:Y710C	0.00583218	0.0040419	0.000342565	-0.11478	0.115465	1.00034	0.891562	1.1224
2263	S:A766S	0.00576176	0.0039931	0.000336117	-0.114	0.114672	1.00034	0.892258	1.12151
2264	ORF1a:L3806M	0.00563935	0.00390827	0.000341988	-0.118517	0.119201	1.00034	0.888237	1.1266
2265	ORF3a:I37T	0.00560018	0.00388112	0.000346628	-0.120967	0.12166	1.00035	0.886063	1.12937
2266	ORF9b:L64P	0.00554395	0.00384215	0.000185449	-0.0653766	0.0657475	1.00019	0.936715	1.06796
2267	S:A1070S	0.00553972	0.00383922	0.000351792	-0.124113	0.124817	1.00035	0.88328	1.13294
2268	N:Q242R	0.00533145	0.00369488	0.000339634	-0.124517	0.125197	1.00034	0.882923	1.13337
2269	N:A155V	0.00529031	0.00366637	0.000293724	-0.108526	0.109113	1.00029	0.897156	1.11529
2270	ORF8:P30L	0.00524087	0.0036321	0.000317833	-0.118544	0.11918	1.00032	0.888213	1.12657
2271	ORF7a:T11I	0.00519195	0.0035982	0.000322878	-0.121564	0.122209	1.00032	0.885535	1.12999
2272	ORF1b:K2063N	0.00470681	0.00326198	0.000258242	-0.107277	0.107793	1.00026	0.898277	1.11382
2273	ORF1b:N969S	0.00439627	0.00304677	0.000215995	-0.0960798	0.0965119	1.00022	0.908391	1.10132
2274	ORF1a:V3056I	0.00418805	0.00290246	0.000233349	-0.108972	0.109438	1.00023	0.896756	1.11565
2275	ORF1a:F2827L	0.0041466	0.00287373	0.000190688	-0.0899415	0.0903229	1.00019	0.913985	1.09453
2276	ORF1a:T1322P	0.00402873	0.00279205	0.000243399	-0.118169	0.118656	1.00024	0.888546	1.12598
2277	ORF1a:D2627N	0.00375592	0.00260298	0.000225578	-0.117488	0.117939	1.00023	0.889151	1.12518
2278	ORF1a:S2731G	0.00365335	0.0025319	0.000227779	-0.121972	0.122428	1.00023	0.885173	1.13024
2279	ORF1a:P1640H	0.0036014	0.0024959	0.000106139	-0.0576572	0.0578695	1.00011	0.943973	1.05958
2280	ORF1a:R1464L	0.0034348	0.00238044	0.000197839	-0.112693	0.113089	1.0002	0.893425	1.11973
2281	ORF1b:A1749V	0.00343305	0.00237922	0.000106532	-0.0607138	0.0609269	1.00011	0.941092	1.06282
2282	ORF1b:T794P	0.00342526	0.00237383	0.000200522	-0.11454	0.114941	1.0002	0.891777	1.12181
2283	ORF1b:T1717A	0.00326866	0.00226529	0.000129059	-0.077258	0.0775161	1.00013	0.925651	1.0806
2284	ORF1a:W2232C	0.00321675	0.00222931	0.000204381	-0.124325	0.124734	1.0002	0.883093	1.13285
2285	ORF9b:Q77H	0.00308031	0.00213476	8.0674e-05	-0.0512513	0.0514126	1.00008	0.95004	1.05276
2286	S:Q607R	0.0028113	0.00194832	0.000156918	-0.109242	0.109556	1.00016	0.896513	1.11578
2287	S:D1163H	0.00273156	0.00189306	0.000169044	-0.121124	0.121463	1.00017	0.885924	1.12915
2288	ORF1b:R2308C	0.00266797	0.00184899	0.000167426	-0.122828	0.123163	1.00017	0.884416	1.13107
2289	S:V83S	0.00255662	0.00177182	0.000149201	-0.114232	0.114531	1.00015	0.892051	1.12135
2290	ORF1b:K82N	0.0025504	0.00176751	0.000159014	-0.122043	0.122361	1.00016	0.885111	1.13016
2291	ORF1b:E720D	0.00250227	0.00173416	0.000147031	-0.115019	0.115313	1.00015	0.891349	1.12222
2292	ORF1a:K3832R	0.00235262	0.00163045	0.000151114	-0.125742	0.126044	1.00015	0.881843	1.13433
2293	ORF1a:I1215M	0.00230803	0.00159954	0.000134035	-0.113688	0.113956	1.00013	0.892537	1.1207
2294	ORF1a:T2153I	0.00220858	0.00153062	0.000143965	-0.127615	0.127903	1.00014	0.880192	1.13644
2295	ORF1a:V2149F	0.00202398	0.00140269	0.00011051	-0.106904	0.107125	1.00011	0.898612	1.11307
2296	ORF1a:G638C	0.00197231	0.00136688	0.000125183	-0.124275	0.124525	1.00013	0.883137	1.13261
2297	S:L368V	0.00179792	0.00124602	0.000107142	-0.116691	0.116905	1.00011	0.88986	1.12401
2298	S:S1252F	0.0016885	0.00117018	6.37342e-05	-0.0739173	0.0740448	1.00006	0.928748	1.07686
2299	S:L981I	0.00167524	0.001161	0.000107887	-0.126116	0.126332	1.00011	0.881512	1.13466
2300	ORF1a:T3646I	0.00156082	0.0010817	0.000105981	-0.132977	0.133189	1.00011	0.875485	1.14247
2301	ORF1a:G465V	0.00153865	0.00106634	5.75313e-05	-0.073227	0.0733421	1.00006	0.92939	1.0761
2302	ORF1a:T490I	0.00134225	0.000930228	7.42209e-05	-0.108303	0.108452	1.00007	0.897355	1.11455
2303	ORF1a:M3129I	0.00128275	0.000888989	8.3528e-05	-0.127542	0.127709	1.00008	0.880256	1.13622
2304	ORF8:R101L	0.00121303	0.000840671	7.24232e-05	-0.116946	0.117091	1.00007	0.889633	1.12422
2305	ORF1b:I1579V	0.00109231	0.000757011	7.36827e-05	-0.132137	0.132284	1.00007	0.876221	1.14143
2306	S:K529R	0.00105565	0.000731598	5.36087e-05	-0.099479	0.0995863	1.00005	0.905309	1.10471
2307	ORF8:D34G	0.000764387	0.000529746	2.84413e-05	-0.0728978	0.0729547	1.00003	0.929696	1.07568
2308	ORF1a:A1508V	0.000723612	0.000501487	4.29669e-05	-0.116337	0.116423	1.00004	0.890176	1.12347
2309	ORF1a:E1766A	0.000698701	0.000484223	3.66372e-05	-0.102736	0.10281	1.00004	0.902365	1.10828
2310	ORF1b:A7V	0.000685854	0.00047532	3.91385e-05	-0.111807	0.111885	1.00004	0.894217	1.11838
2311	N:T135A	0.000575418	0.000398784	2.04318e-05	-0.0695735	0.0696144	1.00002	0.932792	1.07209
2312	N:A211S	0.000519765	0.000360215	3.44972e-05	-0.13005	0.130119	1.00003	0.878052	1.13896
2313	ORF14:C68F	0.000311472	0.00021586	1.83192e-05	-0.115257	0.115294	1.00002	0.891137	1.1222
2314	N:D144G	4.11718e-05	2.85335e-05	2.50174e-06	-0.119092	0.119097	1	0.887727	1.12648
2315	ORF1a:G728C	2.47294e-05	1.71383e-05	5.72269e-07	-0.0453555	0.0453566	1	0.955658	1.0464
2316	S:G485R	-0.000307288	-0.000212961	-2.0135e-05	-0.128447	0.128406	0.99998	0.87946	1.13701
2317	ORF1a:H45Y	-0.000349949	-0.000242526	-2.14384e-05	-0.120092	0.120049	0.999979	0.886839	1.12755
2318	ORF3a:E242Q	-0.000371532	-0.000257484	-2.03993e-05	-0.107634	0.107593	0.99998	0.897956	1.11359
2319	S:V83T	-0.000374938	-0.000259845	-2.26437e-05	-0.118391	0.118346	0.999977	0.888349	1.12563
2320	S:V622I	-0.000413018	-0.000286235	-1.93569e-05	-0.0918771	0.0918384	0.999981	0.912217	1.09619
2321	ORF1b:P160S	-0.000485305	-0.000336333	-2.30597e-05	-0.0931524	0.0931063	0.999977	0.911055	1.09758
2322	ORF1a:Q3332R	-0.000695277	-0.00048185	-3.77536e-05	-0.106464	0.106389	0.999962	0.899007	1.11225
2323	N:P162S	-0.000725767	-0.000502981	-4.08577e-05	-0.110379	0.110297	0.999959	0.895495	1.11661
2324	ORF1a:G1152D	-0.000880871	-0.000610473	-5.46866e-05	-0.121734	0.121625	0.999945	0.885384	1.12933
2325	ORF7a:E91D	-0.000956851	-0.00066313	-5.65544e-05	-0.1159	0.115787	0.999943	0.890565	1.12276
2326	ORF1b:D2087G	-0.00115567	-0.00080092	-7.4454e-05	-0.126345	0.126196	0.999926	0.881311	1.1345
2327	ORF9b:A22T	-0.00115638	-0.000801414	-7.1831e-05	-0.121819	0.121675	0.999928	0.885309	1.12939
2328	ORF1b:D2361Y	-0.00123073	-0.000852934	-7.05852e-05	-0.112479	0.112338	0.999929	0.893616	1.11889
2329	S:I651V	-0.00123604	-0.000856615	-7.25303e-05	-0.115083	0.114938	0.999927	0.891292	1.1218
2330	ORF1b:I1074V	-0.00126433	-0.000876223	-2.44883e-05	-0.0379862	0.0379372	0.999976	0.962726	1.03867
2331	ORF1a:A3901V	-0.00160188	-0.00111016	-7.73658e-05	-0.0947373	0.0945826	0.999923	0.909612	1.0992
2332	ORF1a:A859V	-0.00162587	-0.00112678	-2.32679e-05	-0.0280725	0.028026	0.999977	0.972318	1.02842
2333	ORF3a:H243R	-0.00165329	-0.00114578	-0.000101937	-0.120948	0.120744	0.999898	0.88608	1.12834
2334	ORF3a:A39T	-0.00175152	-0.00121386	-0.000113976	-0.127654	0.127427	0.999886	0.880157	1.1359
2335	ORF1b:T1453A	-0.00177123	-0.00122752	-0.000113446	-0.125647	0.12542	0.999887	0.881926	1.13363
2336	ORF1a:S142P	-0.00186439	-0.00129208	-0.000113806	-0.119754	0.119527	0.999886	0.887138	1.12696
2337	ORF1a:E37D	-0.00187984	-0.00130279	-0.000124995	-0.130448	0.130198	0.999875	0.877702	1.13905
2338	ORF8:T26N	-0.00200827	-0.0013918	-0.000114632	-0.111989	0.11176	0.999885	0.894054	1.11824
2339	ORF1a:T4174I	-0.00206835	-0.00143344	-4.50097e-05	-0.0426962	0.0426062	0.999955	0.958202	1.04353
2340	ORF1a:G493D	-0.00214679	-0.0014878	-7.87997e-05	-0.0720208	0.0718632	0.999921	0.930512	1.07451
2341	S:N751K	-0.00225315	-0.00156151	-0.000121277	-0.105618	0.105375	0.999879	0.899769	1.11113
2342	ORF1a:D3240A	-0.00229296	-0.0015891	-0.000128596	-0.110049	0.109792	0.999871	0.89579	1.11605
2343	ORF1b:T2048I	-0.00230298	-0.00159605	-0.000156047	-0.132961	0.132649	0.999844	0.875499	1.14185
2344	ORF3a:T269M	-0.00260698	-0.00180673	-0.000124414	-0.0936607	0.0934119	0.999876	0.910592	1.09791
2345	ORF1a:T2532I	-0.00263982	-0.00182949	-0.000120658	-0.0897046	0.0894633	0.999879	0.914201	1.09359
2346	ORF1a:V757F	-0.00289297	-0.00200493	-0.000164457	-0.111583	0.111254	0.999836	0.894417	1.11768
2347	ORF1a:L1434I	-0.00289524	-0.0020065	-0.000129588	-0.0878554	0.0875963	0.99987	0.915893	1.09155
2348	ORF1a:D139N	-0.00297135	-0.00205925	-0.000172472	-0.113939	0.113594	0.999828	0.892312	1.1203
2349	ORF1a:S2900L	-0.00310604	-0.00215259	-0.000100215	-0.0633375	0.0631371	0.9999	0.938627	1.06517
2350	ORF1b:V2287I	-0.00329735	-0.00228518	-0.000145675	-0.0867359	0.0864446	0.999854	0.916919	1.09029
2351	ORF1a:A2192V	-0.00357818	-0.0024798	-0.000152106	-0.0834688	0.0831646	0.999848	0.91992	1.08672
2352	ORF1a:K2200N	-0.00366814	-0.00254214	-0.000190059	-0.101743	0.101362	0.99981	0.903262	1.10668
2353	ORF1a:G3578S	-0.00382815	-0.00265304	-0.000221058	-0.1134	0.112958	0.999779	0.892793	1.11958
2354	ORF8:Q18H	-0.00388541	-0.00269272	-0.000252672	-0.127711	0.127205	0.999747	0.880108	1.13565
2355	S:E180K	-0.00403983	-0.00279974	-0.000248681	-0.120899	0.120401	0.999751	0.886124	1.12795
2356	ORF1a:T951A	-0.0042746	-0.00296244	-0.000258976	-0.119003	0.118485	0.999741	0.887805	1.12579
2357	E:S50G	-0.00429496	-0.00297655	-0.000226081	-0.103396	0.102944	0.999774	0.90177	1.10843
2358	ORF1a:V3078I	-0.00454504	-0.00314987	-0.000282707	-0.122195	0.121629	0.999717	0.884976	1.12934
2359	S:T385I	-0.00470942	-0.00326379	-0.000139829	-0.0583337	0.058054	0.99986	0.943335	1.05977
2360	S:V445Q	-0.00477087	-0.00330638	-0.000247759	-0.102032	0.101536	0.999752	0.903001	1.10687
2361	M:L124F	-0.00486347	-0.00337055	-0.00028186	-0.11387	0.113307	0.999718	0.892374	1.11998
2362	ORF1a:N840H	-0.00501304	-0.00347421	-0.000341697	-0.133936	0.133253	0.999658	0.874646	1.14254
2363	ORF1b:D1292G	-0.005138	-0.00356081	-0.000302731	-0.115784	0.115178	0.999697	0.890668	1.12207
2364	ORF1b:T1697A	-0.00516473	-0.00357934	-0.00030561	-0.116282	0.11567	0.999694	0.890225	1.12263
2365	ORF1a:R1318K	-0.00522749	-0.00362283	-0.00026805	-0.100769	0.100233	0.999732	0.904142	1.10543
2366	ORF3a:G174C	-0.00524503	-0.00363499	-0.000159245	-0.0596658	0.0593474	0.999841	0.942079	1.06114
2367	ORF1a:P1096L	-0.00528609	-0.00366344	-0.00032496	-0.120813	0.120163	0.999675	0.8862	1.12768
2368	M:I8V	-0.00537125	-0.00372246	-0.000316347	-0.115751	0.115118	0.999684	0.890697	1.12201
2369	S:Y266H	-0.00549632	-0.00380914	-0.000192059	-0.0686795	0.0682954	0.999808	0.933626	1.07068
2370	E:V70A	-0.00557669	-0.00386484	-0.000323359	-0.11397	0.113323	0.999677	0.892285	1.11999
2371	S:T719I	-0.0056003	-0.0038812	-0.000283658	-0.0995569	0.0989896	0.999716	0.905238	1.10405
2372	ORF1a:M3621V	-0.00561969	-0.00389464	-0.000351739	-0.123027	0.122323	0.999648	0.88424	1.13012
2373	ORF1a:T2158I	-0.00580264	-0.00402143	-0.00026679	-0.0903808	0.0898472	0.999733	0.913583	1.09401
2374	E:F26L	-0.00592142	-0.00410375	-0.000359728	-0.119428	0.118709	0.99964	0.887428	1.12604
2375	ORF3a:Y189C	-0.0059416	-0.00411773	-0.000382504	-0.12656	0.125795	0.999618	0.881122	1.13405
2376	ORF14:T19M	-0.00603168	-0.00418017	-0.000337297	-0.10994	0.109266	0.999663	0.895888	1.11546
2377	ORF1b:A1884V	-0.00607545	-0.0042105	-0.000392225	-0.126925	0.126141	0.999608	0.880799	1.13444
2378	ORF1a:T3665K	-0.00619762	-0.00429516	-0.000355123	-0.112661	0.111951	0.999645	0.893454	1.11846
2379	ORF1b:V728I	-0.00622652	-0.0043152	-0.000362561	-0.114488	0.113763	0.999637	0.891822	1.12049
2380	ORF1a:E1142K	-0.00628313	-0.00435443	-0.000354931	-0.111072	0.110363	0.999645	0.894874	1.11668
2381	ORF1a:T340I	-0.00654274	-0.00453435	-0.000286239	-0.0860329	0.0854605	0.999714	0.917564	1.08922
2382	ORF3a:V50A	-0.00661258	-0.00458275	-0.000331456	-0.0985746	0.0979117	0.999669	0.906128	1.10287
2383	N:G5E	-0.00682555	-0.00473035	-0.000426036	-0.122763	0.121911	0.999574	0.884473	1.12965
2384	ORF1a:V2340I	-0.00695504	-0.00482009	-0.000297285	-0.0840735	0.083479	0.999703	0.919364	1.08706
2385	ORF1b:A1525S	-0.00701377	-0.00486079	-0.000447416	-0.125476	0.124581	0.999553	0.882077	1.13267
2386	ORF1b:V1493L	-0.00703207	-0.00487348	-0.000304181	-0.085085	0.0844766	0.999696	0.918434	1.08815
2387	ORF1a:A3497V	-0.00706253	-0.00489458	-0.00041012	-0.114225	0.113405	0.99959	0.892057	1.12009
2388	S:P631S	-0.00718382	-0.00497864	-0.000409667	-0.112179	0.11136	0.99959	0.893884	1.1178
2389	ORF1a:G327S	-0.00734068	-0.00508735	-0.000430849	-0.115468	0.114606	0.999569	0.890949	1.12143
2390	S:T284I	-0.00772419	-0.00535314	-0.000318755	-0.0812008	0.0805633	0.999681	0.922009	1.0839
2391	ORF1a:S376T	-0.00779447	-0.00540185	-0.000480645	-0.121341	0.12038	0.999519	0.885731	1.12793
2392	ORF8:K94T	-0.00790897	-0.0054812	-0.000503585	-0.1253	0.124292	0.999497	0.882233	1.13235
2393	S:T33I	-0.0079102	-0.00548205	-0.000496574	-0.123536	0.122543	0.999504	0.88379	1.13037
2394	ORF1a:P1596L	-0.00801518	-0.00555481	-0.000427193	-0.104889	0.104035	0.999573	0.900424	1.10964
2395	S:A262S	-0.00834448	-0.00578303	-0.000215428	-0.0508156	0.0503847	0.999785	0.950454	1.05168
2396	ORF1a:I3693T	-0.00837166	-0.00580186	-0.000469039	-0.11028	0.109342	0.999531	0.895583	1.11554
2397	ORF1a:I849V	-0.00849561	-0.00588776	-0.0005069	-0.11745	0.116437	0.999493	0.889185	1.12349
2398	ORF1a:I431M	-0.00855038	-0.00592572	-0.000568767	-0.130944	0.129807	0.999431	0.877266	1.13861
2399	ORF1a:E797G	-0.00860232	-0.00596172	-0.000468906	-0.107305	0.106367	0.999531	0.898252	1.11223
2400	S:K187T	-0.00863523	-0.00598453	-0.000482317	-0.109955	0.108991	0.999518	0.895874	1.11515
2401	ORF1a:N2370K	-0.00867513	-0.00601218	-0.000506223	-0.114877	0.113864	0.999494	0.891476	1.1206
2402	S:N501S	-0.00882549	-0.00611638	-0.000559382	-0.124787	0.123668	0.999441	0.882685	1.13164
2403	ORF1a:K1795R	-0.00883332	-0.00612181	-0.000506538	-0.112899	0.111886	0.999494	0.893241	1.11838
2404	ORF3a:D173Y	-0.00884609	-0.00613066	-0.000499244	-0.111113	0.110115	0.999501	0.894838	1.11641
2405	N:M322V	-0.00886874	-0.00614636	-0.000513142	-0.113916	0.11289	0.999487	0.892333	1.11951
2406	ORF1a:M4071T	-0.00888786	-0.00615961	-0.000526962	-0.116734	0.11568	0.999473	0.889822	1.12264
2407	S:N185I	-0.00891164	-0.00617609	-0.000537852	-0.118829	0.117754	0.999462	0.887959	1.12497
2408	ORF1b:T1540I	-0.00891883	-0.00618107	-0.000130256	-0.0287548	0.0284943	0.99987	0.971655	1.0289
2409	ORF1b:Y1072F	-0.00898483	-0.00622681	-0.000388418	-0.0851186	0.0843418	0.999612	0.918403	1.088
2410	ORF1a:T3308N	-0.00919289	-0.00637101	-0.000488285	-0.104593	0.103616	0.999512	0.900691	1.10917
2411	ORF7b:L25F	-0.00925736	-0.00641569	-0.000598673	-0.127349	0.126152	0.999402	0.880426	1.13445
2412	ORF3a:T190I	-0.00927285	-0.00642643	-0.000576634	-0.122457	0.121304	0.999424	0.884744	1.12897
2413	ORF1a:G345C	-0.00929817	-0.00644397	-0.000425122	-0.0900368	0.0891866	0.999575	0.913898	1.09328
2414	S:I197T	-0.00935789	-0.00648536	-0.000405039	-0.0852383	0.0844283	0.999595	0.918293	1.08809
2415	ORF1a:N1555S	-0.00941985	-0.0065283	-0.0005515	-0.115301	0.114198	0.999449	0.891098	1.12097
2416	S:H69S	-0.00942883	-0.00653452	-0.000580767	-0.121304	0.120143	0.999419	0.885764	1.12766
2417	ORF1b:P2313S	-0.00946283	-0.00655809	-0.00035398	-0.0736712	0.0729632	0.999646	0.928977	1.07569
2418	ORF1b:Q2070L	-0.00953097	-0.00660531	-0.000573556	-0.118521	0.117374	0.999427	0.888233	1.12454
2419	ORF1a:S391A	-0.00968281	-0.00671054	-0.000482676	-0.0981845	0.0972192	0.999517	0.906482	1.1021
2420	S:V36F	-0.00968899	-0.00671483	-0.000123581	-0.0251226	0.0248754	0.999876	0.97519	1.02519
2421	ORF1a:V2356A	-0.0100536	-0.00696749	-0.000371331	-0.0727631	0.0720205	0.999629	0.929821	1.07468
2422	ORF1a:A2320T	-0.0101405	-0.00702774	-0.000554042	-0.10764	0.106532	0.999446	0.897951	1.11241
2423	S:R214H	-0.0104183	-0.00722025	-0.000365242	-0.0690773	0.0683468	0.999635	0.933255	1.07074
2424	ORF1a:Q611L	-0.0104749	-0.00725947	-0.000603843	-0.11359	0.112382	0.999396	0.892624	1.11894
2425	ORF1a:A3995V	-0.0105989	-0.00734545	-0.000635558	-0.118164	0.116893	0.999365	0.888551	1.124
2426	ORF1b:H2065Y	-0.0106324	-0.00736865	-0.000447055	-0.0828566	0.0819625	0.999553	0.920483	1.08542
2427	ORF1a:E233G	-0.010665	-0.00739124	-0.00061935	-0.114441	0.113202	0.999381	0.891865	1.11986
2428	ORF1a:G2667S	-0.0106904	-0.00740887	-0.000688301	-0.12688	0.125504	0.999312	0.880839	1.13372
2429	ORF14:L58M	-0.0109833	-0.00761185	-0.000624542	-0.112074	0.110825	0.999376	0.893978	1.1172
2430	ORF1b:V1149L	-0.0111096	-0.00769936	-0.000558347	-0.0990626	0.0979459	0.999442	0.905686	1.1029
2431	S:S680A	-0.0111452	-0.00772405	-0.0006415	-0.113454	0.112171	0.999359	0.892745	1.1187
2432	M:L90F	-0.0113893	-0.00789318	-0.000700359	-0.121224	0.119824	0.9993	0.885835	1.1273
2433	ORF1b:V1639F	-0.0114449	-0.00793174	-0.000709266	-0.122173	0.120754	0.999291	0.884996	1.12835
2434	ORF1a:F3604L	-0.0118934	-0.00824258	-0.000726828	-0.120504	0.11905	0.999273	0.886474	1.12643
2435	ORF1a:Q22H	-0.0119136	-0.0082566	-0.000561781	-0.0929829	0.0918594	0.999438	0.911209	1.09621
2436	N:G215V	-0.0120986	-0.00838483	-0.000452005	-0.0736762	0.0727722	0.999548	0.928972	1.07549
2437	S:A262D	-0.0122349	-0.00847925	-0.00083695	-0.134912	0.133238	0.999163	0.873793	1.14252
2438	ORF1b:G1772S	-0.0122615	-0.00849766	-0.000523786	-0.0842497	0.0832021	0.999476	0.919202	1.08676
2439	ORF1a:E940D	-0.0123534	-0.00856136	-0.000626322	-0.0999975	0.0987449	0.999374	0.90484	1.10378
2440	S:P521Q	-0.0125319	-0.00868507	-0.00066212	-0.104217	0.102892	0.999338	0.90103	1.10837
2441	ORF1b:G1561S	-0.0126128	-0.00874115	-0.000730051	-0.114176	0.112716	0.99927	0.892101	1.11931
2442	ORF1a:S3687L	-0.0126946	-0.00879785	-0.000180234	-0.0280072	0.0276468	0.99982	0.972381	1.02803
2443	ORF1a:V1019F	-0.0128713	-0.00892028	-0.000788696	-0.120887	0.11931	0.999212	0.886134	1.12672
2444	N:A182S	-0.0129917	-0.00900373	-0.000256564	-0.0389627	0.0384495	0.999743	0.961787	1.0392
2445	ORF1a:D1323G	-0.0132131	-0.00915717	-0.000790491	-0.118048	0.116467	0.99921	0.888653	1.12352
2446	ORF1a:I2346V	-0.0133536	-0.00925455	-0.000703638	-0.10398	0.102572	0.999297	0.901244	1.10802
2447	ORF1a:T677I	-0.0133723	-0.00926755	-0.000678453	-0.100118	0.0987615	0.999322	0.90473	1.1038
2448	ORF1a:G603S	-0.0134518	-0.00932265	-0.000573568	-0.0841437	0.0829966	0.999427	0.919299	1.08654
2449	ORF1b:I2331V	-0.0134983	-0.00935484	-0.00068749	-0.100512	0.0991368	0.999313	0.904375	1.10422
2450	S:Q1208H	-0.0135441	-0.00938661	-0.000748326	-0.109038	0.107542	0.999252	0.896696	1.11354
2451	E:S68F	-0.0135539	-0.00939337	-0.000571391	-0.0831977	0.0820549	0.999429	0.920169	1.08552
2452	ORF14:E56A	-0.0135746	-0.00940773	-0.000471006	-0.0684771	0.0675351	0.999529	0.933815	1.06987
2453	ORF1a:N2596S	-0.0136446	-0.00945626	-0.000288106	-0.0416727	0.0410965	0.999712	0.959184	1.04195
2454	ORF1b:M1582I	-0.01365	-0.00946002	-0.00045758	-0.06616	0.0652448	0.999543	0.935981	1.06742
2455	ORF1a:T753I	-0.0137187	-0.00950759	-0.000266216	-0.0383	0.0377675	0.999734	0.962424	1.03849
2456	S:N450K	-0.0137553	-0.00953294	-0.000669748	-0.096101	0.0947616	0.99933	0.908372	1.0994
2457	ORF1a:I1667V	-0.0138614	-0.00960647	-0.000767412	-0.109278	0.107743	0.999233	0.896482	1.11376
2458	N:G238V	-0.0139083	-0.00963899	-0.000876417	-0.124382	0.122629	0.999124	0.883043	1.13046
2459	S:F797L	-0.0140746	-0.00975424	-0.000742795	-0.104181	0.102696	0.999258	0.901062	1.10815
2460	S:A701S	-0.0140908	-0.00976546	-0.00086251	-0.120834	0.119109	0.999138	0.886181	1.12649
2461	ORF1b:T1453I	-0.0141528	-0.00980844	-0.000527497	-0.0735786	0.0725236	0.999473	0.929063	1.07522
2462	ORF1a:V1393L	-0.0141958	-0.00983823	-0.000284059	-0.0395033	0.0389352	0.999716	0.961267	1.0397
2463	ORF1a:A2199T	-0.0142133	-0.00985039	-0.000925336	-0.128526	0.126675	0.999075	0.879391	1.13505
2464	ORF1a:T3959A	-0.0145632	-0.0100929	-0.00087673	-0.11887	0.117117	0.999124	0.887923	1.12425
2465	ORF1a:F3785L	-0.014588	-0.0101101	-0.000931836	-0.126128	0.124264	0.999069	0.881502	1.13232
2466	ORF3a:Y154H	-0.0146	-0.0101184	-0.000631369	-0.0853892	0.0841264	0.999369	0.918155	1.08777
2467	N:A125T	-0.014629	-0.0101385	-0.000893191	-0.120561	0.118775	0.999107	0.886423	1.12612
2468	ORF1a:P4312T	-0.0146377	-0.0101445	-0.000810688	-0.109361	0.107739	0.99919	0.896407	1.11376
2469	ORF10:M1V	-0.0147019	-0.010189	-0.00040753	-0.0547369	0.0539219	0.999593	0.946734	1.0554
2470	ORF1a:E2112D	-0.0148524	-0.0102933	-0.00095715	-0.127265	0.125351	0.999043	0.8805	1.13355
2471	ORF1a:Y182H	-0.0149086	-0.0103322	-0.000903013	-0.119618	0.117812	0.999097	0.887259	1.12503
2472	ORF1b:A2168V	-0.0149556	-0.0103648	-0.000878047	-0.115948	0.114192	0.999122	0.890521	1.12097
2473	S:S1021F	-0.01511	-0.0104719	-0.000959715	-0.125447	0.123528	0.999041	0.882102	1.13148
2474	ORF1a:N3774D	-0.0151326	-0.0104875	-0.000829807	-0.108305	0.106646	0.999171	0.897353	1.11254
2475	ORF1a:K669R	-0.0152558	-0.0105729	-0.000884679	-0.114542	0.112773	0.999116	0.891774	1.11938
2476	ORF9b:N62Y	-0.015785	-0.0109397	-0.000545241	-0.0682456	0.0671551	0.999455	0.934031	1.06946
2477	ORF1a:V35M	-0.0158245	-0.010967	-0.000990511	-0.123672	0.121691	0.99901	0.88367	1.1294
2478	ORF1b:Y1147C	-0.016084	-0.0111469	-0.000990735	-0.12172	0.119738	0.99901	0.885397	1.1272
2479	ORF1b:V1814F	-0.0162287	-0.0112472	-0.000819862	-0.0998357	0.098196	0.99918	0.904986	1.10318
2480	ORF1a:I2010T	-0.0164156	-0.0113767	-0.000991222	-0.119339	0.117357	0.999009	0.887507	1.12452
2481	ORF1b:A1291T	-0.0165573	-0.0114749	-0.000954561	-0.11395	0.112041	0.999046	0.892303	1.11856
2482	ORF9b:P51Q	-0.016647	-0.0115371	-0.00099324	-0.117934	0.115948	0.999007	0.888755	1.12294
2483	ORF1b:S220C	-0.0166536	-0.0115417	-0.00101464	-0.120427	0.118398	0.998986	0.886542	1.12569
2484	ORF1a:Y1920H	-0.0167727	-0.0116242	-0.00097282	-0.114651	0.112705	0.999028	0.891677	1.1193
2485	ORF1a:P2144L	-0.0167833	-0.0116315	-0.000442887	-0.0521636	0.0512779	0.999557	0.949174	1.05262
2486	N:A359S	-0.01687	-0.0116916	-0.000956278	-0.112057	0.110144	0.999044	0.893993	1.11644
2487	N:G97S	-0.016964	-0.0117568	-0.00104603	-0.121901	0.119809	0.998955	0.885236	1.12728
2488	ORF1b:V1961I	-0.0170201	-0.0117956	-0.0010677	-0.12402	0.121884	0.998933	0.883363	1.12962
2489	S:V213A	-0.0170345	-0.0118056	-0.000891137	-0.103424	0.101642	0.999109	0.901745	1.10699
2490	ORF1a:L1683F	-0.0171455	-0.0118825	-0.000802006	-0.0924824	0.0908784	0.999198	0.911665	1.09514
2491	M:W75L	-0.0171621	-0.0118941	-0.00100782	-0.116104	0.114088	0.998993	0.890383	1.12085
2492	ORF1b:P2612T	-0.0171892	-0.0119128	-0.000368009	-0.0423296	0.0415935	0.999632	0.958554	1.04247
2493	ORF1a:V3917A	-0.0172765	-0.0119734	-0.00106494	-0.121879	0.119749	0.998936	0.885256	1.12721
2494	ORF1b:S1745T	-0.017354	-0.0120271	-0.00101665	-0.115837	0.113804	0.998984	0.890621	1.12053
2495	ORF1a:E148A	-0.0173579	-0.0120298	-0.000875676	-0.0997522	0.0980009	0.999125	0.905062	1.10296
2496	ORF1b:D2142N	-0.01741	-0.0120659	-0.00121175	-0.137627	0.135203	0.998789	0.871424	1.14477
2497	ORF1a:E441G	-0.0176765	-0.0122506	-0.000767309	-0.0858462	0.0843116	0.999233	0.917735	1.08797
2498	ORF1a:G1125C	-0.0178745	-0.0123878	-0.000710512	-0.0786191	0.0771981	0.99929	0.924392	1.08026
2499	S:K462R	-0.0178982	-0.0124042	-0.00124797	-0.137908	0.135412	0.998753	0.871179	1.14501
2500	ORF1a:P3371L	-0.0181388	-0.012571	-0.00114657	-0.125038	0.122745	0.998854	0.882464	1.1306
2501	S:A570T	-0.0182715	-0.0126629	-0.00109543	-0.118601	0.11641	0.998905	0.888162	1.12346
2502	S:T500A	-0.0183404	-0.0127107	-0.00123192	-0.132882	0.130418	0.998769	0.875568	1.1393
2503	ORF8:D75G	-0.0186318	-0.0129127	-0.00124126	-0.131815	0.129332	0.99876	0.876503	1.13807
2504	ORF7b:L18P	-0.0187182	-0.0129726	-0.00112879	-0.119323	0.117066	0.998872	0.887521	1.12419
2505	S:D1084N	-0.0188608	-0.0130714	-0.00108932	-0.114289	0.11211	0.998911	0.892	1.11864
2506	S:P1162A	-0.0188865	-0.0130892	-0.00129319	-0.135496	0.132909	0.998708	0.873283	1.14215
2507	ORF1a:K1407M	-0.0188968	-0.0130963	-0.00109627	-0.114801	0.112608	0.998904	0.891544	1.11919
2508	ORF7a:P84S	-0.0189686	-0.0131461	-0.00091348	-0.0953005	0.0934735	0.999087	0.9091	1.09798
2509	ORF1a:E250D	-0.0192343	-0.0133302	-0.00121442	-0.124963	0.122534	0.998786	0.882529	1.13036
2510	ORF1a:P2605S	-0.0194631	-0.0134888	-0.000962864	-0.0979246	0.0959989	0.999038	0.906717	1.10076
2511	ORF1b:L293S	-0.0194807	-0.013501	-0.000855473	-0.086925	0.0852141	0.999145	0.916746	1.08895
2512	ORF1a:P4220S	-0.0195364	-0.0135396	-0.0010827	-0.109703	0.107537	0.998918	0.896101	1.11353
2513	ORF1b:K2579N	-0.019608	-0.0135893	-0.00120583	-0.121737	0.119325	0.998795	0.885381	1.12674
2514	ORF9b:I74M	-0.0198053	-0.013726	-0.00110273	-0.11023	0.108025	0.998898	0.895628	1.11408
2515	ORF1a:P1692S	-0.0198623	-0.0137655	-0.00104337	-0.104001	0.101914	0.998957	0.901225	1.10729
2516	ORF3a:E19G	-0.0200132	-0.0138701	-0.0010771	-0.106561	0.104407	0.998923	0.89892	1.11005
2517	ORF1b:E2315K	-0.0203861	-0.0141285	-0.000931865	-0.0905233	0.0886596	0.999069	0.913453	1.09271
2518	ORF1b:V1760I	-0.0204813	-0.0141945	-0.00138494	-0.133917	0.131147	0.998616	0.874663	1.14014
2519	ORF1a:L1748M	-0.0206736	-0.0143278	-0.000285876	-0.0273884	0.0268166	0.999714	0.972983	1.02718
2520	N:P142S	-0.0207128	-0.014355	-0.0009103	-0.087048	0.0852274	0.99909	0.916633	1.08896
2521	S:N185T	-0.0208186	-0.0144283	-0.000470397	-0.0447558	0.043815	0.99953	0.956231	1.04479
2522	ORF14:T72I	-0.0208292	-0.0144356	-0.00114025	-0.108434	0.106153	0.99886	0.897238	1.11199
2523	ORF1b:I1674T	-0.0210945	-0.0146195	-0.00119231	-0.111975	0.10959	0.998808	0.894067	1.11582
2524	ORF1a:S2804G	-0.0213503	-0.0147968	-0.00137022	-0.127157	0.124416	0.998631	0.880596	1.13249
2525	ORF1b:R1813H	-0.021522	-0.0149158	-0.00133649	-0.123048	0.120375	0.998664	0.884221	1.12792
2526	N:T198I	-0.0216526	-0.0150063	-0.000724763	-0.0663292	0.0648797	0.999276	0.935823	1.06703
2527	ORF1b:P255T	-0.0217165	-0.0150506	-0.000320864	-0.0292797	0.0286379	0.999679	0.971145	1.02905
2528	S:F59Y	-0.021913	-0.0151868	-0.00132212	-0.119576	0.116932	0.998679	0.887296	1.12404
2529	ORF14:A47V	-0.021941	-0.0152062	-0.00158429	-0.143108	0.139939	0.998417	0.866661	1.1502
2530	ORF1b:V2223L	-0.0219481	-0.0152111	-0.000823676	-0.0743779	0.0727306	0.999177	0.928321	1.07544
2531	S:H1083D	-0.022143	-0.0153462	-0.00133385	-0.119398	0.116731	0.998667	0.887454	1.12382
2532	ORF1b:I441V	-0.0222279	-0.015405	-0.00145395	-0.129658	0.12675	0.998547	0.878396	1.13513
2533	ORF1a:Q455H	-0.0224235	-0.0155406	-0.00066266	-0.0585836	0.0572583	0.999338	0.943099	1.05893
2534	ORF1b:P1567S	-0.0225988	-0.0156621	-0.00142921	-0.125383	0.122524	0.998572	0.882159	1.13035
2535	S:G769R	-0.0226415	-0.0156917	-0.000798336	-0.0699064	0.0683097	0.999202	0.932481	1.0707
2536	ORF1a:R1163G	-0.0227083	-0.015738	-0.00160428	-0.140071	0.136862	0.998397	0.869297	1.14667
2537	M:S214R	-0.0230182	-0.0159528	-0.0014516	-0.125053	0.12215	0.998549	0.88245	1.12992
2538	ORF1a:K4176N	-0.0234775	-0.0162711	-0.00131147	-0.110796	0.108174	0.998689	0.895121	1.11424
2539	S:E654Q	-0.0235299	-0.0163074	-0.00146462	-0.123463	0.120534	0.998536	0.883854	1.1281
2540	ORF1a:E910D	-0.023564	-0.0163311	-0.00139586	-0.117498	0.114706	0.998605	0.889142	1.12154
2541	N:L113I	-0.0235782	-0.0163409	-0.00144641	-0.12168	0.118788	0.998555	0.885431	1.12613
2542	ORF1a:M598I	-0.0242052	-0.0167755	-0.000930413	-0.0762687	0.0744079	0.99907	0.926567	1.07725
2543	ORF1a:V2027I	-0.0243035	-0.0168436	-0.00158623	-0.129508	0.126335	0.998415	0.878528	1.13466
2544	ORF1b:P314R	-0.0244699	-0.0169589	-0.001219	-0.0988572	0.0964192	0.998782	0.905872	1.10122
2545	S:V127L	-0.0245723	-0.0170299	-0.00145867	-0.117806	0.114889	0.998542	0.888868	1.12175
2546	M:K15N	-0.0248549	-0.0172258	-0.00128482	-0.102601	0.100031	0.998716	0.902487	1.10521
2547	N:G19E	-0.0249499	-0.0172916	-0.00138642	-0.110298	0.107525	0.998615	0.895567	1.11352
2548	ORF1a:V424A	-0.0250654	-0.0173717	-0.0014791	-0.117136	0.114178	0.998522	0.889464	1.12095
2549	ORF7b:F19S	-0.0250739	-0.0173776	-0.00103369	-0.0818348	0.0797675	0.998967	0.921424	1.08304
2550	ORF8:E64D	-0.0251125	-0.0174043	-0.00159466	-0.126053	0.122864	0.998407	0.881568	1.13073
2551	ORF1a:A138V	-0.0251653	-0.0174409	-0.0017057	-0.134552	0.131141	0.998296	0.874107	1.14013
2552	ORF1a:V1765I	-0.0251664	-0.0174417	-0.00127757	-0.100775	0.0982196	0.998723	0.904137	1.1032
2553	ORF1a:H1108Y	-0.0253058	-0.0175383	-0.0015642	-0.122713	0.119585	0.998437	0.884517	1.12703
2554	S:N149D	-0.0254207	-0.0176179	-0.00122166	-0.0954129	0.0929696	0.998779	0.908998	1.09743
2555	ORF8:D35Y	-0.0256086	-0.0177481	-0.00135563	-0.10511	0.102398	0.998645	0.900226	1.10782
2556	S:I197V	-0.0257209	-0.017826	-0.00126296	-0.097502	0.0949761	0.998738	0.9071	1.09963
2557	ORF3a:S26A	-0.0257281	-0.017831	-0.000887795	-0.0685199	0.0667443	0.999113	0.933775	1.06902
2558	ORF1a:P371S	-0.025895	-0.0179467	-0.00160839	-0.123346	0.120129	0.998393	0.883958	1.12764
2559	ORF3a:G44R	-0.0258957	-0.0179472	-0.00170336	-0.130625	0.127218	0.998298	0.877547	1.13566
2560	ORF1a:N447S	-0.0259089	-0.0179563	-0.00148861	-0.1141	0.111122	0.998513	0.892169	1.11753
2561	ORF1b:R2257K	-0.0261698	-0.0181371	-0.0015665	-0.118888	0.115755	0.998435	0.887907	1.12272
2562	ORF1b:P1821S	-0.0261893	-0.0181506	-0.00167873	-0.127312	0.123955	0.998323	0.880459	1.13196
2563	S:M177I	-0.0264023	-0.0182983	-0.00130842	-0.0984388	0.0958219	0.998692	0.906251	1.10056
2564	ORF1b:M2025V	-0.0265768	-0.0184192	-0.00110185	-0.0823601	0.0801564	0.998899	0.92094	1.08346
2565	ORF1a:T1820A	-0.0270349	-0.0187367	-0.00137537	-0.101087	0.098336	0.998626	0.903855	1.10333
2566	ORF1a:D223H	-0.0270822	-0.0187695	-0.0013848	-0.101604	0.0988348	0.998616	0.903387	1.10388
2567	ORF1a:D992Y	-0.0271733	-0.0188327	-0.00157356	-0.115072	0.111925	0.998428	0.891302	1.11843
2568	ORF1a:G295S	-0.027325	-0.0189378	-0.0015508	-0.112786	0.109685	0.99845	0.893342	1.11593
2569	ORF1b:V839I	-0.0274342	-0.0190135	-0.00105407	-0.0763594	0.0742513	0.998946	0.926483	1.07708
2570	ORF1a:S2803P	-0.0278487	-0.0193008	-0.00176725	-0.126144	0.12261	0.998234	0.881488	1.13044
2571	ORF1a:A2129V	-0.0278906	-0.0193298	-0.00176814	-0.126022	0.122485	0.998233	0.881596	1.1303
2572	ORF9b:R32P	-0.0279299	-0.019357	-0.00158729	-0.112975	0.1098	0.998414	0.893173	1.11606
2573	ORF1a:D220E	-0.0281593	-0.019516	-0.00150759	-0.10644	0.103425	0.998494	0.899029	1.10896
2574	S:Q23H	-0.028209	-0.0195505	-0.000367921	-0.0259311	0.0251953	0.999632	0.974402	1.02552
2575	ORF1b:K1507N	-0.0285114	-0.0197601	-0.00169188	-0.117997	0.114614	0.99831	0.888698	1.12144
2576	ORF1a:G3278C	-0.0285115	-0.0197602	-0.00176338	-0.122983	0.119456	0.998238	0.884279	1.12688
2577	ORF1a:A2097V	-0.0285903	-0.0198148	-0.00143277	-0.0996543	0.0967888	0.998568	0.90515	1.10163
2578	ORF1a:H3509Y	-0.0285904	-0.0198148	-0.00163918	-0.11401	0.110732	0.998362	0.892249	1.1171
2579	ORF1a:T1055A	-0.0286296	-0.019842	-0.000470354	-0.0326705	0.0317298	0.99953	0.967857	1.03224
2580	ORF1a:S692F	-0.0288268	-0.0199787	-0.00120449	-0.083099	0.08069	0.998796	0.92026	1.08403
2581	S:E619Q	-0.0290948	-0.0201644	-0.000775131	-0.0529917	0.0514414	0.999225	0.948388	1.05279
2582	ORF1a:P193L	-0.0292859	-0.0202969	-0.00164933	-0.112031	0.108732	0.998352	0.894017	1.11486
2583	ORF1a:A2912S	-0.0293742	-0.0203581	-0.00177133	-0.119961	0.116419	0.99823	0.886955	1.12347
2584	ORF1a:V3593I	-0.0296416	-0.0205434	-0.00179765	-0.120662	0.117066	0.998204	0.886334	1.12419
2585	ORF1a:S2246L	-0.0300538	-0.0208292	-0.00131495	-0.0870698	0.0844399	0.998686	0.916613	1.08811
2586	ORF1a:K2029N	-0.0301073	-0.0208662	-0.00168139	-0.111139	0.107776	0.99832	0.894815	1.1138
2587	ORF8:I71T	-0.030114	-0.0208709	-0.00182483	-0.120594	0.116944	0.998177	0.886394	1.12406
2588	S:L1265I	-0.0304703	-0.0211179	-0.00197338	-0.128908	0.124962	0.998029	0.879054	1.13311
2589	ORF1a:V1295A	-0.0308192	-0.0213597	-0.00164408	-0.1062	0.102912	0.998357	0.899245	1.10839
2590	ORF1a:K634N	-0.031047	-0.0215176	-0.00184966	-0.118617	0.114918	0.998152	0.888148	1.12178
2591	ORF1a:Q362L	-0.0310685	-0.0215325	-0.00190715	-0.12222	0.118406	0.998095	0.884953	1.1257
2592	S:E702V	-0.0310772	-0.0215385	-0.00170068	-0.108959	0.105557	0.998301	0.896767	1.11133
2593	ORF1a:S994N	-0.0310927	-0.0215493	-0.00133562	-0.085528	0.0828568	0.998665	0.918027	1.08639
2594	ORF1a:N313K	-0.0311118	-0.0215625	-0.00205306	-0.131391	0.127285	0.997949	0.876875	1.13574
2595	ORF7a:A8S	-0.031144	-0.0215848	-0.00184828	-0.118165	0.114468	0.998153	0.88855	1.12128
2596	ORF1a:A3615V	-0.0311741	-0.0216057	-0.000637826	-0.0407389	0.0394633	0.999362	0.96008	1.04025
2597	ORF3a:R30L	-0.0314139	-0.0217718	-0.00175304	-0.111128	0.107622	0.998249	0.894824	1.11363
2598	ORF1a:V4072A	-0.0314986	-0.0218306	-0.00203812	-0.128858	0.124782	0.997964	0.879099	1.1329
2599	ORF1a:D3022N	-0.0315	-0.0218316	-0.00194091	-0.122706	0.118824	0.998061	0.884524	1.12617
2600	ORF1a:K3929R	-0.0316061	-0.0219051	-0.00206605	-0.130186	0.126054	0.997936	0.877932	1.13434
2601	ORF1b:N1188S	-0.0317397	-0.0219977	-0.00201791	-0.126626	0.12259	0.997984	0.881063	1.13042
2602	ORF1a:D1639E	-0.0317757	-0.0220226	-0.0019472	-0.122053	0.118159	0.998055	0.885101	1.12542
2603	ORF8:L4F	-0.0318529	-0.0220761	-0.0019134	-0.119648	0.115821	0.998088	0.887233	1.1228
2604	ORF1a:I2057T	-0.0318738	-0.0220907	-0.00173389	-0.108353	0.104885	0.998268	0.897311	1.11058
2605	ORF1a:I2286T	-0.0319158	-0.0221197	-0.00176153	-0.109938	0.106415	0.99824	0.89589	1.11228
2606	S:R683W	-0.0320264	-0.0221964	-0.00185328	-0.115271	0.111565	0.998148	0.891124	1.11803
2607	S:I770V	-0.0324801	-0.0225109	-0.00204336	-0.125347	0.12126	0.997959	0.882191	1.12892
2608	ORF8:C37R	-0.0324969	-0.0225225	-0.002002	-0.122748	0.118744	0.998	0.884487	1.12608
2609	N:P6T	-0.0325309	-0.0225461	-0.00176745	-0.108255	0.10472	0.998234	0.897399	1.1104
2610	ORF1a:F2881V	-0.0326779	-0.022648	-0.00160034	-0.0975863	0.0943856	0.998401	0.907024	1.09898
2611	ORF1a:A2379V	-0.0327873	-0.0227238	-0.00152922	-0.0929428	0.0898844	0.998472	0.911246	1.09405
2612	N:E367Q	-0.0330259	-0.0228892	-0.0021031	-0.126914	0.122708	0.997899	0.880809	1.13055
2613	S:P272H	-0.03328	-0.0230654	-0.00105117	-0.0629579	0.0608555	0.998949	0.938983	1.06275
2614	ORF14:E51K	-0.0335179	-0.0232302	-0.00128832	-0.076623	0.0740464	0.998713	0.926239	1.07686
2615	ORF6:L16I	-0.0335683	-0.0232651	-0.0010524	-0.0624995	0.0603947	0.998948	0.939414	1.06226
2616	ORF1a:L2778F	-0.033596	-0.0232844	-0.00206963	-0.12281	0.118671	0.997932	0.884432	1.126
2617	ORF1a:K120R	-0.0338735	-0.0234767	-0.00211003	-0.124199	0.119979	0.997892	0.883204	1.12747
2618	S:G72E	-0.0339012	-0.0234959	-0.00212386	-0.124912	0.120665	0.997878	0.882574	1.12825
2619	ORF3a:G49S	-0.0343381	-0.0237988	-0.00139552	-0.0810495	0.0782585	0.998605	0.922148	1.0814
2620	ORF3a:E194D	-0.0343872	-0.0238328	-0.00182602	-0.105904	0.102252	0.998176	0.899511	1.10766
2621	S:D574Y	-0.0345836	-0.0239689	-0.00225171	-0.129863	0.12536	0.997751	0.878215	1.13356
2622	ORF7a:L17F	-0.0346095	-0.0239868	-0.00218614	-0.125989	0.121617	0.997816	0.881624	1.12932
2623	ORF3a:H93Y	-0.0347695	-0.0240977	-0.00205433	-0.117858	0.113749	0.997948	0.888823	1.12047
2624	ORF3a:S171L	-0.0353324	-0.024488	-0.000672049	-0.037952	0.0366079	0.999328	0.962759	1.03729
2625	ORF1b:A1547S	-0.0354296	-0.0245553	-0.00224603	-0.126496	0.122004	0.997756	0.881177	1.12976
2626	S:T286I	-0.0355352	-0.0246285	-0.00156676	-0.0879822	0.0848487	0.998434	0.915777	1.08855
2627	ORF1a:I257V	-0.0355604	-0.024646	-0.0023138	-0.129843	0.125215	0.997689	0.878234	1.13339
2628	ORF1a:E2042D	-0.0357123	-0.0247513	-0.00228103	-0.127469	0.122907	0.997722	0.880321	1.13078
2629	ORF1a:N2228S	-0.0360663	-0.0249966	-0.00176363	-0.0976054	0.0940782	0.998238	0.907007	1.09865
2630	ORF1a:A3730V	-0.0362635	-0.0251333	-0.00227833	-0.125417	0.120861	0.997724	0.882129	1.12847
2631	ORF1b:P1000Q	-0.0365845	-0.0253558	-0.0015123	-0.0825315	0.0795069	0.998489	0.920782	1.08275
2632	ORF14:V49I	-0.0366136	-0.025376	-0.00165069	-0.090014	0.0867126	0.998351	0.913918	1.09058
2633	ORF3a:V55G	-0.0366457	-0.0253982	-0.00221138	-0.120485	0.116062	0.997791	0.88649	1.12307
2634	ORF3a:M260I	-0.0368177	-0.0255175	-0.00208644	-0.113157	0.108984	0.997916	0.893011	1.11514
2635	ORF1a:K669N	-0.0369557	-0.0256131	-0.00183968	-0.0994079	0.0957285	0.998162	0.905373	1.10046
2636	ORF1a:S538L	-0.0369725	-0.0256248	-0.0018115	-0.0978416	0.0942186	0.99819	0.906793	1.0988
2637	ORF1a:S2224F	-0.0370605	-0.0256858	-0.00222676	-0.11999	0.115537	0.997776	0.886929	1.12248
2638	ORF1a:A2584T	-0.037063	-0.0256875	-0.00190205	-0.102486	0.0986819	0.9981	0.902591	1.10372
2639	ORF1b:S2294I	-0.0370874	-0.0257044	-0.00232616	-0.125257	0.120605	0.997677	0.88227	1.12818
2640	ORF1b:P1177L	-0.0371336	-0.0257365	-0.00203136	-0.109249	0.105187	0.997971	0.896507	1.11092
2641	ORF1b:D2318Y	-0.0372353	-0.0258069	-0.00221366	-0.118735	0.114308	0.997789	0.888043	1.1211
2642	ORF7a:I110V	-0.0374893	-0.025983	-0.00113763	-0.0606137	0.0583384	0.998863	0.941187	1.06007
2643	ORF14:V62L	-0.0375722	-0.0260405	-0.00159894	-0.0850083	0.0818104	0.998402	0.918505	1.08525
2644	ORF1a:N2752S	-0.0376272	-0.0260786	-0.00208708	-0.110801	0.106627	0.997915	0.895117	1.11252
2645	ORF1a:C3059F	-0.0376562	-0.0260987	-0.000905592	-0.0480406	0.0462294	0.999095	0.953095	1.04731
2646	ORF1a:T3224I	-0.0381214	-0.0264212	-0.00232121	-0.121663	0.117021	0.997681	0.885446	1.12414
2647	ORF1a:A131V	-0.0381404	-0.0264344	-0.00238157	-0.124766	0.120003	0.997621	0.882704	1.1275
2648	ORF1a:S3149F	-0.0381425	-0.0264358	-0.00210133	-0.110079	0.105876	0.997901	0.895764	1.11168
2649	ORF1a:T170N	-0.0381554	-0.0264447	-0.00143611	-0.0752061	0.0723339	0.998565	0.927552	1.07501
2650	ORF9b:T72I	-0.038234	-0.0264992	-0.00174599	-0.0912495	0.0877576	0.998256	0.91279	1.09172
2651	ORF14:A47E	-0.0386117	-0.0267611	-0.00216264	-0.11194	0.107615	0.99784	0.894098	1.11362
2652	S:H146Y	-0.0386372	-0.0267787	-0.00158812	-0.0821492	0.078973	0.998413	0.921134	1.08218
2653	ORF1a:T3224N	-0.038823	-0.0269075	-0.000649081	-0.0334177	0.0321195	0.999351	0.967135	1.03264
2654	ORF1a:E633K	-0.0388595	-0.0269328	-0.00235694	-0.121234	0.11652	0.997646	0.885826	1.12358
2655	ORF1a:P197S	-0.038971	-0.0270101	-0.00246703	-0.126541	0.121607	0.997536	0.881138	1.12931
2656	ORF3a:L41H	-0.0389857	-0.0270203	-0.00232217	-0.119067	0.114423	0.997681	0.887748	1.12123
2657	ORF1b:A1326S	-0.0390522	-0.0270664	-0.00230385	-0.11793	0.113323	0.997699	0.888758	1.11999
2658	S:N501H	-0.0391066	-0.0271041	-0.0025918	-0.132489	0.127305	0.997412	0.875912	1.13576
2659	N:P279Q	-0.0392438	-0.0271992	-0.00237403	-0.120941	0.116193	0.997629	0.886086	1.12321
2660	S:N764R	-0.0392575	-0.0272087	-0.00244777	-0.124655	0.119759	0.997555	0.882802	1.12723
2661	N:N196I	-0.0400431	-0.0277533	-0.00227889	-0.113822	0.109264	0.997724	0.892417	1.11546
2662	S:V70A	-0.0401349	-0.0278169	-0.00254489	-0.126823	0.121733	0.997458	0.88089	1.12945
2663	ORF10:R20I	-0.0404743	-0.0280522	-0.00242774	-0.119991	0.115135	0.997575	0.886928	1.12203
2664	S:A348V	-0.0406084	-0.0281451	-0.00240728	-0.118595	0.11378	0.997596	0.888168	1.12051
2665	ORF3a:F105V	-0.040634	-0.0281629	-0.00262981	-0.129477	0.124218	0.997374	0.878554	1.13226
2666	ORF1b:R1687C	-0.0406942	-0.0282046	-0.00083115	-0.040862	0.0391997	0.999169	0.959962	1.03998
2667	ORF3a:D173G	-0.0407535	-0.0282457	-0.000672176	-0.0329992	0.0316548	0.999328	0.967539	1.03216
2668	ORF10:R24H	-0.0408346	-0.0283019	-0.00241116	-0.118141	0.113319	0.997592	0.888571	1.11999
2669	ORF1a:I573V	-0.0408728	-0.0283284	-0.00214452	-0.10498	0.100691	0.997858	0.900343	1.10593
2670	S:V705I	-0.0409308	-0.0283686	-0.0024258	-0.118585	0.113733	0.997577	0.888176	1.12045
2671	S:S704T	-0.0409528	-0.0283838	-0.00248894	-0.121608	0.11663	0.997514	0.885496	1.1237
2672	ORF1a:L1955F	-0.0410033	-0.0284188	-0.00236073	-0.115204	0.110483	0.997642	0.891184	1.11682
2673	N:R41Q	-0.0410774	-0.0284702	-0.00205217	-0.0999693	0.095865	0.99795	0.904865	1.10061
2674	N:K127R	-0.0411278	-0.0285051	-0.00189976	-0.0924338	0.0886343	0.998102	0.91171	1.09268
2675	ORF6:I14M	-0.0411811	-0.0285421	-0.00261688	-0.127164	0.121931	0.997387	0.880589	1.12968
2676	S:D1084H	-0.0412563	-0.0285942	-0.00258217	-0.125253	0.120089	0.997421	0.882274	1.1276
2677	S:N185S	-0.0413012	-0.0286254	-0.00202116	-0.0979361	0.0938938	0.997981	0.906707	1.09844
2678	ORF1a:C720F	-0.041306	-0.0286287	-0.00255373	-0.123728	0.118621	0.99745	0.88362	1.12594
2679	ORF1b:D1028G	-0.0413604	-0.0286664	-0.00252244	-0.122054	0.11701	0.997481	0.8851	1.12413
2680	ORF1a:Y2171F	-0.0415368	-0.0287887	-0.0016363	-0.078847	0.0755744	0.998365	0.924181	1.0785
2681	ORF1b:S1958G	-0.0415499	-0.0287977	-0.0022965	-0.110625	0.106032	0.997706	0.895274	1.11186
2682	ORF1a:G445V	-0.0417306	-0.028923	-0.00199481	-0.0956849	0.0916953	0.998007	0.90875	1.09603
2683	S:V90I	-0.0417601	-0.0289434	-0.00264137	-0.126611	0.121329	0.997362	0.881076	1.129
2684	ORF7a:E22D	-0.0418354	-0.0289956	-0.00155902	-0.0745981	0.0714801	0.998442	0.928116	1.0741
2685	ORF7a:Q90H	-0.0418827	-0.0290284	-0.00258573	-0.123589	0.118418	0.997418	0.883743	1.12571
2686	N:N8S	-0.0418989	-0.0290397	-0.0025709	-0.122834	0.117692	0.997432	0.884411	1.1249
2687	ORF1a:K634Q	-0.0421409	-0.0292075	-0.00195832	-0.0930393	0.0891227	0.998044	0.911158	1.09321
2688	ORF1b:M620T	-0.0421527	-0.0292156	-0.00164271	-0.0780235	0.0747381	0.998359	0.924943	1.0776
2689	E:V24L	-0.0421699	-0.0292276	-0.00235855	-0.111979	0.107261	0.997644	0.894063	1.11323
2690	ORF1a:E1015G	-0.0422764	-0.0293014	-0.00193948	-0.0918548	0.0879759	0.998062	0.912238	1.09196
2691	ORF1a:F685S	-0.0425178	-0.0294687	-0.000749844	-0.0353158	0.0338161	0.99925	0.965301	1.03439
2692	S:A892S	-0.0427491	-0.029629	-0.00220988	-0.103528	0.0991087	0.997793	0.90165	1.10419
2693	E:V52L	-0.0427855	-0.0296543	-0.00248634	-0.116383	0.111411	0.997517	0.890134	1.11785
2694	ORF1a:V2779A	-0.0430798	-0.0298583	-0.0023414	-0.108866	0.104183	0.997661	0.896851	1.1098
2695	S:Q173H	-0.0431903	-0.0299349	-0.00260527	-0.120832	0.115621	0.997398	0.886183	1.12257
2696	ORF14:C70Y	-0.0432798	-0.0299969	-0.00150508	-0.0696641	0.0666539	0.998496	0.932707	1.06893
2697	ORF1a:E199K	-0.0433388	-0.0300378	-0.00256683	-0.11865	0.113516	0.997436	0.888119	1.12021
2698	N:L230F	-0.0434312	-0.0301019	-0.000610628	-0.0281671	0.0269458	0.99939	0.972226	1.02731
2699	ORF1b:T797I	-0.043532	-0.0301718	-0.00249633	-0.11489	0.109897	0.997507	0.891464	1.11616
2700	ORF1a:V4216I	-0.0436969	-0.0302861	-0.00276603	-0.126832	0.1213	0.997238	0.880881	1.12896
2701	N:T49I	-0.0441089	-0.0305717	-0.0023313	-0.105922	0.101259	0.997671	0.899495	1.10656
2702	ORF1a:P80S	-0.0442141	-0.0306446	-0.00136226	-0.0617498	0.0590253	0.998639	0.940118	1.0608
2703	ORF14:A26V	-0.0444804	-0.0308292	-0.00273675	-0.123328	0.117854	0.997267	0.883974	1.12508
2704	ORF1a:L3691S	-0.0445729	-0.0308933	-0.000657326	-0.0295613	0.0282466	0.999343	0.970871	1.02865
2705	ORF1a:V365F	-0.0446686	-0.0309597	-0.00255744	-0.114772	0.109657	0.997446	0.891569	1.1159
2706	M:D209Y	-0.0446763	-0.030965	-0.00105608	-0.0473865	0.0452744	0.998944	0.953719	1.04631
2707	ORF3a:S253F	-0.0450057	-0.0311933	-0.00256668	-0.114344	0.10921	0.997437	0.891951	1.1154
2708	ORF3a:F114V	-0.0450372	-0.0312152	-0.00284351	-0.126589	0.120902	0.997161	0.881095	1.12851
2709	ORF1a:Y4077C	-0.0452575	-0.0313679	-0.00255206	-0.113074	0.10797	0.997451	0.893085	1.11401
2710	ORF1b:V119I	-0.0453223	-0.0314129	-0.00225333	-0.0996986	0.095192	0.997749	0.90511	1.09987
2711	N:G243S	-0.0454817	-0.0315233	-0.00290287	-0.127997	0.122192	0.997101	0.879856	1.12997
2712	ORF1b:V2691I	-0.04556	-0.0315776	-0.00175908	-0.0774335	0.0739154	0.998242	0.925489	1.07672
2713	ORF1a:V3166I	-0.0457019	-0.031676	-0.00241149	-0.10583	0.101007	0.997591	0.899577	1.10628
2714	ORF1a:I1551V	-0.0459961	-0.0318799	-0.00281191	-0.122632	0.117008	0.997192	0.884589	1.12413
2715	S:S673G	-0.046021	-0.0318972	-0.00267591	-0.116639	0.111287	0.997328	0.889907	1.11772
2716	ORF1b:D2576G	-0.0461065	-0.0319565	-0.00124285	-0.0540756	0.0515899	0.998758	0.947361	1.05294
2717	N:G204Q	-0.0462327	-0.0320439	-0.00163663	-0.0710189	0.0677457	0.998365	0.931444	1.07009
2718	ORF1a:S2114F	-0.0463106	-0.032098	-0.00270377	-0.117133	0.111726	0.9973	0.889467	1.11821
2719	ORF1a:S2132G	-0.0465098	-0.032236	-0.00266496	-0.114969	0.109639	0.997339	0.891394	1.11587
2720	N:G321S	-0.0466857	-0.032358	-0.00163166	-0.0701322	0.0668688	0.99837	0.932271	1.06916
2721	ORF8:G77S	-0.0467545	-0.0324057	-0.00157541	-0.0676171	0.0644663	0.998426	0.934618	1.06659
2722	N:A218V	-0.0467874	-0.0324285	-0.00307668	-0.131961	0.125808	0.996928	0.876375	1.13406
2723	ORF1b:F1422L	-0.0469153	-0.0325172	-0.00268068	-0.11467	0.109309	0.997323	0.89166	1.11551
2724	ORF1a:F679L	-0.0472498	-0.032749	-0.00189633	-0.080558	0.0767653	0.998105	0.922601	1.07979
2725	S:V193L	-0.0473694	-0.0328319	-0.00128281	-0.0543605	0.0517949	0.998718	0.947091	1.05316
2726	ORF1b:L1890F	-0.0473748	-0.0328357	-0.00295403	-0.125166	0.119258	0.99705	0.88235	1.12666
2727	ORF1b:D1746H	-0.0473898	-0.0328461	-0.00304516	-0.128988	0.122898	0.996959	0.878984	1.13077
2728	ORF1a:L730R	-0.0474187	-0.0328661	-0.00341152	-0.144421	0.137598	0.996594	0.865524	1.14751
2729	ORF1a:T3058I	-0.0475932	-0.0329871	-0.00208153	-0.0878023	0.0836392	0.997921	0.915942	1.08724
2730	ORF1b:K1947R	-0.0476439	-0.0330223	-0.00285402	-0.120262	0.114554	0.99715	0.886688	1.12137
2731	ORF14:L9I	-0.0479265	-0.0332181	-0.00241511	-0.101182	0.0963514	0.997588	0.903769	1.10115
2732	ORF8:K2Q	-0.0479889	-0.0332614	-0.00193269	-0.0808677	0.0770023	0.998069	0.922316	1.08004
2733	ORF1a:C433S	-0.0485034	-0.0336181	-0.00318432	-0.131859	0.12549	0.996821	0.876465	1.1337
2734	ORF14:M60I	-0.0487806	-0.0338102	-0.0019315	-0.0795374	0.0756744	0.99807	0.923543	1.07861
2735	S:N185Y	-0.0488762	-0.0338766	-0.00274965	-0.113012	0.107513	0.997254	0.89314	1.11351
2736	S:R34C	-0.0489464	-0.0339252	-0.0023919	-0.0981708	0.093387	0.997611	0.906494	1.09789
2737	ORF1a:S100N	-0.0491057	-0.0340357	-0.00306827	-0.125533	0.119396	0.996936	0.882027	1.12682
2738	N:R195K	-0.0492042	-0.034104	-0.00307812	-0.12569	0.119533	0.996927	0.881889	1.12697
2739	S:I742V	-0.0492078	-0.0341064	-0.00310922	-0.126951	0.120732	0.996896	0.880777	1.12832
2740	ORF1a:N449D	-0.0492748	-0.0341529	-0.00173329	-0.070677	0.0672104	0.998268	0.931763	1.06952
2741	ORF7a:L5F	-0.0494074	-0.0342448	-0.0031457	-0.127934	0.121642	0.996859	0.879912	1.12935
2742	S:A688T	-0.0494157	-0.0342506	-0.00224091	-0.0911218	0.08664	0.997762	0.912907	1.0905
2743	ORF1a:V2613I	-0.0494496	-0.034274	-0.0030184	-0.122655	0.116618	0.996986	0.884569	1.12369
2744	N:E378V	-0.0494601	-0.0342814	-0.00313786	-0.127482	0.121206	0.996867	0.880309	1.12886
2745	S:V171I	-0.0495286	-0.0343288	-0.00307416	-0.124726	0.118578	0.996931	0.882739	1.12589
2746	ORF8:I58L	-0.0496514	-0.0344139	-0.0021955	-0.0888617	0.0844707	0.997807	0.914972	1.08814
2747	S:S477I	-0.0496717	-0.034428	-0.00252351	-0.102097	0.0970499	0.99748	0.902942	1.10192
2748	S:N856S	-0.0497402	-0.0344755	-0.00143979	-0.0581732	0.0552936	0.998561	0.943487	1.05685
2749	ORF1b:V2515L	-0.049777	-0.034501	-0.00328162	-0.132495	0.125932	0.996724	0.875907	1.1342
2750	ORF1a:K1077N	-0.049972	-0.0346362	-0.00222638	-0.0895476	0.0850949	0.997776	0.914345	1.08882
2751	S:D253A	-0.0501579	-0.0347651	-0.00300646	-0.120487	0.114474	0.996998	0.886489	1.12128
2752	ORF1a:N3537D	-0.0501705	-0.0347738	-0.00229827	-0.0920827	0.0874861	0.997704	0.91203	1.09143
2753	ORF1a:W2769C	-0.0501785	-0.0347794	-0.00239469	-0.095931	0.0911416	0.997608	0.908527	1.09542
2754	N:Q229R	-0.0502688	-0.034842	-0.00304497	-0.121767	0.115678	0.99696	0.885354	1.12263
2755	ORF3a:S220I	-0.0506671	-0.0351181	-0.00283432	-0.112475	0.106806	0.99717	0.89362	1.11272
2756	ORF1b:P1851Q	-0.0507104	-0.0351482	-0.00291595	-0.115618	0.109786	0.997088	0.890816	1.11604
2757	ORF1a:T1890I	-0.0507131	-0.03515	-0.00325288	-0.12897	0.122465	0.996752	0.879	1.13028
2758	ORF1a:H2502Y	-0.0508828	-0.0352676	-0.00309295	-0.122231	0.116045	0.996912	0.884944	1.12305
2759	S:Q613E	-0.0510625	-0.0353922	-0.00215793	-0.0849874	0.0806715	0.997844	0.918524	1.08401
2760	ORF8:Q29R	-0.051165	-0.0354633	-0.00269633	-0.105984	0.100591	0.997307	0.899439	1.10582
2761	ORF1a:K510E	-0.0511662	-0.0354642	-0.00304924	-0.119853	0.113755	0.996955	0.887051	1.12048
2762	ORF1a:I2873V	-0.0516874	-0.0358255	-0.00312075	-0.121458	0.115217	0.996884	0.885628	1.12212
2763	ORF1a:V627F	-0.0519086	-0.0359788	-0.00126513	-0.049034	0.0465038	0.998736	0.952149	1.0476
2764	S:L8F	-0.0519463	-0.036005	-0.0033132	-0.128322	0.121696	0.996692	0.87957	1.12941
2765	ORF1a:T2836I	-0.0523254	-0.0362678	-0.00222886	-0.0857156	0.0812579	0.997774	0.917855	1.08465
2766	S:I584V	-0.052417	-0.0363313	-0.00277711	-0.106618	0.101064	0.997227	0.898869	1.10635
2767	ORF8:A55T	-0.0524516	-0.0363553	-0.00249367	-0.0956749	0.0906876	0.997509	0.908759	1.09493
2768	N:T24A	-0.0525405	-0.0364169	-0.00332059	-0.127192	0.12055	0.996685	0.880565	1.12812
2769	ORF1a:G2509D	-0.0525427	-0.0364185	-0.00174318	-0.0667676	0.0632813	0.998258	0.935413	1.06533
2770	S:N603S	-0.0528942	-0.0366621	-0.00352123	-0.133999	0.126956	0.996485	0.874591	1.13537
2771	ORF1a:E237D	-0.0530199	-0.0367493	-0.00291862	-0.11081	0.104973	0.997086	0.895109	1.11068
2772	N:N47Y	-0.0531499	-0.0368394	-0.00295895	-0.112074	0.106156	0.997045	0.893978	1.112
2773	ORF1a:C213R	-0.053245	-0.0369054	-0.00313736	-0.118624	0.11235	0.996868	0.888141	1.1189
2774	ORF1b:G1136S	-0.0532547	-0.0369121	-0.00313205	-0.118403	0.112139	0.996873	0.888338	1.11867
2775	ORF7a:Q94STOP	-0.0533068	-0.0369482	-0.00271189	-0.102421	0.0969976	0.997292	0.902649	1.10186
2776	ORF7b:L32F	-0.0534092	-0.0370192	-0.00332132	-0.125204	0.118562	0.996684	0.882317	1.12588
2777	ORF1a:H2520Q	-0.0535473	-0.0371149	-0.0033401	-0.125596	0.118916	0.996665	0.881971	1.12628
2778	S:N74H	-0.0536299	-0.0371722	-0.00331505	-0.124467	0.117837	0.99669	0.882967	1.12506
2779	ORF14:L45F	-0.053645	-0.0371826	-0.0016575	-0.0622158	0.0589008	0.998344	0.93968	1.06067
2780	ORF1a:K2735R	-0.0536723	-0.0372016	-0.00332672	-0.124809	0.118156	0.996679	0.882665	1.12542
2781	S:E156V	-0.0537737	-0.0372719	-0.00363589	-0.136158	0.128886	0.996371	0.872705	1.13756
2782	S:D253V	-0.0537992	-0.0372896	-0.00224512	-0.0840372	0.079547	0.997757	0.919397	1.0828
2783	S:A344S	-0.0538253	-0.0373077	-0.00241804	-0.090467	0.0856309	0.997585	0.913505	1.0894
2784	N:K65I	-0.0538519	-0.0373261	-0.00189874	-0.071004	0.0672066	0.998103	0.931458	1.06952
2785	ORF1a:A3357V	-0.0540854	-0.037488	-0.00324043	-0.120668	0.114188	0.996765	0.886328	1.12096
2786	ORF1b:G977C	-0.0541624	-0.0375414	-0.00342602	-0.127403	0.120551	0.99658	0.880379	1.12812
2787	S:T73I	-0.0546004	-0.0378451	-0.0027088	-0.0999453	0.0945278	0.997295	0.904887	1.09914
2788	ORF1a:S2947N	-0.0547167	-0.0379257	-0.00250105	-0.092089	0.087087	0.997502	0.912024	1.09099
2789	S:T51A	-0.0548106	-0.0379908	-0.00312728	-0.114955	0.1087	0.996878	0.891406	1.11483
2790	ORF1a:S2631P	-0.055197	-0.0382587	-0.00256713	-0.0937222	0.0885879	0.997436	0.910536	1.09263
2791	ORF8:F86S	-0.0552453	-0.0382922	-0.00277875	-0.101362	0.0958043	0.997225	0.903606	1.10054
2792	ORF1a:T151A	-0.0553305	-0.0383512	-0.00299482	-0.10908	0.10309	0.99701	0.896659	1.10859
2793	ORF3a:I123T	-0.0553598	-0.0383715	-0.00297382	-0.108259	0.102312	0.997031	0.897395	1.10773
2794	ORF1a:A1146V	-0.0553696	-0.0383784	-0.00341263	-0.124213	0.117387	0.996593	0.883192	1.12455
2795	ORF1b:P1967S	-0.0553703	-0.0383789	-0.00347246	-0.126389	0.119444	0.996534	0.881272	1.12687
2796	ORF1a:V1915I	-0.055487	-0.0384597	-0.00292715	-0.106323	0.100468	0.997077	0.899135	1.10569
2797	ORF1b:N1426K	-0.055602	-0.0385395	-0.00278286	-0.100878	0.0953126	0.997221	0.904043	1.1
2798	ORF1b:L740M	-0.0562145	-0.0389642	-0.00307182	-0.110173	0.10403	0.996933	0.895679	1.10963
2799	N:I157V	-0.0562146	-0.0389642	-0.00113805	-0.040817	0.038541	0.998863	0.960005	1.03929
2800	S:S1252P	-0.056261	-0.0389964	-0.00168454	-0.0603687	0.0569997	0.998317	0.941417	1.05866
2801	S:T1009S	-0.0566342	-0.0392551	-0.0033819	-0.120421	0.113657	0.996624	0.886547	1.12037
2802	ORF1a:N272H	-0.0567528	-0.0393373	-0.00249473	-0.0886505	0.083661	0.997508	0.915165	1.08726
2803	ORF1a:A2557S	-0.0568848	-0.0394289	-0.00346152	-0.122728	0.115805	0.996544	0.884504	1.12278
2804	S:D979E	-0.0570054	-0.0395125	-0.00327271	-0.115795	0.10925	0.996733	0.890657	1.11544
2805	ORF3a:L96F	-0.05722	-0.0396613	-0.00369003	-0.130085	0.122705	0.996317	0.878021	1.13055
2806	N:D81Y	-0.0573501	-0.0397515	-0.0015638	-0.0550071	0.0518796	0.998437	0.946478	1.05325
2807	ORF1a:M3312T	-0.0576658	-0.0399704	-0.00218348	-0.0763963	0.0720294	0.997819	0.926449	1.07469
2808	S:K417S	-0.0577421	-0.0400233	-0.00335142	-0.11711	0.110407	0.996654	0.889487	1.11673
2809	ORF1b:K499R	-0.0577884	-0.0400554	-0.00360084	-0.125728	0.118526	0.996406	0.881855	1.12584
2810	ORF1b:P1727L	-0.0577927	-0.0400584	-0.00268433	-0.0937199	0.0883512	0.997319	0.910538	1.09237
2811	ORF1b:P1953L	-0.0579842	-0.0401911	-0.00388922	-0.135351	0.127573	0.996118	0.873409	1.13607
2812	ORF1a:V274I	-0.0579853	-0.0401919	-0.00322158	-0.112114	0.105671	0.996784	0.893942	1.11146
2813	ORF1a:T1000I	-0.0581284	-0.0402912	-0.00332191	-0.115329	0.108686	0.996684	0.891073	1.11481
2814	ORF1b:M809V	-0.0581316	-0.0402933	-0.00378484	-0.131394	0.123825	0.996222	0.876872	1.13182
2815	ORF1a:I4205T	-0.0581415	-0.0403002	-0.00360835	-0.125247	0.11803	0.996398	0.882279	1.12528
2816	ORF1a:A3070V	-0.0581419	-0.0403005	-0.00306534	-0.106398	0.100267	0.996939	0.899067	1.10547
2817	M:W31C	-0.0582404	-0.0403688	-0.00186495	-0.0646259	0.060896	0.998137	0.937418	1.06279
2818	ORF1a:E2946D	-0.0583066	-0.0404147	-0.00325899	-0.112809	0.106291	0.996746	0.893321	1.11215
2819	ORF1b:A572V	-0.0583277	-0.0404293	-0.00289761	-0.100265	0.0944698	0.997107	0.904598	1.09908
2820	ORF1a:T333M	-0.0584254	-0.0404971	-0.00378023	-0.130593	0.123033	0.996227	0.877574	1.13092
2821	ORF1a:A1204V	-0.0584336	-0.0405028	-0.00337292	-0.116506	0.10976	0.996633	0.890024	1.11601
2822	S:S514T	-0.0586146	-0.0406283	-0.00396132	-0.13642	0.128498	0.996047	0.872476	1.13712
2823	ORF1a:M1586I	-0.0587211	-0.0407021	-0.00146857	-0.0504858	0.0475487	0.998533	0.950767	1.0487
2824	N:A208V	-0.058889	-0.0408185	-0.00214248	-0.0734492	0.0691642	0.99786	0.929183	1.07161
2825	ORF1a:F536L	-0.0589748	-0.040878	-0.00262087	-0.0897226	0.0844809	0.997383	0.914185	1.08815
2826	N:A267S	-0.0590344	-0.0409193	-0.00368339	-0.125973	0.118606	0.996323	0.881638	1.12593
2827	ORF1a:A2529S	-0.0592041	-0.041037	-0.00314365	-0.107215	0.100927	0.996861	0.898333	1.1062
2828	S:T676N	-0.0593324	-0.041126	-0.00332981	-0.113326	0.106666	0.996676	0.89286	1.11256
2829	ORF6:S41F	-0.0594094	-0.0411793	-0.00356078	-0.121034	0.113912	0.996446	0.886004	1.12065
2830	ORF3a:G254E	-0.0594099	-0.0411797	-0.00409959	-0.139347	0.131148	0.995909	0.869926	1.14014
2831	S:P681Y	-0.0595314	-0.0412639	-0.0036456	-0.12367	0.116379	0.996361	0.883671	1.12342
2832	ORF1a:S2151G	-0.059614	-0.0413212	-0.00163376	-0.0553477	0.0520802	0.998368	0.946156	1.05346
2833	S:I870V	-0.0596239	-0.0413281	-0.00319573	-0.108246	0.101855	0.996809	0.897407	1.10722
2834	S:S255P	-0.0597019	-0.0413821	-0.00352907	-0.119385	0.112327	0.996477	0.887466	1.11888
2835	S:Q957H	-0.0599648	-0.0415644	-0.00385648	-0.129907	0.122194	0.996151	0.878178	1.12997
2836	N:G215S	-0.0600163	-0.0416002	-0.00351309	-0.118241	0.111215	0.996493	0.888482	1.11763
2837	ORF1a:L204I	-0.0601708	-0.0417073	-0.00357654	-0.120076	0.112923	0.99643	0.886853	1.11955
2838	ORF1a:N810Y	-0.0602945	-0.041793	-0.00378269	-0.126745	0.119179	0.996224	0.880959	1.12657
2839	N:A156S	-0.0604202	-0.0418802	-0.00405478	-0.135587	0.127478	0.995953	0.873203	1.13596
2840	S:S247G	-0.060517	-0.0419473	-0.0027024	-0.0902248	0.0848201	0.997301	0.913726	1.08852
2841	ORF1a:A3061V	-0.0606635	-0.0420489	-0.00372676	-0.124134	0.11668	0.99628	0.883262	1.12376
2842	ORF1a:V1117I	-0.0606786	-0.0420593	-0.00345306	-0.11499	0.108083	0.996553	0.891375	1.11414
2843	ORF9b:R32H	-0.0606976	-0.0420726	-0.0037916	-0.126225	0.118641	0.996216	0.881417	1.12597
2844	ORF1a:R2267G	-0.0607988	-0.0421427	-0.00395709	-0.131521	0.123607	0.996051	0.876761	1.13157
2845	S:T19L	-0.0610629	-0.0423259	-0.00368106	-0.121834	0.114472	0.996326	0.885296	1.12128
2846	ORF1b:S638G	-0.061133	-0.0423745	-0.00354084	-0.117063	0.109981	0.996465	0.88953	1.11626
2847	ORF7a:G26D	-0.061362	-0.0425332	-0.00400796	-0.132026	0.12401	0.996	0.876318	1.13203
2848	ORF7a:H47N	-0.0614645	-0.0426043	-0.00366512	-0.120538	0.113207	0.996342	0.886444	1.11986
2849	ORF3a:E194K	-0.0615562	-0.0426679	-0.00245339	-0.0805698	0.0756631	0.99755	0.92259	1.0786
2850	ORF1a:D2801G	-0.0615817	-0.0426856	-0.00392306	-0.128782	0.120936	0.996085	0.879165	1.12855
2851	ORF1b:Q2555R	-0.06172	-0.0427815	-0.00407616	-0.133518	0.125365	0.995932	0.875012	1.13356
2852	ORF1a:T4164I	-0.0620197	-0.0429893	-0.00119897	-0.0390891	0.0366912	0.998802	0.961665	1.03737
2853	ORF1a:P4120S	-0.0621093	-0.0430514	-0.00360824	-0.117472	0.110256	0.996398	0.889165	1.11656
2854	ORF1a:A2994V	-0.0623868	-0.0432438	-0.000843661	-0.0273484	0.0256611	0.999157	0.973022	1.02599
2855	ORF1a:K2143R	-0.0624466	-0.0432853	-0.0034209	-0.11079	0.103948	0.996585	0.895127	1.10954
2856	S:T961M	-0.0629001	-0.0435997	-0.0028946	-0.0930902	0.087301	0.99711	0.911111	1.09123
2857	ORF1a:K1053R	-0.0629203	-0.0436137	-0.00290073	-0.0932584	0.087457	0.997103	0.910958	1.0914
2858	ORF1a:E3906G	-0.0629499	-0.0436342	-0.00363602	-0.116845	0.109573	0.996371	0.889723	1.1158
2859	S:K444Q	-0.0631295	-0.0437588	-0.00357221	-0.114478	0.107333	0.996434	0.891832	1.11331
2860	ORF1a:V4072I	-0.0631395	-0.0437657	-0.00230113	-0.0737325	0.0691302	0.997702	0.92892	1.07158
2861	ORF1a:T4035I	-0.0634557	-0.043985	-0.00379005	-0.120854	0.113274	0.996217	0.886164	1.11994
2862	ORF1a:T2967A	-0.0639523	-0.0443293	-0.00376243	-0.119071	0.111546	0.996245	0.887745	1.11801
2863	ORF1a:I2786V	-0.0640812	-0.0444187	-0.0032645	-0.103111	0.0965822	0.996741	0.902027	1.1014
2864	ORF1a:S2242F	-0.0641803	-0.0444875	-0.00135262	-0.0426595	0.0399542	0.998648	0.958238	1.04076
2865	N:T141I	-0.0645337	-0.0447325	-0.00384747	-0.1207	0.113005	0.99616	0.8863	1.11964
2866	ORF1a:T1022I	-0.0648023	-0.0449188	-0.00352517	-0.110145	0.103095	0.996481	0.895704	1.1086
2867	ORF1a:T3287A	-0.0648945	-0.0449827	-0.0035547	-0.110915	0.103806	0.996452	0.895015	1.10938
2868	ORF1b:D2499N	-0.0650133	-0.0450651	-0.00125472	-0.0390808	0.0365714	0.998746	0.961673	1.03725
2869	ORF1b:E2274A	-0.0651955	-0.0451914	-0.00191331	-0.0594329	0.0556063	0.998089	0.942299	1.05718
2870	ORF1b:P2321H	-0.0652216	-0.0452095	-0.00353261	-0.109691	0.102625	0.996474	0.896111	1.10808
2871	S:Q957L	-0.0654268	-0.0453518	-0.00263295	-0.081507	0.0762412	0.997371	0.921726	1.07922
2872	S:A262T	-0.0654642	-0.0453778	-0.00281611	-0.087129	0.0814968	0.997188	0.916559	1.08491
2873	ORF1a:K1051R	-0.0656066	-0.0454765	-0.00339458	-0.104806	0.0980169	0.996611	0.900499	1.10298
2874	ORF1a:I281V	-0.0659872	-0.0457404	-0.00346914	-0.10651	0.0995718	0.996537	0.898966	1.1047
2875	ORF1a:T1638I	-0.0660203	-0.0457634	-0.0019823	-0.0608315	0.0568669	0.99802	0.940982	1.05851
2876	S:F59I	-0.0660534	-0.0457863	-0.00393415	-0.12067	0.112802	0.996074	0.886327	1.11941
2877	ORF14:G50E	-0.0662533	-0.045925	-0.00377629	-0.11549	0.107937	0.996231	0.89093	1.11398
2878	S:N641K	-0.0662867	-0.0459481	-0.00334247	-0.102173	0.0954877	0.996663	0.902874	1.1002
2879	ORF1b:G814S	-0.0664317	-0.0460487	-0.0042606	-0.129963	0.121442	0.995748	0.878128	1.12912
2880	ORF1a:V1750L	-0.0664901	-0.0460892	-0.00248214	-0.0756494	0.0706851	0.997521	0.927141	1.07324
2881	N:T362I	-0.0665957	-0.0461624	-0.00191061	-0.0581412	0.05432	0.998091	0.943517	1.05582
2882	ORF1a:C873F	-0.0668598	-0.0463455	-0.00366645	-0.111147	0.103814	0.99634	0.894808	1.10939
2883	ORF3a:D199E	-0.0668734	-0.046355	-0.00400663	-0.121435	0.113422	0.996001	0.885648	1.1201
2884	S:H1101Y	-0.0669495	-0.0464077	-0.00166139	-0.0502991	0.0469763	0.99834	0.950945	1.0481
2885	ORF7b:F13L	-0.0671037	-0.0465146	-0.00233265	-0.0704646	0.0657993	0.99767	0.931961	1.06801
2886	ORF3a:S216L	-0.0672229	-0.0465973	-0.00435026	-0.131187	0.122487	0.995659	0.877053	1.1303
2887	ORF1a:N4050Y	-0.0672355	-0.0466061	-0.00374444	-0.112898	0.105409	0.996263	0.893242	1.11116
2888	ORF1a:I1203V	-0.0672565	-0.0466206	-0.00420091	-0.126622	0.11822	0.995808	0.881066	1.12549
2889	ORF1b:H1807Y	-0.0673255	-0.0466685	-0.00395967	-0.119232	0.111313	0.996048	0.887601	1.11774
2890	ORF3a:I63T	-0.0674012	-0.046721	-0.00401248	-0.120692	0.112667	0.995996	0.886307	1.11926
2891	S:V1065L	-0.0674198	-0.0467339	-0.00446054	-0.134133	0.125212	0.995549	0.874474	1.13339
2892	S:A1020V	-0.0674466	-0.0467524	-0.00274096	-0.0823919	0.07691	0.997263	0.920911	1.07994
2893	ORF7b:A43V	-0.0674715	-0.0467697	-0.00389992	-0.117188	0.109388	0.996108	0.889418	1.1156
2894	ORF1a:F143C	-0.0677662	-0.0469741	-0.00440695	-0.131867	0.123053	0.995603	0.876458	1.13094
2895	S:R765S	-0.0677857	-0.0469876	-0.00279532	-0.0836195	0.0780289	0.997209	0.919781	1.08115
2896	M:I73M	-0.0678085	-0.0470034	-0.00301097	-0.0900411	0.0840192	0.996994	0.913894	1.08765
2897	N:P6L	-0.0678621	-0.0470406	-0.00334238	-0.0998757	0.093191	0.996663	0.90495	1.09767
2898	ORF1a:K3577N	-0.067926	-0.0470849	-0.00428797	-0.128015	0.119439	0.995721	0.87984	1.12686
2899	ORF1b:V1723M	-0.0681973	-0.047273	-0.0041443	-0.12325	0.114961	0.995864	0.884043	1.12183
2900	ORF1b:I2378T	-0.068538	-0.0475093	-0.00377156	-0.111626	0.104083	0.996236	0.894379	1.10969
2901	ORF1a:E457D	-0.068745	-0.0476529	-0.0040781	-0.120347	0.112191	0.99593	0.886612	1.11873
2902	ORF1a:D2592G	-0.068896	-0.0477576	-0.00466887	-0.13749	0.128152	0.995342	0.871543	1.13673
2903	ORF1b:N1382S	-0.0689363	-0.0477855	-0.00390237	-0.114853	0.107048	0.996105	0.891497	1.11299
2904	E:P71S	-0.0693	-0.0480377	-0.0015089	-0.0441842	0.0411664	0.998492	0.956778	1.04203
2905	ORF1a:L3483F	-0.0693312	-0.0480594	-0.00220709	-0.0646005	0.0601863	0.997795	0.937442	1.06203
2906	ORF1a:A3333T	-0.0695311	-0.048198	-0.00165309	-0.0482508	0.0449446	0.998348	0.952895	1.04597
2907	ORF1b:F1214Y	-0.0695863	-0.0482363	-0.00286454	-0.083547	0.0778179	0.99714	0.919848	1.08093
2908	ORF1a:T2186A	-0.069709	-0.0483213	-0.00407623	-0.118685	0.110533	0.995932	0.888088	1.11687
2909	ORF1a:R73C	-0.06972	-0.048329	-0.00304687	-0.0887002	0.0826065	0.996958	0.91512	1.08611
2910	ORF1b:I1293V	-0.0698518	-0.0484204	-0.00402035	-0.116827	0.108786	0.995988	0.889739	1.11492
2911	N:S202N	-0.069987	-0.0485142	-0.00315726	-0.0915753	0.0852608	0.996848	0.912493	1.089
2912	ORF1b:A1219T	-0.0700572	-0.0485628	-0.0039292	-0.113855	0.105997	0.996078	0.892387	1.11182
2913	ORF1b:M657V	-0.0700626	-0.0485666	-0.00387444	-0.11226	0.104511	0.996133	0.893812	1.11017
2914	ORF1a:T999I	-0.0701811	-0.0486488	-0.00184201	-0.0532843	0.0496003	0.99816	0.94811	1.05085
2915	S:P499R	-0.0702017	-0.048663	-0.00415228	-0.12008	0.111776	0.995856	0.886849	1.11826
2916	ORF1a:S1221P	-0.0702334	-0.0486851	-0.00314378	-0.0908754	0.0845878	0.996861	0.913132	1.08827
2917	ORF1a:Y1634H	-0.0703131	-0.0487403	-0.00409524	-0.118249	0.110059	0.995913	0.888475	1.11634
2918	ORF1b:I2147M	-0.0704762	-0.0488534	-0.00454342	-0.130897	0.121811	0.995467	0.877308	1.12954
2919	ORF7b:A43S	-0.0706569	-0.0489788	-0.00115375	-0.0331577	0.0308502	0.998847	0.967386	1.03133
2920	ORF1a:M1083I	-0.0706905	-0.0490021	-0.00427351	-0.122761	0.114214	0.995736	0.884475	1.12099
2921	ORF3a:D27Y	-0.0711639	-0.0493304	-0.00255758	-0.0729974	0.0678822	0.997446	0.929603	1.07024
2922	ORF1a:K737R	-0.0712428	-0.049385	-0.00514892	-0.146801	0.136503	0.994864	0.863466	1.14626
2923	ORF6:Y31C	-0.0713208	-0.0494392	-0.00440725	-0.125523	0.116708	0.995602	0.882036	1.12379
2924	S:R102S	-0.0713782	-0.049479	-0.00174117	-0.0495516	0.0460693	0.99826	0.951656	1.04715
2925	ORF1a:A2080T	-0.0714719	-0.0495439	-0.00432848	-0.123028	0.114371	0.995681	0.884239	1.12117
2926	ORF8:I121T	-0.0715134	-0.0495727	-0.00428602	-0.121753	0.113181	0.995723	0.885367	1.11983
2927	ORF1b:L1783R	-0.0715727	-0.0496139	-0.00430996	-0.122335	0.113715	0.995699	0.884852	1.12043
2928	ORF1b:D1381Y	-0.0716411	-0.0496613	-0.00442165	-0.12539	0.116546	0.995588	0.882153	1.12361
2929	S:Q1201L	-0.0716427	-0.0496624	-0.00460263	-0.130519	0.121314	0.995408	0.87764	1.12898
2930	ORF7a:V104F	-0.0716609	-0.049675	-0.00421779	-0.119576	0.111141	0.995791	0.887296	1.11755
2931	ORF1b:G662V	-0.0717397	-0.0497297	-0.00406304	-0.115067	0.106941	0.995945	0.891306	1.11287
2932	ORF1a:G1155C	-0.0719186	-0.0498538	-0.00404882	-0.114389	0.106292	0.995959	0.891911	1.11215
2933	ORF1a:R3574K	-0.0720158	-0.0499212	-0.00326864	-0.0922273	0.08569	0.996737	0.911898	1.08947
2934	S:K97T	-0.0724233	-0.0502038	-0.00439058	-0.123211	0.11443	0.995619	0.884077	1.12123
2935	ORF1b:M454V	-0.0726101	-0.0503333	-0.00391738	-0.109659	0.101824	0.99609	0.89614	1.10719
2936	ORF1a:V1287M	-0.0726186	-0.0503392	-0.00498157	-0.139433	0.12947	0.995031	0.869851	1.13823
2937	ORF1b:D146G	-0.0726215	-0.0503413	-0.00401817	-0.112463	0.104427	0.99599	0.89363	1.11007
2938	ORF10:M1I	-0.0727004	-0.0503959	-0.0039074	-0.109249	0.101434	0.9961	0.896507	1.10676
2939	ORF1a:L2333F	-0.0728013	-0.0504659	-0.00428377	-0.119612	0.111044	0.995725	0.887265	1.11744
2940	N:Q9K	-0.0728031	-0.0504672	-0.00457585	-0.127764	0.118613	0.995435	0.880061	1.12593
2941	ORF3a:G251S	-0.0729762	-0.0505872	-0.0043566	-0.121364	0.112651	0.995653	0.885711	1.11924
2942	ORF1b:Q2425K	-0.0730231	-0.0506198	-0.00427114	-0.11891	0.110368	0.995738	0.887888	1.11669
2943	ORF1a:G4203S	-0.0736229	-0.0510357	-0.00239105	-0.0660447	0.0612626	0.997612	0.936089	1.06318
2944	ORF14:P33T	-0.0736281	-0.0510394	-0.00113907	-0.0314609	0.0291828	0.998862	0.969029	1.02961
2945	ORF1a:G4178S	-0.0739018	-0.0512292	-0.00444548	-0.122345	0.113454	0.995564	0.884843	1.12014
2946	ORF1a:D203N	-0.0739582	-0.0512683	-0.00269003	-0.0739784	0.0685983	0.997314	0.928692	1.07101
2947	N:P13S	-0.0740543	-0.051335	-0.00223926	-0.0615047	0.0570262	0.997763	0.940349	1.05868
2948	ORF1a:N1172S	-0.074097	-0.0513646	-0.00464037	-0.127384	0.118104	0.99537	0.880395	1.12536
2949	S:D228E	-0.0746234	-0.0517296	-0.00395032	-0.107704	0.0998038	0.996057	0.897893	1.10495
2950	ORF1a:R226K	-0.0747946	-0.0518484	-0.00285424	-0.0776485	0.07194	0.99715	0.92529	1.07459
2951	S:S12F	-0.0749756	-0.0519739	-0.00109643	-0.0297585	0.0275656	0.998904	0.97068	1.02795
2952	ORF1a:S2911T	-0.0749853	-0.0519806	-0.00502043	-0.136244	0.126204	0.994992	0.872629	1.13451
2953	S:T859I	-0.0749861	-0.0519812	-0.00226777	-0.0615422	0.0570066	0.997735	0.940313	1.05866
2954	ORF1a:A2344S	-0.0750023	-0.0519924	-0.00395414	-0.107284	0.0993756	0.996054	0.898271	1.10448
2955	ORF3a:A59S	-0.0751287	-0.0520801	-0.00372207	-0.100824	0.0933796	0.996285	0.904092	1.09788
2956	ORF1a:S1534I	-0.0757262	-0.0524945	-0.00447739	-0.120362	0.111408	0.995533	0.886599	1.11785
2957	ORF1a:R724G	-0.0757456	-0.052508	-0.0047172	-0.126778	0.117343	0.995294	0.88093	1.12451
2958	ORF1a:Y369K	-0.0758464	-0.0525779	-0.00429885	-0.115386	0.106789	0.99571	0.891022	1.1127
2959	ORF1a:V2955M	-0.0758718	-0.0525955	-0.00458393	-0.122999	0.113831	0.995427	0.884265	1.12056
2960	S:P9T	-0.0765189	-0.0530443	-0.00481171	-0.128059	0.118436	0.9952	0.879801	1.12573
2961	ORF8:S97I	-0.0766742	-0.053152	-0.00221597	-0.0588612	0.0544293	0.997786	0.942838	1.05594
2962	ORF1a:T2977I	-0.0768908	-0.0533022	-0.0033314	-0.0882497	0.0815869	0.996674	0.915532	1.08501
2963	ORF1a:T4217I	-0.0770317	-0.0534	-0.00208697	-0.055187	0.0510131	0.997915	0.946308	1.05234
2964	ORF1b:R1622K	-0.0770431	-0.0534079	-0.00453195	-0.119824	0.11076	0.995478	0.887077	1.11713
2965	ORF8:H40Y	-0.0770895	-0.0534401	-0.00518031	-0.136887	0.126527	0.994833	0.872069	1.13488
2966	ORF1a:E772K	-0.0771093	-0.0534538	-0.00376364	-0.0994279	0.0919007	0.996243	0.905355	1.09626
2967	S:S640P	-0.0774012	-0.0536562	-0.00523179	-0.137712	0.127248	0.994782	0.87135	1.1357
2968	ORF1b:S2563A	-0.07758	-0.0537803	-0.00449575	-0.118076	0.109084	0.995514	0.888629	1.11526
2969	S:V1164I	-0.077691	-0.0538573	-0.0048453	-0.127081	0.11739	0.995166	0.880662	1.12456
2970	ORF1b:A2268S	-0.0777119	-0.0538718	-0.00414294	-0.108632	0.100346	0.995866	0.897061	1.10555
2971	ORF3a:T223A	-0.0777701	-0.0539122	-0.00435995	-0.114239	0.10552	0.99565	0.892044	1.11129
2972	S:D1259Y	-0.0778821	-0.0539898	-0.00171044	-0.0447549	0.0413341	0.998291	0.956232	1.0422
2973	N:Q380H	-0.0780345	-0.0540955	-0.00468646	-0.122395	0.113022	0.995324	0.884799	1.11966
2974	ORF1a:Q3729K	-0.0783394	-0.054307	-0.00118588	-0.0308553	0.0284836	0.998815	0.969616	1.02889
2975	S:I569V	-0.078611	-0.0544954	-0.00470309	-0.121962	0.112556	0.995308	0.885182	1.11914
2976	ORF14:I43T	-0.0793047	-0.0549766	-0.00176008	-0.0452594	0.0417392	0.998241	0.95575	1.04262
2977	ORF14:M1I	-0.0793421	-0.0550025	-0.00419359	-0.107787	0.0993994	0.995815	0.897819	1.10451
2978	S:S982L	-0.0793695	-0.0550215	-0.00444937	-0.114323	0.105424	0.995561	0.89197	1.11118
2979	ORF1a:E1142G	-0.0793909	-0.0550363	-0.00498169	-0.127967	0.118004	0.995031	0.879882	1.12525
2980	S:A397V	-0.0796377	-0.0552075	-0.00435118	-0.111438	0.102736	0.995658	0.894547	1.1082
2981	ORF1a:T2197I	-0.0796639	-0.0552258	-0.00412955	-0.105728	0.0974694	0.995879	0.899669	1.10238
2982	E:L18I	-0.0798401	-0.055348	-0.00438705	-0.112083	0.103309	0.995623	0.89397	1.10883
2983	ORF1a:Y1465C	-0.0798637	-0.0553644	-0.00478182	-0.122134	0.112571	0.99523	0.88503	1.11915
2984	ORF1a:V1020F	-0.0801701	-0.0555769	-0.0015315	-0.0389729	0.03591	0.99847	0.961777	1.03656
2985	ORF1b:D2090Y	-0.0803659	-0.0557127	-0.00393577	-0.0999213	0.0920498	0.996072	0.904909	1.09642
2986	ORF1a:A872V	-0.0805683	-0.0558531	-0.00364932	-0.0924253	0.0851267	0.996357	0.911717	1.08886
2987	ORF1a:P380H	-0.0807332	-0.0559674	-0.00377873	-0.0955153	0.0879578	0.996228	0.908904	1.09194
2988	M:N207K	-0.0808222	-0.0560292	-0.00461302	-0.11648	0.107254	0.995398	0.890048	1.11322
2989	ORF1a:M902V	-0.0811594	-0.0562631	-0.00297839	-0.0749052	0.0689484	0.997026	0.927831	1.07138
2990	ORF1a:C2459Y	-0.0811883	-0.0562831	-0.00480964	-0.120919	0.1113	0.995202	0.886106	1.11773
2991	ORF1a:R1464Q	-0.0812707	-0.0563403	-0.00528162	-0.132656	0.122092	0.994732	0.875767	1.12986
2992	ORF1a:G4177E	-0.0813108	-0.0563681	-0.0045761	-0.114881	0.105729	0.995434	0.891472	1.11152
2993	ORF1a:T1874I	-0.0813453	-0.056392	-0.00471087	-0.118216	0.108795	0.9953	0.888504	1.11493
2994	ORF1a:D1962N	-0.0814736	-0.056481	-0.00513982	-0.128786	0.118506	0.994873	0.879162	1.12581
2995	ORF3a:K67R	-0.0820329	-0.056869	-0.00497804	-0.123915	0.113959	0.995034	0.883455	1.12071
2996	ORF1b:R712C	-0.0821462	-0.0569476	-0.00487947	-0.121301	0.111542	0.995132	0.885767	1.118
2997	ORF1b:P1652S	-0.0822329	-0.0570077	-0.00459257	-0.114053	0.104868	0.995418	0.89221	1.11056
2998	ORF1a:A2618T	-0.0827776	-0.0573856	-0.00528686	-0.130466	0.119892	0.994727	0.877686	1.12738
2999	S:R408N	-0.0828301	-0.057422	-0.00494841	-0.12204	0.112143	0.995064	0.885113	1.11867
3000	ORF1a:G1069R	-0.0831234	-0.0576254	-0.00506398	-0.124467	0.114339	0.994949	0.882967	1.12113
3001	ORF1a:F2173L	-0.0832187	-0.0576916	-0.00429292	-0.1054	0.0968138	0.995716	0.899965	1.10166
3002	ORF10:V32L	-0.0832616	-0.0577213	-0.0033385	-0.0819263	0.0752493	0.996667	0.92134	1.07815
3003	ORF1a:D147G	-0.0832841	-0.0577369	-0.00431657	-0.1059	0.0972673	0.995693	0.899514	1.10215
3004	ORF1a:L4064F	-0.0833045	-0.0577511	-0.00520227	-0.1276	0.117195	0.994811	0.880206	1.12434
3005	ORF1a:E933G	-0.0834924	-0.0578814	-0.00392252	-0.0960028	0.0881578	0.996085	0.908462	1.09216
3006	ORF3a:S60F	-0.0835682	-0.057934	-0.00242416	-0.0592791	0.0544308	0.997579	0.942444	1.05594
3007	ORF1a:V1991I	-0.0835896	-0.0579489	-0.00380612	-0.09305	0.0854378	0.996201	0.911148	1.08919
3008	ORF1b:G977S	-0.08368	-0.0580116	-0.00475073	-0.116023	0.106521	0.995261	0.890455	1.1124
3009	ORF1a:T945I	-0.0838751	-0.0581469	-0.00139531	-0.0340003	0.0312097	0.998606	0.966571	1.0317
3010	S:L1234I	-0.0838957	-0.0581612	-0.00535438	-0.130443	0.119734	0.99466	0.877707	1.1272
3011	ORF3a:T221I	-0.0839879	-0.0582251	-0.00385919	-0.0939184	0.0862	0.996148	0.910357	1.09002
3012	S:G639S	-0.0840241	-0.0582502	-0.00296633	-0.0721595	0.0662269	0.997038	0.930382	1.06847
3013	ORF1b:D260G	-0.0842285	-0.0583921	-0.0053797	-0.130563	0.119804	0.994635	0.877601	1.12728
3014	ORF1a:P371L	-0.0842321	-0.0583945	-0.00454522	-0.110306	0.101216	0.995465	0.89556	1.10652
3015	ORF7a:G38V	-0.0842933	-0.058437	-0.00533546	-0.129394	0.118723	0.994679	0.878628	1.12606
3016	ORF1b:K82R	-0.0844071	-0.058516	-0.00194559	-0.047123	0.0432318	0.998056	0.95397	1.04418
3017	ORF1a:F3677L	-0.0845432	-0.0586104	-0.00146199	-0.0353553	0.0324313	0.998539	0.965262	1.03296
3018	ORF1b:H641Q	-0.085006	-0.0589314	-0.00504334	-0.121326	0.11124	0.994969	0.885745	1.11766
3019	ORF3a:V97A	-0.0852719	-0.0591159	-0.00438894	-0.105268	0.0964903	0.995621	0.900083	1.1013
3020	ORF1a:I3341V	-0.0853754	-0.0591877	-0.00439593	-0.105313	0.0965216	0.995614	0.900042	1.10133
3021	S:V635I	-0.0853903	-0.059198	-0.00486756	-0.116593	0.106858	0.995144	0.889948	1.11278
3022	ORF9b:A82V	-0.0854361	-0.0592298	-0.00481213	-0.115206	0.105582	0.995199	0.891183	1.11136
3023	S:P561S	-0.0858241	-0.059499	-0.00524303	-0.124978	0.114492	0.994771	0.882516	1.1213
3024	ORF1a:P1018T	-0.0859637	-0.0595958	-0.00495159	-0.117847	0.107944	0.995061	0.888832	1.11399
3025	ORF1a:G894S	-0.0861188	-0.0597034	-0.0050895	-0.120921	0.110742	0.994923	0.886104	1.11711
3026	ORF1a:T2002M	-0.0861293	-0.0597107	-0.00501314	-0.119093	0.109066	0.994999	0.887726	1.11524
3027	S:P384L	-0.0861982	-0.0597585	-0.00492483	-0.116905	0.107055	0.995087	0.88967	1.113
3028	ORF7a:A66V	-0.0863601	-0.0598708	-0.004204	-0.0996147	0.0912068	0.995805	0.905186	1.0955
3029	S:E154Q	-0.0866153	-0.0600478	-0.0048734	-0.115151	0.105404	0.995138	0.891232	1.11116
3030	ORF1a:G105C	-0.0867072	-0.0601116	-0.00552638	-0.130447	0.119394	0.994489	0.877703	1.12681
3031	S:N388K	-0.0869558	-0.060284	-0.00629439	-0.148168	0.13558	0.993725	0.862286	1.1452
3032	ORF14:M60T	-0.0870928	-0.0603791	-0.00507292	-0.119236	0.10909	0.99494	0.887599	1.11526
3033	S:A348T	-0.0871598	-0.0604256	-0.00392013	-0.0920722	0.0842319	0.996088	0.912039	1.08788
3034	S:A352S	-0.087621	-0.0607455	-0.00506326	-0.118322	0.108195	0.99495	0.88841	1.11426
3035	N:A217S	-0.0877002	-0.0608005	-0.00483331	-0.11285	0.103184	0.995178	0.893284	1.1087
3036	ORF1a:L1853F	-0.0879634	-0.0609831	-0.00377549	-0.0878994	0.0803484	0.996232	0.915853	1.08366
3037	ORF14:A26S	-0.0888042	-0.0615664	-0.00481109	-0.110995	0.101373	0.9952	0.894943	1.10669
3038	S:T323K	-0.08881	-0.0615705	-0.00555022	-0.128039	0.116939	0.994465	0.879819	1.12405
3039	ORF1b:G128C	-0.0889214	-0.0616477	-0.00401783	-0.092577	0.0845413	0.99599	0.911579	1.08822
3040	S:H207R	-0.0890237	-0.0617187	-0.00357711	-0.0823314	0.0751772	0.996429	0.920967	1.07808
3041	ORF1a:G2294S	-0.089201	-0.0618417	-0.00419085	-0.096274	0.0878923	0.995818	0.908215	1.09187
3042	ORF1a:V2027L	-0.0900197	-0.0624097	-0.00266097	-0.0605972	0.0552753	0.997343	0.941202	1.05683
3043	ORF1a:V4101I	-0.0900413	-0.0624247	-0.00541091	-0.123192	0.112371	0.994604	0.884094	1.11893
3044	ORF1a:P1862S	-0.0900578	-0.0624362	-0.00546654	-0.124437	0.113504	0.994548	0.882994	1.1202
3045	S:T95S	-0.0902176	-0.062547	-0.00376755	-0.0856171	0.078082	0.99624	0.917946	1.08121
3046	ORF1a:K2029R	-0.0903747	-0.062656	-0.00395118	-0.0896408	0.0817385	0.996057	0.91426	1.08517
3047	N:T334K	-0.0904559	-0.0627123	-0.00493321	-0.111824	0.101958	0.995079	0.894202	1.10734
3048	ORF1b:I2634F	-0.0904747	-0.0627254	-0.00529603	-0.120025	0.109432	0.994718	0.886899	1.11564
3049	ORF1a:Y3649C	-0.0908445	-0.0629819	-0.00269627	-0.0608681	0.0554756	0.997307	0.940947	1.05704
3050	ORF7b:E33STOP	-0.0909847	-0.0630792	-0.00432965	-0.0975977	0.0889384	0.99568	0.907014	1.09301
3051	N:Q7K	-0.0913977	-0.0633658	-0.00538089	-0.120771	0.110009	0.994634	0.886237	1.11629
3052	ORF1b:M897I	-0.0914436	-0.0633977	-0.00565105	-0.126773	0.115471	0.994365	0.880934	1.1224
3053	ORF1a:V3986A	-0.0914984	-0.0634356	-0.00541568	-0.121424	0.110592	0.994599	0.885659	1.11694
3054	S:G769A	-0.0916673	-0.0635529	-0.00595134	-0.133199	0.121296	0.994066	0.875291	1.12896
3055	ORF9b:P3S	-0.0918169	-0.0636566	-0.0041649	-0.0930707	0.084741	0.995844	0.911129	1.08844
3056	ORF1b:S1187I	-0.0920273	-0.0638026	-0.00519846	-0.115913	0.105516	0.994815	0.890552	1.11128
3057	M:S4F	-0.0920586	-0.0638243	-0.00568786	-0.126785	0.115409	0.994328	0.880923	1.12233
3058	ORF8:Y111F	-0.0921215	-0.063868	-0.00580332	-0.129274	0.117667	0.994213	0.878733	1.12487
3059	S:Y144S	-0.092125	-0.0638704	-0.00146751	-0.0326888	0.0297538	0.998534	0.96784	1.0302
3060	ORF1b:V2515I	-0.0923021	-0.0639933	-0.0058129	-0.129245	0.11762	0.994204	0.878758	1.12482
3061	ORF1a:A372V	-0.0923126	-0.0640005	-0.00567647	-0.126198	0.114845	0.99434	0.88144	1.1217
3062	N:K370N	-0.0926055	-0.0642038	-0.00558204	-0.123724	0.11256	0.994434	0.883624	1.11914
3063	N:A414V	-0.0926342	-0.0642237	-0.00573798	-0.127143	0.115667	0.994278	0.880608	1.12262
3064	ORF1a:G3546D	-0.0926723	-0.0642502	-0.00568153	-0.125842	0.114479	0.994335	0.881754	1.12129
3065	ORF1a:T2859I	-0.0927065	-0.0642739	-0.00462653	-0.102439	0.0931858	0.995384	0.902633	1.09767
3066	S:T470I	-0.0930731	-0.0645283	-0.00641289	-0.141458	0.128632	0.993608	0.868092	1.13727
3067	ORF1a:A1306F	-0.0931993	-0.0646158	-0.00542371	-0.119483	0.108636	0.994591	0.887379	1.11476
3068	ORF1a:T4159I	-0.0934901	-0.0648176	-0.0052424	-0.115146	0.104661	0.994771	0.891236	1.11033
3069	ORF1a:V3595I	-0.0937418	-0.0649922	-0.00575543	-0.126091	0.11458	0.994261	0.881535	1.1214
3070	ORF1a:D1554G	-0.0941322	-0.0652631	-0.00419289	-0.0914946	0.0831088	0.995816	0.912566	1.08666
3071	ORF1b:R276S	-0.0942442	-0.0653408	-0.00440371	-0.0959861	0.0871787	0.995606	0.908477	1.09109
3072	ORF1a:P3504S	-0.0943091	-0.0653859	-0.00318078	-0.0692849	0.0629234	0.996824	0.933061	1.06495
3073	ORF3a:S166L	-0.0943894	-0.0654416	-0.00155784	-0.0339058	0.0307901	0.998443	0.966663	1.03127
3074	ORF1b:D2505N	-0.0946906	-0.0656505	-0.00594037	-0.128898	0.117017	0.994077	0.879064	1.12414
3075	ORF6:P57L	-0.0947425	-0.0656866	-0.00514849	-0.111657	0.10136	0.994865	0.894351	1.10667
3076	ORF1b:K112R	-0.0948583	-0.0657669	-0.00356517	-0.0772289	0.0700985	0.996441	0.925678	1.07261
3077	ORF1b:T577A	-0.0948908	-0.0657895	-0.00571674	-0.123796	0.112362	0.9943	0.88356	1.11892
3078	ORF1a:T2274N	-0.0949417	-0.0658248	-0.00576879	-0.124859	0.113321	0.994248	0.882621	1.11999
3079	ORF1a:R24H	-0.0951594	-0.0659758	-0.00591765	-0.127801	0.115966	0.9941	0.880028	1.12296
3080	S:Q1113K	-0.0951664	-0.0659807	-0.00643378	-0.138938	0.126071	0.993587	0.870282	1.13436
3081	ORF1a:K2771N	-0.0959763	-0.0665427	-0.00594962	-0.127449	0.11555	0.994068	0.880339	1.12249
3082	N:P46S	-0.0965766	-0.0669592	-0.00468143	-0.0996884	0.0903255	0.995329	0.905119	1.09453
3083	S:D843N	-0.0966161	-0.0669867	-0.00635884	-0.135355	0.122637	0.993661	0.873406	1.13047
3084	ORF6:I26V	-0.0967237	-0.0670614	-0.0059787	-0.127128	0.115171	0.994039	0.880621	1.12207
3085	ORF1a:V89A	-0.0967677	-0.0670918	-0.00582201	-0.123743	0.112099	0.994195	0.883607	1.11862
3086	S:A263S	-0.0971252	-0.06734	-0.00517004	-0.1095	0.0991602	0.994843	0.896282	1.10424
3087	ORF1a:S2600A	-0.0972711	-0.0674412	-0.00591011	-0.124996	0.113176	0.994107	0.882501	1.11983
3088	S:E324K	-0.0974508	-0.0675659	-0.00506671	-0.10697	0.0968368	0.994946	0.898552	1.10168
3089	S:V367A	-0.0975851	-0.0676591	-0.00465126	-0.0980703	0.0887678	0.99536	0.906585	1.09283
3090	ORF8:V114F	-0.0975951	-0.0676661	-0.00572116	-0.120617	0.109175	0.994295	0.886373	1.11536
3091	S:F58Y	-0.097602	-0.0676708	-0.00591015	-0.124593	0.112773	0.994107	0.882856	1.11938
3092	ORF1b:T920A	-0.0977641	-0.0677833	-0.00614022	-0.129239	0.116958	0.993879	0.878764	1.12407
3093	S:G261D	-0.0979039	-0.0678803	-0.00584985	-0.122959	0.11126	0.994167	0.8843	1.11769
3094	ORF14:G50R	-0.0979958	-0.0679441	-0.00345603	-0.0725784	0.0656663	0.99655	0.929993	1.06787
3095	ORF1b:I1799S	-0.098138	-0.0680428	-0.00647489	-0.135788	0.122838	0.993546	0.873028	1.1307
3096	ORF10:F35S	-0.0983606	-0.0681972	-0.00568919	-0.119054	0.107676	0.994327	0.88776	1.11369
3097	ORF1b:N1932D	-0.0983858	-0.0682148	-0.00582767	-0.121922	0.110267	0.994189	0.885217	1.11658
3098	ORF1b:S959A	-0.0983902	-0.0682178	-0.00557162	-0.11656	0.105417	0.994444	0.889977	1.11117
3099	ORF1a:P2685S	-0.0987218	-0.0684479	-0.00609062	-0.12701	0.114829	0.993928	0.880725	1.12168
3100	ORF1b:A370V	-0.0987356	-0.0684575	-0.00323912	-0.0675376	0.0610594	0.996766	0.934693	1.06296
3101	ORF1a:V2998I	-0.0988331	-0.0685251	-0.00461218	-0.0960766	0.0868522	0.995398	0.908394	1.09074
3102	ORF1a:L2323S	-0.0991532	-0.0687472	-0.00555348	-0.115329	0.104222	0.994462	0.891073	1.10985
3103	ORF1b:A1215S	-0.099166	-0.0687561	-0.00457824	-0.0950649	0.0859084	0.995432	0.909314	1.08971
3104	ORF1a:E754D	-0.0992281	-0.0687993	-0.00365069	-0.0757595	0.0684582	0.996356	0.927039	1.07086
3105	ORF1a:A3235T	-0.0995465	-0.0690202	-0.00644501	-0.13334	0.12045	0.993576	0.875167	1.128
3106	ORF1a:T3487A	-0.0996484	-0.0690909	-0.00488597	-0.100987	0.0912152	0.995126	0.903945	1.0955
3107	ORF1a:A541V	-0.0999864	-0.0693255	-0.0029005	-0.0597571	0.0539561	0.997104	0.941993	1.05544
3108	ORF1b:N1047S	-0.100008	-0.0693403	-0.00430145	-0.0886018	0.0799989	0.995708	0.91521	1.08329
3109	ORF1a:S2556L	-0.100166	-0.0694498	-0.00227868	-0.0468663	0.0423089	0.997724	0.954215	1.04322
3110	S:T549I	-0.100325	-0.0695605	-0.00414018	-0.0850233	0.076743	0.995868	0.918491	1.07976
3111	N:P20S	-0.100672	-0.0698014	-0.00661405	-0.135382	0.122153	0.993408	0.873383	1.12993
3112	S:T791I	-0.101228	-0.0701871	-0.00411561	-0.0838015	0.0755703	0.995893	0.919614	1.0785
3113	ORF1a:P1213L	-0.101355	-0.0702753	-0.00555443	-0.112964	0.101855	0.994461	0.893183	1.10722
3114	ORF9b:N36Y	-0.101531	-0.0703977	-0.0026155	-0.053105	0.0478741	0.997388	0.94828	1.04904
3115	ORF1a:Y1418C	-0.101687	-0.0705055	-0.00638006	-0.129353	0.116593	0.99364	0.878664	1.12366
3116	ORF1a:T2183I	-0.10183	-0.0706047	-0.00572781	-0.115974	0.104518	0.994289	0.890499	1.11018
3117	ORF1a:A2994T	-0.101874	-0.0706353	-0.00645016	-0.130546	0.117645	0.993571	0.877616	1.12485
3118	N:S232G	-0.101941	-0.0706821	-0.00475316	-0.0961393	0.086633	0.995258	0.908337	1.0905
3119	S:D80Y	-0.102099	-0.0707915	-0.00180295	-0.0364137	0.0328079	0.998199	0.964241	1.03335
3120	ORF14:E56STOP	-0.102186	-0.0708521	-0.00202696	-0.0409047	0.0368508	0.997975	0.959921	1.03754
3121	ORF1a:V2715I	-0.102367	-0.0709777	-0.00431408	-0.0869134	0.0782852	0.995695	0.916757	1.08143
3122	ORF1a:A967V	-0.102421	-0.0710149	-0.00630342	-0.126928	0.114321	0.993716	0.880797	1.12111
3123	ORF1a:I463V	-0.102491	-0.0710638	-0.0059946	-0.120631	0.108642	0.994023	0.886361	1.11476
3124	S:R190K	-0.103024	-0.0714336	-0.00576971	-0.115535	0.103995	0.994247	0.89089	1.1096
3125	ORF1a:G442S	-0.103052	-0.0714527	-0.00560422	-0.112192	0.100984	0.994411	0.893872	1.10626
3126	ORF1a:I201V	-0.103213	-0.0715649	-0.0063223	-0.126379	0.113735	0.993698	0.88128	1.12046
3127	ORF1a:A3270T	-0.103349	-0.071659	-0.00402734	-0.0804041	0.0723494	0.995981	0.922743	1.07503
3128	ORF1a:T4010I	-0.103505	-0.0717672	-0.00430538	-0.085832	0.0772213	0.995704	0.917748	1.08028
3129	S:A852S	-0.103717	-0.0719148	-0.00536019	-0.106653	0.0959323	0.994654	0.898838	1.10068
3130	ORF1a:T945A	-0.103806	-0.0719767	-0.00620968	-0.123454	0.111035	0.99381	0.883862	1.11743
3131	ORF1a:P1786S	-0.103888	-0.0720331	-0.00345591	-0.0686557	0.0617439	0.99655	0.933648	1.06369
3132	S:G219S	-0.104115	-0.0721908	-0.00602416	-0.119429	0.107381	0.993994	0.887427	1.11336
3133	ORF1a:V3892I	-0.104144	-0.0722112	-0.00418905	-0.0830256	0.0746475	0.99582	0.920328	1.0775
3134	ORF1a:A1268V	-0.104225	-0.072267	-0.00464627	-0.09202	0.0827275	0.995364	0.912087	1.08625
3135	ORF1b:I2303T	-0.104812	-0.0726745	-0.00701573	-0.138209	0.124177	0.993009	0.870917	1.13222
3136	N:A381S	-0.104845	-0.0726973	-0.00561122	-0.110507	0.0992847	0.994404	0.89538	1.10438
3137	ORF6:F22Y	-0.104928	-0.0727549	-0.00635454	-0.125052	0.112343	0.993666	0.882451	1.1189
3138	S:V483A	-0.105518	-0.0731644	-0.00718573	-0.140659	0.126288	0.99284	0.868786	1.13461
3139	ORF1b:A1428S	-0.105793	-0.0733555	-0.00334498	-0.0653154	0.0586255	0.996661	0.936772	1.06038
3140	S:N1187T	-0.106022	-0.0735146	-0.00477864	-0.0931182	0.0835609	0.995233	0.911086	1.08715
3141	ORF1a:A516V	-0.106052	-0.0735351	-0.00458018	-0.0892274	0.0800671	0.99543	0.914638	1.08336
3142	N:N48S	-0.106136	-0.0735932	-0.00602518	-0.11729	0.10524	0.993993	0.889327	1.11098
3143	S:Y1155F	-0.106319	-0.0737203	-0.00307267	-0.0597167	0.0535714	0.996932	0.942031	1.05503
3144	N:Q163L	-0.106436	-0.0738016	-0.0065606	-0.127371	0.11425	0.993461	0.880407	1.12103
3145	ORF14:C5F	-0.106646	-0.0739473	-0.00623965	-0.120914	0.108434	0.99378	0.88611	1.11453
3146	ORF3a:Y107H	-0.106903	-0.0741262	-0.00242143	-0.0468159	0.0419731	0.997581	0.954263	1.04287
3147	ORF1b:V1077L	-0.106986	-0.0741833	-0.00328408	-0.0634481	0.0568799	0.996721	0.938523	1.05853
3148	ORF1b:L1351F	-0.10708	-0.0742485	-0.00554436	-0.107027	0.0959386	0.994471	0.898501	1.10069
3149	ORF1b:E341G	-0.107322	-0.0744167	-0.00460116	-0.0886297	0.0794274	0.995409	0.915184	1.08267
3150	ORF1a:A3456V	-0.107377	-0.074455	-0.00552239	-0.106323	0.0952783	0.994493	0.899134	1.09996
3151	ORF3a:F43V	-0.107474	-0.0745225	-0.00258257	-0.0496797	0.0445146	0.997421	0.951534	1.04552
3152	ORF14:W57L	-0.10767	-0.0746585	-0.00462635	-0.0888416	0.0795889	0.995384	0.91499	1.08284
3153	ORF1b:C142Y	-0.107704	-0.0746821	-0.00634043	-0.121721	0.10904	0.99368	0.885395	1.11521
3154	ORF1a:S376L	-0.107805	-0.074752	-0.00585292	-0.112263	0.100557	0.994164	0.893809	1.10579
3155	ORF1b:S1023G	-0.107807	-0.0747532	-0.00563243	-0.108032	0.0967672	0.994383	0.897599	1.1016
3156	ORF1b:D1899E	-0.108039	-0.0749142	-0.00630004	-0.120591	0.107991	0.99372	0.886396	1.11404
3157	ORF1b:Q2252K	-0.108101	-0.0749573	-0.00623407	-0.119263	0.106795	0.993785	0.887574	1.11271
3158	N:D63N	-0.108378	-0.07515	-0.0064902	-0.123862	0.110882	0.993531	0.883502	1.11726
3159	S:D1084Y	-0.108394	-0.0751611	-0.00258165	-0.0492625	0.0440992	0.997422	0.951931	1.04509
3160	ORF1a:N3540D	-0.108432	-0.075187	-0.00649684	-0.123931	0.110937	0.993524	0.883441	1.11732
3161	ORF1a:K1895N	-0.108438	-0.0751917	-0.00659943	-0.125881	0.112682	0.993422	0.88172	1.11928
3162	ORF9b:G38S	-0.108605	-0.075307	-0.00626375	-0.119304	0.106777	0.993756	0.887538	1.11269
3163	ORF1a:L204F	-0.108638	-0.0753303	-0.00301969	-0.0574986	0.0514592	0.996985	0.944123	1.05281
3164	ORF8:K94E	-0.108914	-0.0755219	-0.00556834	-0.105773	0.0946368	0.994447	0.899628	1.09926
3165	ORF1b:K2310N	-0.109194	-0.0757163	-0.00660504	-0.125161	0.111951	0.993417	0.882355	1.11846
3166	ORF8:V33F	-0.10958	-0.0759842	-0.00179445	-0.0338902	0.0303013	0.998207	0.966678	1.03077
3167	ORF1a:G59S	-0.10975	-0.0761024	-0.00534936	-0.10088	0.0901817	0.994665	0.904041	1.09437
3168	ORF1a:R560C	-0.109831	-0.0761581	-0.00422461	-0.0796142	0.071165	0.995784	0.923473	1.07376
3169	N:P326S	-0.109901	-0.0762067	-0.00648861	-0.122206	0.109229	0.993532	0.884966	1.11542
3170	S:Y269N	-0.109951	-0.0762418	-0.00666292	-0.125435	0.112109	0.993359	0.882114	1.11863
3171	ORF1a:N2256D	-0.109993	-0.0762705	-0.0067703	-0.127411	0.11387	0.993253	0.880372	1.12061
3172	S:E554G	-0.110224	-0.076431	-0.00640481	-0.120293	0.107484	0.993616	0.886661	1.11347
3173	N:P364L	-0.110253	-0.076451	-0.00545745	-0.102475	0.0915599	0.994557	0.902601	1.09588
3174	ORF3a:V256F	-0.110301	-0.0764847	-0.00653598	-0.122675	0.109603	0.993485	0.884551	1.11584
3175	S:G181R	-0.110464	-0.0765977	-0.00721168	-0.135169	0.120746	0.992814	0.873568	1.12834
3176	ORF3a:G44V	-0.110639	-0.0767192	-0.00469627	-0.0878905	0.078498	0.995315	0.915861	1.08166
3177	ORF1a:E754A	-0.110754	-0.076799	-0.00299153	-0.0559314	0.0499484	0.997013	0.945604	1.05122
3178	ORF1b:T11A	-0.110905	-0.0769042	-0.00626726	-0.117025	0.10449	0.993752	0.889563	1.11014
3179	ORF1a:T2069I	-0.110924	-0.0769174	-0.00694087	-0.129582	0.1157	0.993083	0.878463	1.12266
3180	ORF1a:P885L	-0.110976	-0.076953	-0.00554365	-0.103451	0.0923639	0.994472	0.90172	1.09676
3181	ORF3a:H243P	-0.111137	-0.077065	-0.0061816	-0.115198	0.102834	0.993837	0.89119	1.10831
3182	ORF1a:S212L	-0.111335	-0.0772024	-0.00210069	-0.0390816	0.0348802	0.997901	0.961672	1.0355
3183	N:K387R	-0.111361	-0.0772208	-0.0062333	-0.11594	0.103473	0.993786	0.890529	1.10902
3184	N:S183T	-0.11153	-0.0773376	-0.00764808	-0.142051	0.126755	0.992381	0.867577	1.13514
3185	ORF8:R115C	-0.111741	-0.0774846	-0.00486507	-0.0901992	0.0804691	0.995147	0.913749	1.0838
3186	S:S1147L	-0.111884	-0.0775836	-0.00692578	-0.12825	0.114399	0.993098	0.879633	1.1212
3187	ORF8:I76V	-0.112127	-0.077752	-0.00732133	-0.135298	0.120655	0.992705	0.873456	1.12824
3188	S:T33A	-0.112609	-0.0780867	-0.00482634	-0.0888292	0.0791765	0.995185	0.915002	1.0824
3189	ORF1b:G1093S	-0.112621	-0.0780953	-0.00243132	-0.044744	0.0398813	0.997572	0.956242	1.04069
3190	ORF8:P93S	-0.112662	-0.0781236	-0.00530529	-0.0976007	0.0869901	0.994709	0.907011	1.09089
3191	M:I52T	-0.112856	-0.0782584	-0.00421686	-0.0774509	0.0690172	0.995792	0.925472	1.07145
3192	ORF3a:T12I	-0.112892	-0.0782835	-0.00697033	-0.127985	0.114044	0.993054	0.879867	1.1208
3193	N:P80T	-0.11292	-0.0783029	-0.00665653	-0.122194	0.108881	0.993366	0.884976	1.11503
3194	ORF1a:I2501V	-0.11318	-0.0784833	-0.00650975	-0.119241	0.106221	0.993511	0.887594	1.11207
3195	ORF1a:S2303F	-0.113354	-0.0786043	-0.0072107	-0.131888	0.117467	0.992815	0.876439	1.12464
3196	S:R214L	-0.113401	-0.0786365	-0.00358519	-0.06555	0.0583796	0.996421	0.936552	1.06012
3197	S:Q677P	-0.113403	-0.0786379	-0.00630945	-0.115357	0.102738	0.99371	0.891048	1.1082
3198	ORF1b:I1766V	-0.113881	-0.07897	-0.00697966	-0.127104	0.113145	0.993045	0.880642	1.11979
3199	ORF3a:A99S	-0.11391	-0.0789903	-0.00445572	-0.0811218	0.0722104	0.995554	0.922081	1.07488
3200	S:S689N	-0.11414	-0.0791496	-0.00634069	-0.115221	0.102539	0.993679	0.891169	1.10798
3201	ORF1a:L1034F	-0.114744	-0.0795692	-0.00683574	-0.123598	0.109927	0.993188	0.883735	1.1162
3202	ORF1a:P271S	-0.114896	-0.0796744	-0.00387329	-0.0699463	0.0621998	0.996134	0.932444	1.06417
3203	S:P1162R	-0.115177	-0.0798695	-0.00329782	-0.0594169	0.0528212	0.996708	0.942314	1.05424
3204	ORF9b:K4N	-0.11523	-0.0799067	-0.00415524	-0.0748322	0.0665217	0.995853	0.927899	1.06878
3205	ORF1a:T1761I	-0.115299	-0.0799547	-0.00470784	-0.084736	0.0753203	0.995303	0.918755	1.07823
3206	ORF1a:T3775A	-0.115308	-0.0799606	-0.00627478	-0.112931	0.100382	0.993745	0.893212	1.10559
3207	ORF7a:P34H	-0.115441	-0.0800529	-0.00676893	-0.121692	0.108155	0.993254	0.885421	1.11422
3208	ORF1a:L3644F	-0.115752	-0.080269	-0.00360588	-0.0646622	0.0574504	0.996401	0.937384	1.05913
3209	ORF1a:T3506I	-0.115825	-0.0803199	-0.00645532	-0.11569	0.10278	0.993565	0.890751	1.10825
3210	S:V622A	-0.115929	-0.0803918	-0.00628676	-0.112574	0.100001	0.993733	0.893531	1.10517
3211	ORF1a:M3733V	-0.116008	-0.0804468	-0.00766179	-0.137108	0.121785	0.992368	0.871876	1.12951
3212	ORF8:A15V	-0.116295	-0.0806459	-0.00237943	-0.0424809	0.037722	0.997623	0.958409	1.03844
3213	ORF1a:A4357V	-0.116398	-0.0807175	-0.00799129	-0.142552	0.12657	0.992041	0.867142	1.13493
3214	ORF1a:N3484H	-0.116518	-0.0808007	-0.00720998	-0.12849	0.11407	0.992816	0.879422	1.12083
3215	ORF1a:G963C	-0.116558	-0.0808288	-0.0067153	-0.119635	0.106205	0.993307	0.887244	1.11205
3216	ORF1b:D260N	-0.117399	-0.0814125	-0.00742928	-0.13146	0.116602	0.992598	0.876814	1.12367
3217	ORF1a:L2570M	-0.117441	-0.0814415	-0.00839975	-0.148583	0.131783	0.991635	0.861929	1.14086
3218	ORF1b:S425F	-0.117562	-0.081526	-0.00226799	-0.0400792	0.0355432	0.997735	0.960713	1.03618
3219	S:V642A	-0.117622	-0.0815672	-0.00447027	-0.0789596	0.0700191	0.99554	0.924077	1.07253
3220	M:R174Q	-0.117744	-0.0816524	-0.00736581	-0.129977	0.115245	0.992661	0.878116	1.12215
3221	ORF1a:M1647I	-0.118055	-0.0818683	-0.0048515	-0.0853965	0.0756935	0.99516	0.918148	1.07863
3222	ORF1b:M2667I	-0.118483	-0.0821654	-0.00325551	-0.0571085	0.0505975	0.99675	0.944492	1.0519
3223	ORF1a:D1547Y	-0.119294	-0.0827286	-0.00468686	-0.0816904	0.0723167	0.995324	0.921557	1.075
3224	S:V327I	-0.119436	-0.0828269	-0.00743291	-0.129408	0.114542	0.992595	0.878615	1.12136
3225	ORF1a:P1921L	-0.119442	-0.0828312	-0.00709331	-0.12349	0.109303	0.992932	0.883831	1.1155
3226	ORF1b:Q2247H	-0.119894	-0.0831447	-0.00572687	-0.099347	0.0878933	0.99429	0.905429	1.09187
3227	ORF1a:A4148T	-0.119905	-0.0831529	-0.00631668	-0.109569	0.0969352	0.993703	0.896221	1.10179
3228	ORF3a:L41F	-0.120228	-0.0833772	-0.00531483	-0.0919571	0.0813275	0.994699	0.912144	1.08473
3229	S:Q779E	-0.120386	-0.0834863	-0.00624224	-0.10787	0.0953859	0.993777	0.897744	1.10008
3230	ORF7b:L20R	-0.120392	-0.0834907	-0.0069114	-0.119428	0.105605	0.993112	0.887428	1.11138
3231	ORF1a:I4127V	-0.120413	-0.0835056	-0.00760842	-0.13145	0.116234	0.99242	0.876823	1.12326
3232	S:G594S	-0.120635	-0.0836595	-0.00738863	-0.127432	0.112655	0.992639	0.880353	1.11925
3233	ORF10:A28V	-0.120671	-0.0836843	-0.0080593	-0.138961	0.122842	0.991973	0.870262	1.13071
3234	ORF3a:G224V	-0.120727	-0.0837234	-0.0063932	-0.110185	0.0973984	0.993627	0.895669	1.1023
3235	ORF1a:E2212G	-0.120802	-0.0837753	-0.00697674	-0.120172	0.106218	0.993048	0.886768	1.11206
3236	ORF1a:L624F	-0.121233	-0.0840751	-0.0065982	-0.11327	0.100074	0.993424	0.892909	1.10525
3237	ORF7a:M1K	-0.121429	-0.0842111	-0.00328322	-0.0562769	0.0497105	0.996722	0.945277	1.05097
3238	ORF1a:E2031K	-0.121767	-0.0844458	-0.00501307	-0.0857034	0.0756773	0.994999	0.917866	1.07861
3239	ORF1a:V1550F	-0.122157	-0.0847168	-0.0069993	-0.1193	0.105302	0.993025	0.887541	1.11105
3240	ORF1b:Q2635P	-0.12257	-0.0850031	-0.00733924	-0.124698	0.11002	0.992688	0.882763	1.1163
3241	S:E484Q	-0.122974	-0.0852841	-0.00309314	-0.0523916	0.0462053	0.996912	0.948957	1.04729
3242	ORF1a:A2142V	-0.123046	-0.0853341	-0.00635274	-0.107543	0.0948379	0.993667	0.898038	1.09948
3243	ORF1a:L590F	-0.123116	-0.0853825	-0.00267803	-0.0453113	0.0399552	0.997326	0.9557	1.04076
3244	N:S23T	-0.1232	-0.0854408	-0.00730283	-0.123482	0.108876	0.992724	0.883837	1.11502
3245	ORF1b:S442C	-0.123337	-0.0855357	-0.00454563	-0.076781	0.0676898	0.995465	0.926093	1.07003
3246	S:N137K	-0.123841	-0.0858857	-0.00547601	-0.092142	0.08119	0.994539	0.911976	1.08458
3247	ORF1a:T1844I	-0.123946	-0.085959	-0.00773197	-0.129998	0.114534	0.992298	0.878098	1.12135
3248	S:G35S	-0.124064	-0.0860409	-0.00329168	-0.0552936	0.0487103	0.996714	0.946207	1.04992
3249	ORF3a:W131C	-0.124511	-0.0863509	-0.00572725	-0.0958819	0.0844275	0.994289	0.908571	1.08809
3250	ORF1a:I1215T	-0.124672	-0.0864628	-0.00670586	-0.112129	0.098717	0.993317	0.893929	1.10375
3251	ORF8:D34N	-0.124675	-0.0864654	-0.00563927	-0.0942916	0.0830131	0.994377	0.910017	1.08656
3252	ORF7a:L96P	-0.124679	-0.0864681	-0.00675361	-0.112921	0.0994135	0.993269	0.893221	1.10452
3253	S:I1232F	-0.124892	-0.086616	-0.00641459	-0.10708	0.0942511	0.993606	0.898454	1.09884
3254	ORF1b:T792I	-0.12552	-0.0870522	-0.00806012	-0.133917	0.117796	0.991972	0.874663	1.12502
3255	ORF1a:A583T	-0.125521	-0.0870528	-0.00681601	-0.113245	0.0996134	0.993207	0.892932	1.10474
3256	ORF1a:P4211T	-0.125856	-0.0872855	-0.00726358	-0.12038	0.105852	0.992763	0.886584	1.11166
3257	ORF1a:V1291I	-0.126008	-0.0873911	-0.0060122	-0.0995274	0.087503	0.994006	0.905265	1.09145
3258	ORF1a:D1554A	-0.12607	-0.0874339	-0.00306105	-0.0506501	0.044528	0.996944	0.950611	1.04553
3259	ORF1b:Q1878H	-0.126556	-0.0877718	-0.00651665	-0.107439	0.094406	0.993505	0.898131	1.09901
3260	ORF1b:Q1867K	-0.126737	-0.0878972	-0.00546893	-0.0900449	0.0791071	0.994546	0.91389	1.08232
3261	ORF1b:E735D	-0.127055	-0.0881183	-0.00466691	-0.0766591	0.0673253	0.995344	0.926206	1.06964
3262	ORF1a:Q1757L	-0.12769	-0.0885591	-0.00755777	-0.123565	0.10845	0.992471	0.883764	1.11455
3263	ORF1a:I2138V	-0.127748	-0.0885996	-0.00737145	-0.120467	0.105724	0.992656	0.886506	1.11152
3264	ORF8:E19STOP	-0.127771	-0.0886153	-0.00274508	-0.0448537	0.0393636	0.997259	0.956137	1.04015
3265	ORF1a:N1080D	-0.128028	-0.0887939	-0.00471366	-0.0768746	0.0674473	0.995297	0.926006	1.06977
3266	ORF1a:T1004P	-0.128244	-0.0889442	-0.00677106	-0.110253	0.0967114	0.993252	0.895607	1.10154
3267	ORF1a:N3212T	-0.128286	-0.0889733	-0.00697386	-0.113521	0.0995732	0.99305	0.892686	1.1047
3268	ORF3a:K61T	-0.128288	-0.0889748	-0.00824643	-0.134234	0.117741	0.991787	0.874386	1.12495
3269	ORF1a:K1319E	-0.128417	-0.0890641	-0.00368831	-0.0599812	0.0526046	0.996318	0.941782	1.05401
3270	ORF1b:A176V	-0.128521	-0.0891366	-0.00211334	-0.0343419	0.0301153	0.997889	0.966241	1.03057
3271	ORF1b:F2330L	-0.128838	-0.0893566	-0.00505864	-0.0820138	0.0718966	0.994954	0.921259	1.07454
3272	ORF3a:I263T	-0.129098	-0.0895369	-0.00793191	-0.128354	0.112491	0.992099	0.879542	1.11906
3273	ORF1a:M1014I	-0.12929	-0.0896707	-0.00557512	-0.0900906	0.0789404	0.99444	0.913848	1.08214
3274	ORF1b:Y264H	-0.129368	-0.0897249	-0.00322085	-0.0520176	0.0455759	0.996784	0.949312	1.04663
3275	S:I794T	-0.129939	-0.0901214	-0.00800532	-0.128755	0.112745	0.992027	0.879189	1.11935
3276	ORF3a:G188S	-0.130033	-0.0901865	-0.0058814	-0.0945308	0.082768	0.994136	0.9098	1.08629
3277	ORF1b:V1170F	-0.130058	-0.0902042	-0.00510951	-0.0821092	0.0718902	0.994904	0.921171	1.07454
3278	ORF14:L65F	-0.130107	-0.0902377	-0.00771386	-0.123918	0.10849	0.992316	0.883452	1.11459
3279	ORF1a:Q1592R	-0.13017	-0.0902815	-0.0037403	-0.060058	0.0525774	0.996267	0.94171	1.05398
3280	ORF1a:S443F	-0.130566	-0.0905571	-0.00306386	-0.0490563	0.0429286	0.996941	0.952128	1.04386
3281	S:T588S	-0.130593	-0.0905756	-0.00792829	-0.126918	0.111061	0.992103	0.880806	1.11746
3282	ORF1a:Y1814C	-0.130658	-0.0906207	-0.0078163	-0.125067	0.109434	0.992214	0.882438	1.11565
3283	S:H69Y	-0.130902	-0.0907902	-0.0083671	-0.133646	0.116912	0.991668	0.8749	1.12402
3284	ORF1a:Q501K	-0.131609	-0.0912812	-0.00380987	-0.0605478	0.0529281	0.996197	0.941249	1.05435
3285	S:I1225V	-0.131639	-0.0913022	-0.00815192	-0.129525	0.113222	0.991881	0.878512	1.11988
3286	ORF14:Q46L	-0.131646	-0.091307	-0.00757675	-0.120381	0.105227	0.992452	0.886583	1.11096
3287	ORF1a:K1763N	-0.132081	-0.0916095	-0.00645784	-0.102286	0.0893706	0.993563	0.902771	1.09349
3288	S:I1232V	-0.132427	-0.0918493	-0.00689108	-0.108882	0.0950996	0.993133	0.896836	1.09977
3289	ORF1a:I2854V	-0.132429	-0.0918509	-0.00849673	-0.13425	0.117256	0.991539	0.874372	1.12441
3290	ORF1a:I664V	-0.132827	-0.0921272	-0.00710457	-0.111938	0.0977292	0.992921	0.894099	1.10266
3291	ORF1b:D1825G	-0.133148	-0.0923503	-0.00817278	-0.128478	0.112132	0.991861	0.879433	1.11866
3292	ORF1a:N1651K	-0.133275	-0.0924385	-0.00801001	-0.125807	0.109787	0.992022	0.881785	1.11604
3293	ORF1a:S3099L	-0.13374	-0.0927617	-0.00826716	-0.129423	0.112888	0.991767	0.878603	1.11951
3294	ORF1a:V1143F	-0.134596	-0.0933565	-0.00825551	-0.128471	0.11196	0.991778	0.879439	1.11847
3295	ORF1b:S961L	-0.134735	-0.0934528	-0.00373747	-0.0581059	0.050631	0.99627	0.94355	1.05193
3296	ORF1a:K2533R	-0.134895	-0.0935646	-0.00441813	-0.0686114	0.0597752	0.995592	0.933689	1.0616
3297	N:D415H	-0.135037	-0.0936628	-0.00783614	-0.121572	0.1059	0.992194	0.885527	1.11171
3298	ORF1a:E1724D	-0.135678	-0.0941084	-0.00255652	-0.0394871	0.0343741	0.997447	0.961282	1.03497
3299	ORF1b:V658I	-0.13574	-0.0941516	-0.00785866	-0.12133	0.105613	0.992172	0.885741	1.11139
3300	ORF1a:V2665I	-0.136295	-0.0945368	-0.00579967	-0.0892008	0.0776015	0.994217	0.914662	1.08069
3301	S:R765H	-0.136786	-0.0948782	-0.00416085	-0.0637803	0.0554586	0.995848	0.938211	1.05703
3302	ORF1a:V2866M	-0.136948	-0.0949905	-0.00906172	-0.138751	0.120627	0.990979	0.870445	1.1282
3303	S:G219D	-0.136953	-0.0949943	-0.00764347	-0.117031	0.101744	0.992386	0.889558	1.1071
3304	M:A2S	-0.137535	-0.0953986	-0.0024168	-0.0368578	0.0320242	0.997586	0.963813	1.03254
3305	ORF3a:A31V	-0.13774	-0.0955411	-0.00770392	-0.117326	0.101918	0.992326	0.889295	1.10729
3306	ORF1a:E933V	-0.138021	-0.0957364	-0.00753107	-0.114476	0.0994136	0.992497	0.891834	1.10452
3307	ORF1a:P892L	-0.138186	-0.0958507	-0.00251661	-0.038211	0.0331778	0.997487	0.96251	1.03373
3308	ORF1a:V874F	-0.138367	-0.0959763	-0.00681197	-0.103304	0.0896797	0.993211	0.901853	1.09382
3309	ORF1a:N1898S	-0.138546	-0.0961008	-0.00251829	-0.0381437	0.0331072	0.997485	0.962575	1.03366
3310	ORF7a:A50S	-0.138639	-0.0961657	-0.00735549	-0.111341	0.0966303	0.992671	0.894633	1.10145
3311	S:T883I	-0.138713	-0.096217	-0.00364205	-0.0551029	0.0478188	0.996365	0.946388	1.04898
3312	ORF1b:S2294G	-0.138963	-0.096391	-0.00505699	-0.0763817	0.0662678	0.994956	0.926462	1.06851
3313	ORF1a:Q991H	-0.139206	-0.0965598	-0.0079616	-0.120057	0.104134	0.99207	0.88687	1.10975
3314	ORF1a:A3755S	-0.139305	-0.096628	-0.00793984	-0.119651	0.103771	0.992092	0.88723	1.10935
3315	ORF1a:T814I	-0.139837	-0.0969978	-0.00170354	-0.0255806	0.0221735	0.998298	0.974744	1.02242
3316	ORF1a:V3747I	-0.140192	-0.0972448	-0.00796102	-0.119261	0.103339	0.992071	0.887577	1.10887
3317	ORF1a:W2327C	-0.140229	-0.0972704	-0.00907936	-0.13598	0.117822	0.990962	0.87286	1.12504
3318	ORF3a:I118T	-0.140487	-0.0974495	-0.00799897	-0.119595	0.103597	0.992033	0.88728	1.10915
3319	ORF3a:I169V	-0.140689	-0.09759	-0.00838664	-0.125223	0.108449	0.991648	0.882301	1.11455
3320	ORF1a:V2047I	-0.141073	-0.0978568	-0.00630065	-0.0938373	0.0812361	0.993719	0.910431	1.08463
3321	ORF1a:Y196H	-0.14154	-0.0981814	-0.00784406	-0.116464	0.100776	0.992187	0.890062	1.10603
3322	ORF1a:L1110I	-0.141545	-0.0981849	-0.00882405	-0.13101	0.113362	0.991215	0.877209	1.12004
3323	S:A522S	-0.141646	-0.0982552	-0.00545868	-0.0809907	0.0700734	0.994556	0.922202	1.07259
3324	ORF7b:N38I	-0.142203	-0.0986425	-0.00620928	-0.0917906	0.0793721	0.99381	0.912296	1.08261
3325	S:I670M	-0.142567	-0.0988954	-0.0080329	-0.118466	0.102401	0.991999	0.888282	1.10783
3326	ORF1a:L469F	-0.14318	-0.0993212	-0.00414044	-0.0608182	0.0525373	0.995868	0.940994	1.05394
3327	ORF1a:E1192K	-0.144224	-0.100047	-0.00757769	-0.110556	0.0954009	0.992451	0.895336	1.1001
3328	N:M210I	-0.144235	-0.100055	-0.00655228	-0.0955889	0.0824843	0.993469	0.908838	1.08598
3329	ORF9b:M26I	-0.145013	-0.100595	-0.00877121	-0.127321	0.109779	0.991267	0.880451	1.11603
3330	ORF1b:D161G	-0.145043	-0.100616	-0.00705538	-0.102395	0.0882838	0.992969	0.902673	1.0923
3331	ORF1a:Q2034H	-0.14521	-0.100732	-0.00566279	-0.0820962	0.0707706	0.994353	0.921183	1.07334
3332	ORF1b:A1609S	-0.145314	-0.100805	-0.00459356	-0.0665503	0.0573632	0.995417	0.935616	1.05904
3333	ORF1a:E2268D	-0.145484	-0.100923	-0.00843112	-0.122015	0.105153	0.991604	0.885135	1.11088
3334	S:F490I	-0.145673	-0.101054	-0.00832434	-0.120325	0.103676	0.99171	0.886632	1.10924
3335	S:T1006A	-0.145698	-0.101071	-0.00873184	-0.126194	0.108731	0.991306	0.881443	1.11486
3336	ORF1b:D1956G	-0.145839	-0.101169	-0.00902657	-0.130337	0.112284	0.991014	0.8778	1.11883
3337	ORF8:T12I	-0.146284	-0.101479	-0.00846935	-0.121944	0.105006	0.991566	0.885198	1.11072
3338	ORF1b:T595A	-0.146396	-0.101556	-0.00848248	-0.122047	0.105082	0.991553	0.885107	1.1108
3339	ORF1b:R1078L	-0.146432	-0.101582	-0.00748932	-0.107732	0.0927535	0.992539	0.897868	1.09719
3340	S:D80H	-0.146456	-0.101598	-0.00736455	-0.105922	0.0911925	0.992662	0.899495	1.09548
3341	ORF1a:Q3777H	-0.146508	-0.101634	-0.00429534	-0.0617579	0.0531673	0.995714	0.94011	1.05461
3342	ORF1a:A2279T	-0.146577	-0.101682	-0.00580219	-0.0833865	0.0717822	0.994215	0.919995	1.07442
3343	ORF1a:G514E	-0.146577	-0.101682	-0.00969282	-0.139301	0.119915	0.990354	0.869966	1.1274
3344	ORF1a:S1189N	-0.146716	-0.101779	-0.00396191	-0.0568886	0.0489648	0.996046	0.944699	1.05018
3345	ORF1a:G1509S	-0.146924	-0.101923	-0.00906788	-0.130033	0.111898	0.990973	0.878066	1.1184
3346	ORF1a:V3281A	-0.147657	-0.102433	-0.00713184	-0.101798	0.0875345	0.992894	0.903212	1.09148
3347	ORF1a:L1556I	-0.147791	-0.102526	-0.0063721	-0.090877	0.0781328	0.993648	0.91313	1.08127
3348	N:Q39L	-0.148063	-0.102715	-0.00391671	-0.0557635	0.0479301	0.996091	0.945763	1.0491
3349	ORF3a:V237I	-0.148292	-0.102875	-0.00883474	-0.125602	0.107933	0.991204	0.881965	1.11397
3350	ORF1a:Q946H	-0.149492	-0.103708	-0.00791815	-0.111732	0.0958953	0.992113	0.894284	1.10064
3351	S:D88E	-0.14961	-0.10379	-0.0064228	-0.0905648	0.0777192	0.993598	0.913415	1.08082
3352	S:D111N	-0.149968	-0.10404	-0.00478776	-0.0673599	0.0577844	0.995224	0.934859	1.05949
3353	S:W886L	-0.150154	-0.104169	-0.00818022	-0.114957	0.0985962	0.991853	0.891405	1.10362
3354	S:G1219V	-0.150325	-0.104288	-0.00274696	-0.0385623	0.0330684	0.997257	0.962172	1.03362
3355	ORF1a:P2079S	-0.151189	-0.104888	-0.00860418	-0.120146	0.102938	0.991433	0.886791	1.10842
3356	ORF1a:A1074D	-0.151309	-0.104971	-0.00686263	-0.095757	0.0820318	0.993161	0.908685	1.08549
3357	ORF1b:M1765I	-0.151699	-0.105243	-0.00971535	-0.135238	0.115808	0.990332	0.873508	1.12278
3358	ORF7a:Q90STOP	-0.151795	-0.10531	-0.00860602	-0.119726	0.102514	0.991431	0.887164	1.10795
3359	ORF1a:L2447I	-0.15195	-0.105417	-0.00858755	-0.119356	0.102181	0.991449	0.887492	1.10758
3360	ORF1a:S318L	-0.15206	-0.105494	-0.00690486	-0.0959044	0.0820947	0.993119	0.908551	1.08556
3361	ORF1a:R1464W	-0.15208	-0.105508	-0.00260839	-0.0362246	0.0310078	0.997395	0.964424	1.03149
3362	ORF9b:G31V	-0.152123	-0.105537	-0.00639331	-0.0887652	0.0759786	0.993627	0.91506	1.07894
3363	N:R209I	-0.1522	-0.105591	-0.00314171	-0.0435993	0.0373159	0.996863	0.957337	1.03802
3364	ORF1a:I1215V	-0.152784	-0.105997	-0.00876818	-0.12125	0.103713	0.99127	0.885813	1.10928
3365	ORF1a:T1444N	-0.152962	-0.10612	-0.00313999	-0.0433741	0.0370941	0.996865	0.957553	1.03779
3366	ORF8:V81A	-0.152974	-0.106129	-0.00868072	-0.119902	0.10254	0.991357	0.887008	1.10798
3367	S:V597I	-0.153056	-0.106186	-0.00928713	-0.128214	0.10964	0.990756	0.879665	1.11588
3368	S:I312V	-0.153868	-0.10675	-0.00853737	-0.117286	0.100212	0.991499	0.889331	1.1054
3369	ORF1a:S3001N	-0.154359	-0.107092	-0.00889733	-0.121871	0.104076	0.991142	0.885263	1.10969
3370	ORF1a:S2552A	-0.154763	-0.107373	-0.00516615	-0.0705919	0.0602596	0.994847	0.931842	1.06211
3371	N:N213I	-0.154846	-0.107431	-0.00928001	-0.126742	0.108182	0.990763	0.880961	1.11425
3372	S:M1237I	-0.155147	-0.10764	-0.0102947	-0.140348	0.119758	0.989758	0.869056	1.12722
3373	ORF3a:P240S	-0.155337	-0.107772	-0.00522098	-0.0710967	0.0606547	0.994793	0.931372	1.06253
3374	ORF1a:L3086F	-0.155615	-0.107966	-0.00413368	-0.056197	0.0479297	0.995875	0.945353	1.0491
3375	ORF1a:N1324S	-0.155745	-0.108055	-0.00476314	-0.0647048	0.0551785	0.995248	0.937344	1.05673
3376	ORF1a:S771C	-0.155956	-0.108203	-0.0032946	-0.0446991	0.0381099	0.996711	0.956285	1.03885
3377	ORF1a:A4162V	-0.156052	-0.108269	-0.00501704	-0.0680294	0.0579953	0.994996	0.934233	1.05971
3378	ORF7a:P84L	-0.156447	-0.108544	-0.00874724	-0.118332	0.100838	0.991291	0.888401	1.1061
3379	ORF1a:L4386F	-0.156579	-0.108636	-0.00964414	-0.130364	0.111075	0.990402	0.877776	1.11748
3380	ORF1b:D1848Y	-0.156964	-0.108903	-0.00974764	-0.131464	0.111969	0.9903	0.876811	1.11848
3381	ORF1b:Y1344H	-0.157124	-0.109015	-0.00892726	-0.120286	0.102431	0.991112	0.886667	1.10786
3382	ORF1a:V4147I	-0.15738	-0.109193	-0.00944707	-0.127098	0.108204	0.990597	0.880648	1.11427
3383	ORF1a:E4388K	-0.157413	-0.109216	-0.00918569	-0.123557	0.105186	0.990856	0.883771	1.11092
3384	ORF1a:A498V	-0.158137	-0.109719	-0.00459438	-0.0615376	0.0523488	0.995416	0.940318	1.05374
3385	S:K811E	-0.159167	-0.110436	-0.00856998	-0.1141	0.0969596	0.991467	0.892169	1.10182
3386	ORF1a:A566V	-0.1597	-0.110806	-0.00679882	-0.0902392	0.0766416	0.993224	0.913713	1.07966
3387	ORF1b:T1522I	-0.159815	-0.110886	-0.00266313	-0.0353236	0.0299974	0.99734	0.965293	1.03045
3388	ORF3a:Y109C	-0.159995	-0.111011	-0.0073806	-0.0977938	0.0830326	0.992647	0.906836	1.08658
3389	ORF1a:L1182F	-0.160141	-0.111112	-0.00990294	-0.131105	0.111299	0.990146	0.877125	1.11773
3390	M:E11D	-0.160232	-0.111176	-0.00850055	-0.112479	0.0954781	0.991535	0.893616	1.10018
3391	S:M1229T	-0.160971	-0.11169	-0.00445905	-0.0587517	0.0498336	0.995551	0.942941	1.0511
3392	ORF1a:S2273F	-0.161534	-0.112082	-0.0108082	-0.141948	0.120332	0.98925	0.867666	1.12787
3393	ORF1a:E352D	-0.161556	-0.112097	-0.00959083	-0.125944	0.106763	0.990455	0.881664	1.11267
3394	M:H125Y	-0.16243	-0.112705	-0.00315149	-0.041179	0.034876	0.996853	0.959657	1.03549
3395	S:N30K	-0.162607	-0.112828	-0.00930785	-0.121499	0.102883	0.990735	0.885592	1.10836
3396	ORF1b:I457V	-0.162804	-0.112965	-0.00349571	-0.0455798	0.0385884	0.99651	0.955443	1.03934
3397	ORF1a:S1102G	-0.162901	-0.113032	-0.00350966	-0.0457367	0.0387174	0.996496	0.955293	1.03948
3398	ORF1a:T283I	-0.163227	-0.113259	-0.0101894	-0.132539	0.11216	0.989862	0.875869	1.11869
3399	N:V72I	-0.16345	-0.113414	-0.00568151	-0.0738098	0.0624468	0.994335	0.928848	1.06444
3400	ORF1a:I3619T	-0.163831	-0.113679	-0.00915376	-0.118663	0.100356	0.990888	0.888107	1.10556
3401	ORF1a:T1543K	-0.164184	-0.113924	-0.0051247	-0.0663015	0.0560521	0.994888	0.935849	1.05765
3402	ORF3a:W131L	-0.165011	-0.1145	-0.0104521	-0.134601	0.113696	0.989602	0.874065	1.12041
3403	ORF1a:C936Y	-0.165555	-0.114878	-0.010507	-0.134897	0.113883	0.989548	0.873806	1.12062
3404	ORF1b:V957I	-0.166857	-0.115784	-0.00826966	-0.105408	0.0888687	0.991764	0.899957	1.09294
3405	E:V75L	-0.166889	-0.115806	-0.0103087	-0.131375	0.110757	0.989744	0.876889	1.11712
3406	ORF1b:T2171N	-0.167243	-0.116053	-0.00499503	-0.0635331	0.053543	0.995017	0.938443	1.055
3407	N:D377V	-0.16748	-0.116217	-0.00757135	-0.0961765	0.0810339	0.992457	0.908304	1.08441
3408	S:D253Y	-0.16763	-0.116322	-0.0106616	-0.135319	0.113996	0.989395	0.873437	1.12075
3409	N:R32H	-0.168027	-0.116598	-0.00992886	-0.125745	0.105887	0.99012	0.88184	1.1117
3410	ORF1a:V1339I	-0.168263	-0.116762	-0.00588154	-0.0743909	0.0626279	0.994136	0.928309	1.06463
3411	ORF1a:M1378I	-0.169242	-0.117444	-0.00739532	-0.0930392	0.0782486	0.992632	0.911158	1.08139
3412	ORF1b:M2269I	-0.169811	-0.11784	-0.00745328	-0.093479	0.0785725	0.992574	0.910757	1.08174
3413	ORF1b:S1408L	-0.169944	-0.117932	-0.00528611	-0.0662509	0.0556787	0.994728	0.935896	1.05726
3414	S:F79S	-0.169968	-0.117949	-0.00376615	-0.0471949	0.0396627	0.996241	0.953901	1.04046
3415	ORF1b:P1452L	-0.17045	-0.118284	-0.00671171	-0.0838881	0.0704647	0.993311	0.919534	1.07301
3416	ORF14:A48S	-0.170458	-0.11829	-0.00845645	-0.10569	0.0887775	0.991579	0.899703	1.09284
3417	ORF1b:K1447N	-0.170624	-0.118405	-0.00879945	-0.109879	0.09228	0.991239	0.895943	1.09667
3418	ORF1a:T4354I	-0.17086	-0.118569	-0.00882046	-0.110002	0.0923608	0.991218	0.895833	1.09676
3419	ORF1a:S1952L	-0.171054	-0.118704	-0.00454493	-0.0566214	0.0475316	0.995465	0.944952	1.04868
3420	M:L16I	-0.171256	-0.118845	-0.00976617	-0.121536	0.102004	0.990281	0.885559	1.10739
3421	S:G181A	-0.171503	-0.119016	-0.00800701	-0.0995126	0.0834986	0.992025	0.905279	1.08708
3422	ORF1b:V311L	-0.172096	-0.119429	-0.0103877	-0.128691	0.107916	0.989666	0.879245	1.11395
3423	ORF1b:V2691F	-0.17215	-0.119466	-0.00830716	-0.102886	0.0862718	0.991727	0.90223	1.0901
3424	ORF9b:E7K	-0.172814	-0.119929	-0.00824915	-0.101807	0.0853083	0.991785	0.903204	1.08905
3425	M:V70L	-0.172992	-0.120053	-0.00367522	-0.0453148	0.0379643	0.996332	0.955697	1.03869
3426	N:S78G	-0.173107	-0.120133	-0.0101181	-0.124678	0.104442	0.989933	0.882781	1.11009
3427	ORF1a:R119H	-0.173233	-0.120221	-0.0105121	-0.129446	0.108422	0.989543	0.878582	1.11452
3428	ORF1a:S3547G	-0.173408	-0.120342	-0.00697745	-0.085841	0.0718862	0.993047	0.91774	1.07453
3429	ORF1a:G2265S	-0.173808	-0.120621	-0.0101248	-0.124299	0.104049	0.989926	0.883116	1.10965
3430	ORF1a:L293I	-0.173915	-0.120695	-0.00837677	-0.10278	0.0860266	0.991658	0.902325	1.08984
3431	ORF10:Q29STOP	-0.174054	-0.120792	-0.00469443	-0.0575567	0.0481678	0.995317	0.944068	1.04935
3432	ORF1a:T4161N	-0.174101	-0.120824	-0.0105916	-0.129827	0.108644	0.989464	0.878247	1.11477
3433	ORF1a:Y621C	-0.174244	-0.120924	-0.00981622	-0.120233	0.1006	0.990232	0.886714	1.10583
3434	ORF3a:V77F	-0.174504	-0.121105	-0.00582443	-0.0712422	0.0595934	0.994192	0.931236	1.0614
3435	ORF1a:N2603D	-0.174734	-0.121265	-0.00492658	-0.0601873	0.0503341	0.995086	0.941588	1.05162
3436	ORF6:M58K	-0.175051	-0.121485	-0.00967546	-0.118007	0.0986562	0.990371	0.88869	1.10369
3437	N:H300Q	-0.175081	-0.121507	-0.0115498	-0.140845	0.117745	0.988517	0.868624	1.12496
3438	S:N370S	-0.175473	-0.121779	-0.00570032	-0.0693706	0.05797	0.994316	0.932981	1.05968
3439	ORF1a:V2996I	-0.175495	-0.121795	-0.00308987	-0.0375981	0.0314184	0.996915	0.9631	1.03192
3440	S:Q677E	-0.175751	-0.121972	-0.00899419	-0.109297	0.0913087	0.991046	0.896464	1.09561
3441	ORF3a:T176I	-0.176258	-0.122325	-0.00976992	-0.11841	0.0988705	0.990278	0.888332	1.10392
3442	ORF1a:G524D	-0.176364	-0.122399	-0.00955536	-0.115746	0.096635	0.99049	0.890702	1.10146
3443	ORF1b:T1996M	-0.176379	-0.12241	-0.00935542	-0.113315	0.0946042	0.990688	0.892869	1.09922
3444	ORF3a:F230L	-0.176476	-0.122477	-0.0106119	-0.128468	0.107245	0.989444	0.879441	1.11321
3445	ORF1b:P314F	-0.176504	-0.122497	-0.00255546	-0.0309323	0.0258214	0.997448	0.969541	1.02616
3446	S:V1068F	-0.176638	-0.12259	-0.00558465	-0.0675516	0.0563823	0.994431	0.93468	1.058
3447	ORF1a:S2389L	-0.176805	-0.122706	-0.0102907	-0.124368	0.103787	0.989762	0.883055	1.10936
3448	ORF1a:P769S	-0.177369	-0.123098	-0.0041116	-0.0495457	0.0413225	0.995897	0.951662	1.04219
3449	ORF1a:T3150I	-0.177477	-0.123174	-0.0109995	-0.132472	0.110473	0.989061	0.875928	1.11681
3450	N:Q260L	-0.177966	-0.123514	-0.0105359	-0.126569	0.105497	0.989519	0.881113	1.11126
3451	N:S26C	-0.178186	-0.123668	-0.011254	-0.135043	0.112535	0.988809	0.873678	1.11911
3452	S:T573I	-0.178273	-0.123728	-0.00390336	-0.0468176	0.0390109	0.996104	0.954261	1.03978
3453	S:K1181I	-0.178582	-0.123943	-0.00888714	-0.106425	0.0886503	0.991152	0.899043	1.0927
3454	ORF1b:R1430K	-0.178922	-0.12418	-0.0106239	-0.127001	0.105754	0.989432	0.880732	1.11155
3455	S:T307I	-0.179117	-0.124316	-0.00363634	-0.0434264	0.0361538	0.99637	0.957503	1.03682
3456	ORF1b:I2378L	-0.179761	-0.124764	-0.0026495	-0.0315375	0.0262385	0.997354	0.968955	1.02659
3457	ORF3a:T24I	-0.179878	-0.124845	-0.0039628	-0.0471419	0.0392163	0.996045	0.953952	1.04
3458	ORF1b:M187I	-0.180239	-0.125097	-0.00559338	-0.066417	0.0552303	0.994422	0.935741	1.05678
3459	ORF1b:D1130G	-0.180291	-0.125133	-0.00436734	-0.0518451	0.0431104	0.995642	0.949476	1.04405
3460	ORF1b:D1869Y	-0.180611	-0.125356	-0.00792211	-0.0938915	0.0780473	0.992109	0.910382	1.08117
3461	ORF1a:R207C	-0.180697	-0.125416	-0.00840829	-0.0996102	0.0827937	0.991627	0.90519	1.08632
3462	ORF1a:A4016T	-0.180863	-0.125531	-0.010805	-0.127896	0.106286	0.989253	0.879945	1.11214
3463	ORF3a:I158V	-0.181019	-0.125639	-0.0108391	-0.128198	0.10652	0.989219	0.879679	1.1124
3464	ORF1a:L1130F	-0.181273	-0.125816	-0.0107644	-0.127152	0.105623	0.989293	0.8806	1.1114
3465	S:P681L	-0.182968	-0.126996	-0.00526681	-0.0616852	0.0511516	0.994747	0.940179	1.05248
3466	ORF8:F41C	-0.183244	-0.127188	-0.0102436	-0.119809	0.0993214	0.989809	0.88709	1.10442
3467	ORF8:A51T	-0.183468	-0.127345	-0.00660003	-0.0771071	0.0639071	0.993422	0.925791	1.06599
3468	ORF1b:I235V	-0.183506	-0.127371	-0.00254851	-0.0297682	0.0246712	0.997455	0.970671	1.02498
3469	ORF1a:A872T	-0.183976	-0.127698	-0.0110476	-0.128741	0.106646	0.989013	0.879201	1.11254
3470	ORF1a:P276S	-0.184183	-0.127842	-0.0116903	-0.136091	0.112711	0.988378	0.872763	1.11931
3471	ORF1a:D3222A	-0.186175	-0.129229	-0.0100225	-0.115534	0.0954894	0.990028	0.89089	1.1002
3472	ORF8:S69L	-0.186671	-0.129574	-0.00602683	-0.069306	0.0572524	0.993991	0.933041	1.05892
3473	ORF1a:D1939Y	-0.186823	-0.129681	-0.0102374	-0.117638	0.0971629	0.989815	0.889018	1.10204
3474	ORF1a:F2864L	-0.186824	-0.129681	-0.013164	-0.151267	0.124939	0.986922	0.859618	1.13308
3475	ORF1b:T2548I	-0.187592	-0.130216	-0.0045715	-0.0523347	0.0431918	0.995439	0.949011	1.04414
3476	ORF3a:S180F	-0.187724	-0.130308	-0.00616291	-0.0705079	0.0581821	0.993856	0.93192	1.05991
3477	S:K187I	-0.187989	-0.130492	-0.0106948	-0.122199	0.100809	0.989362	0.884973	1.10607
3478	ORF1a:D4165G	-0.188084	-0.130558	-0.0066132	-0.0755275	0.0623011	0.993409	0.927254	1.06428
3479	ORF9b:L64F	-0.188097	-0.130567	-0.0104411	-0.119237	0.0983546	0.989613	0.887598	1.10335
3480	ORF1a:L4191F	-0.188771	-0.131037	-0.00682743	-0.077715	0.0640601	0.993196	0.925228	1.06616
3481	ORF9b:P17L	-0.189022	-0.131212	-0.0110567	-0.125703	0.10359	0.989004	0.881877	1.10915
3482	S:H66Y	-0.189347	-0.131438	-0.00982439	-0.111518	0.0918696	0.990224	0.894475	1.09622
3483	N:G204L	-0.189667	-0.131661	-0.00329605	-0.0373565	0.0307644	0.996709	0.963333	1.03124
3484	ORF1a:D953Y	-0.190636	-0.132336	-0.0115302	-0.130074	0.107014	0.988536	0.878031	1.11295
3485	ORF1a:Q3966H	-0.191447	-0.132901	-0.00499295	-0.0561089	0.046123	0.995019	0.945436	1.0472
3486	ORF1a:A4396V	-0.191868	-0.133194	-0.00409967	-0.0459785	0.0377791	0.995909	0.955063	1.0385
3487	N:L161F	-0.192099	-0.133355	-0.00495799	-0.0555437	0.0456277	0.995054	0.945971	1.04668
3488	ORF8:T11K	-0.19221	-0.133432	-0.00311011	-0.0348238	0.0286036	0.996895	0.965776	1.02902
3489	ORF1b:D1869G	-0.193591	-0.134394	-0.0103512	-0.115149	0.0944469	0.989702	0.891233	1.09905
3490	ORF8:I10T	-0.193846	-0.134572	-0.0118529	-0.131697	0.107991	0.988217	0.876607	1.11404
3491	ORF1a:Y3722C	-0.195443	-0.135684	-0.01013	-0.111717	0.0914572	0.989921	0.894297	1.09577
3492	S:L841F	-0.196183	-0.1362	-0.0121407	-0.133432	0.109151	0.987933	0.875087	1.11533
3493	ORF1a:S2396I	-0.196214	-0.136221	-0.00640628	-0.0703979	0.0575854	0.993614	0.932023	1.05928
3494	ORF1b:L629F	-0.197237	-0.136934	-0.00822871	-0.0899983	0.0735409	0.991805	0.913933	1.07631
3495	ORF1a:V1211I	-0.197513	-0.137127	-0.0107828	-0.117782	0.0962169	0.989275	0.888889	1.101
3496	S:Q607H	-0.198215	-0.137615	-0.0130639	-0.142241	0.116113	0.987021	0.867412	1.12312
3497	ORF9b:D2N	-0.198537	-0.13784	-0.0121797	-0.132418	0.108058	0.987894	0.875975	1.11411
3498	ORF1a:T1581A	-0.198942	-0.138122	-0.0125478	-0.136167	0.111072	0.987531	0.872697	1.11748
3499	ORF3a:E261STOP	-0.199339	-0.138399	-0.00629241	-0.0681614	0.0555766	0.993727	0.93411	1.05715
3500	ORF1a:V4128I	-0.200881	-0.139473	-0.0106602	-0.11467	0.09335	0.989396	0.89166	1.09785
3501	ORF1b:D472A	-0.201203	-0.139698	-0.00395899	-0.0425244	0.0346064	0.996049	0.958367	1.03521
3502	ORF1a:T3579I	-0.201595	-0.139971	-0.00712548	-0.0764014	0.0621505	0.9929	0.926444	1.06412
3503	ORF1b:A302S	-0.204001	-0.141648	-0.00746903	-0.0792284	0.0642904	0.992559	0.923829	1.0664
3504	ORF3a:A143T	-0.205486	-0.142683	-0.0103706	-0.109288	0.0885463	0.989683	0.896473	1.09258
3505	ORF1a:T1828N	-0.205551	-0.142728	-0.0122616	-0.129179	0.104655	0.987813	0.878817	1.11033
3506	N:K249R	-0.206263	-0.143224	-0.00884853	-0.0929296	0.0752326	0.99119	0.911258	1.07813
3507	ORF1a:I2873T	-0.207641	-0.144185	-0.0117384	-0.122539	0.0990622	0.98833	0.884671	1.10414
3508	S:A292S	-0.208402	-0.144715	-0.0129196	-0.134425	0.108586	0.987164	0.874219	1.1147
3509	ORF3a:W149C	-0.20855	-0.144818	-0.0064548	-0.0671174	0.0542078	0.993566	0.935085	1.0557
3510	ORF1b:K1957R	-0.209688	-0.145612	-0.012732	-0.131739	0.106275	0.987349	0.87657	1.11213
3511	N:Q289H	-0.209767	-0.145667	-0.011121	-0.115031	0.0927885	0.988941	0.891339	1.09723
3512	ORF7a:S98F	-0.209871	-0.145739	-0.00642387	-0.0664159	0.0535682	0.993597	0.935742	1.05503
3513	N:G236D	-0.210403	-0.14611	-0.0128495	-0.132546	0.106847	0.987233	0.875863	1.11276
3514	S:R847K	-0.210506	-0.146182	-0.00480991	-0.0495936	0.0399738	0.995202	0.951616	1.04078
3515	S:N978S	-0.210668	-0.146295	-0.00786147	-0.0810012	0.0652783	0.992169	0.922193	1.06746
3516	S:T22I	-0.21091	-0.146464	-0.00870756	-0.0896259	0.0722108	0.99133	0.914273	1.07488
3517	ORF1a:T2264I	-0.212259	-0.147404	-0.00821096	-0.0840296	0.0676077	0.991823	0.919404	1.06995
3518	S:L585F	-0.212276	-0.147416	-0.0100258	-0.102594	0.0825429	0.990024	0.902493	1.08605
3519	N:S201I	-0.212439	-0.14753	-0.0101141	-0.103427	0.0831989	0.989937	0.901742	1.08676
3520	ORF1a:A3963V	-0.213338	-0.148157	-0.0103468	-0.105404	0.0847101	0.989707	0.899961	1.0884
3521	ORF1b:I1435S	-0.213897	-0.148547	-0.0128885	-0.130987	0.10521	0.987194	0.877229	1.11094
3522	ORF1b:C1732S	-0.214142	-0.148717	-0.00338723	-0.0343893	0.0276149	0.996619	0.966195	1.028
3523	ORF1a:T1682I	-0.214209	-0.148765	-0.00567568	-0.0576068	0.0462554	0.99434	0.944021	1.04734
3524	ORF1a:T2800I	-0.214567	-0.149014	-0.00869702	-0.0881402	0.0707462	0.991341	0.915632	1.07331
3525	S:V126A	-0.214613	-0.149046	-0.00998753	-0.101199	0.0812242	0.990062	0.903753	1.08461
3526	N:T76I	-0.215191	-0.149449	-0.00940464	-0.0950621	0.0762529	0.990639	0.909316	1.07924
3527	ORF1b:D2142Y	-0.215468	-0.149642	-0.00790214	-0.0797824	0.0639782	0.992129	0.923317	1.06607
3528	ORF1a:P2046S	-0.216073	-0.150064	-0.003647	-0.0367283	0.0294343	0.99636	0.963938	1.02987
3529	ORF1a:V2943I	-0.216473	-0.150344	-0.00994885	-0.100026	0.0801287	0.9901	0.904814	1.08343
3530	ORF8:I9T	-0.21698	-0.150697	-0.0103653	-0.103995	0.083264	0.989688	0.90123	1.08683
3531	ORF1a:I2790T	-0.21717	-0.150829	-0.00613771	-0.0615307	0.0492553	0.993881	0.940324	1.05049
3532	ORF7b:H37L	-0.217604	-0.151132	-0.013186	-0.131953	0.105581	0.986901	0.876382	1.11136
3533	ORF1a:Y1846C	-0.218087	-0.151469	-0.00988667	-0.0987391	0.0789658	0.990162	0.905979	1.08217
3534	S:Y145N	-0.218686	-0.151887	-0.00323075	-0.0321862	0.0257247	0.996774	0.968326	1.02606
3535	ORF3a:S195P	-0.218987	-0.152097	-0.0125959	-0.125331	0.100139	0.987483	0.882205	1.10532
3536	ORF1a:P3952S	-0.219699	-0.152593	-0.00309209	-0.030677	0.0244929	0.996913	0.969789	1.0248
3537	ORF3a:P25S	-0.220056	-0.152843	-0.00604124	-0.0598484	0.0477659	0.993977	0.941907	1.04893
3538	ORF7b:S31P	-0.220835	-0.153386	-0.0123823	-0.122278	0.0975137	0.987694	0.884902	1.10243
3539	ORF1a:L2874I	-0.22319	-0.155029	-0.0135845	-0.132878	0.105709	0.986507	0.875572	1.1115
3540	ORF1a:T1474I	-0.223694	-0.155381	-0.0107559	-0.104997	0.0834851	0.989302	0.900327	1.08707
3541	ORF1a:Y1536H	-0.223753	-0.155422	-0.0130853	-0.127706	0.101535	0.987	0.880112	1.10687
3542	ORF1a:D2980A	-0.225012	-0.156301	-0.0113364	-0.110081	0.0874087	0.988728	0.895761	1.09134
3543	N:S197T	-0.225543	-0.156671	-0.00752023	-0.0728708	0.0578304	0.992508	0.929721	1.05954
3544	ORF3a:I62F	-0.226005	-0.156994	-0.0116979	-0.113144	0.0897484	0.98837	0.893022	1.0939
3545	ORF1a:S3242G	-0.226448	-0.157302	-0.010205	-0.0985316	0.0781217	0.989847	0.906167	1.08125
3546	S:I68V	-0.226458	-0.15731	-0.0122303	-0.118082	0.0936213	0.987844	0.888623	1.09814
3547	ORF1a:D928Y	-0.226567	-0.157386	-0.014194	-0.136982	0.108594	0.985906	0.871986	1.11471
3548	S:D1168E	-0.226817	-0.15756	-0.0144504	-0.139319	0.110418	0.985654	0.869951	1.11674
3549	ORF1a:I652V	-0.228129	-0.158476	-0.0126281	-0.121122	0.0958661	0.987451	0.885926	1.10061
3550	ORF1b:A2589V	-0.228682	-0.158862	-0.00947991	-0.0907295	0.0717696	0.990565	0.913265	1.07441
3551	ORF1a:A4016V	-0.230141	-0.15988	-0.00678344	-0.0645536	0.0509868	0.99324	0.937486	1.05231
3552	ORF3a:A99T	-0.230562	-0.160174	-0.00751737	-0.0714211	0.0563864	0.992511	0.93107	1.05801
3553	ORF9b:I45V	-0.230779	-0.160325	-0.0131667	-0.12499	0.0986562	0.98692	0.882506	1.10369
3554	ORF1a:V3976F	-0.231433	-0.160782	-0.00617644	-0.0584835	0.0461307	0.993843	0.943194	1.04721
3555	N:S2P	-0.231765	-0.161014	-0.00810077	-0.0766064	0.0604049	0.991932	0.926254	1.06227
3556	ORF1a:A354V	-0.23251	-0.161534	-0.01117	-0.105328	0.0829885	0.988892	0.900029	1.08653
3557	ORF1a:L758V	-0.233522	-0.162241	-0.00687504	-0.0645775	0.0508274	0.993149	0.937463	1.05214
3558	ORF1b:S1182L	-0.233656	-0.162334	-0.0137071	-0.128686	0.101272	0.986386	0.87925	1.10658
3559	ORF1a:I1525M	-0.233808	-0.16244	-0.0110543	-0.103721	0.0816119	0.989007	0.901477	1.08503
3560	ORF1a:D4085G	-0.233857	-0.162474	-0.00913683	-0.085713	0.0674394	0.990905	0.917858	1.06977
3561	N:R10Q	-0.233895	-0.162501	-0.0102131	-0.0957953	0.0753691	0.989839	0.90865	1.07828
3562	ORF1a:M297V	-0.235388	-0.163543	-0.00825878	-0.0770257	0.0605082	0.991775	0.925866	1.06238
3563	ORF1a:C2210F	-0.236002	-0.163972	-0.011661	-0.108504	0.0851821	0.988407	0.897175	1.08892
3564	N:Q229H	-0.236465	-0.164295	-0.00852943	-0.0792266	0.0621677	0.991507	0.923831	1.06414
3565	ORF9b:A57V	-0.237293	-0.164874	-0.00617157	-0.0571466	0.0448035	0.993847	0.944456	1.04582
3566	ORF1b:V1811F	-0.237354	-0.164916	-0.00820446	-0.0759532	0.0595443	0.991829	0.92686	1.06135
3567	ORF1a:Y3063S	-0.237585	-0.165078	-0.00958673	-0.0886726	0.0694992	0.990459	0.915145	1.07197
3568	ORF1a:G3541R	-0.23855	-0.165751	-0.00397132	-0.0366003	0.0286577	0.996037	0.964061	1.02907
3569	ORF1a:S1510C	-0.239021	-0.166081	-0.0122468	-0.11267	0.0881761	0.987828	0.893446	1.09218
3570	ORF1a:D3728N	-0.239698	-0.166553	-0.00637284	-0.0584824	0.0457367	0.993647	0.943195	1.0468
3571	ORF1a:T1637I	-0.240998	-0.167461	-0.00467369	-0.0426834	0.033336	0.995337	0.958215	1.0339
3572	ORF3a:A110T	-0.241668	-0.16793	-0.00577176	-0.0525816	0.0410381	0.994245	0.948777	1.04189
3573	ORF1b:S1881G	-0.241768	-0.167999	-0.0117346	-0.106865	0.0833957	0.988334	0.898647	1.08697
3574	ORF1a:T1665I	-0.242168	-0.168278	-0.00639476	-0.0581503	0.0453608	0.993626	0.943508	1.04641
3575	ORF1a:E633A	-0.242728	-0.16867	-0.00613493	-0.0556729	0.043403	0.993884	0.945848	1.04436
3576	ORF1a:P4339T	-0.24327	-0.169049	-0.00493883	-0.0447296	0.034852	0.995073	0.956256	1.03547
3577	ORF7b:C12Y	-0.2444	-0.169838	-0.00815984	-0.0735977	0.057278	0.991873	0.929045	1.05895
3578	ORF1b:L1449F	-0.245908	-0.170892	-0.010487	-0.0940717	0.0730978	0.989568	0.910217	1.07584
3579	S:A411S	-0.246402	-0.171237	-0.0112685	-0.100902	0.0783652	0.988795	0.904021	1.08152
3580	ORF1a:S2024L	-0.247157	-0.171764	-0.00915461	-0.0817511	0.0634419	0.990887	0.921501	1.0655
3581	S:A694V	-0.24717	-0.171774	-0.0144834	-0.129331	0.100365	0.985621	0.878683	1.10557
3582	ORF1b:T1655I	-0.247902	-0.172285	-0.0125318	-0.111611	0.0865475	0.987546	0.894392	1.0904
3583	ORF1a:P3767L	-0.248253	-0.172531	-0.0107356	-0.0954933	0.0740221	0.989322	0.908924	1.07683
3584	N:A155S	-0.249239	-0.173219	-0.0128702	-0.114079	0.0883386	0.987212	0.892187	1.09236
3585	N:S412N	-0.249431	-0.173354	-0.00701749	-0.062159	0.048124	0.993007	0.939734	1.0493
3586	ORF14:P33S	-0.249562	-0.173445	-0.00716255	-0.0634145	0.0490894	0.992863	0.938554	1.05031
3587	ORF1a:E3608K	-0.249931	-0.173703	-0.00565033	-0.0499603	0.0386597	0.994366	0.951267	1.03942
3588	ORF8:E64STOP	-0.250887	-0.174371	-0.00855592	-0.075396	0.0582842	0.991481	0.927376	1.06002
3589	ORF1a:G1764S	-0.250964	-0.174426	-0.0152233	-0.134113	0.103666	0.984892	0.874491	1.10923
3590	ORF1a:L446F	-0.254421	-0.176842	-0.00960314	-0.083582	0.0643758	0.990443	0.919816	1.06649
3591	S:E1258Q	-0.254877	-0.177161	-0.015946	-0.138568	0.106676	0.98418	0.870604	1.11257
3592	ORF1b:A434S	-0.255448	-0.17756	-0.0143308	-0.124287	0.0956249	0.985771	0.883127	1.10035
3593	N:S186F	-0.25565	-0.177701	-0.00677337	-0.058702	0.0451552	0.99325	0.942988	1.04619
3594	ORF14:Q20L	-0.255776	-0.17779	-0.0158744	-0.137517	0.105768	0.984251	0.87152	1.11156
3595	S:A958S	-0.256081	-0.178003	-0.00954223	-0.0825755	0.063491	0.990503	0.920742	1.06555
3596	ORF1a:I1398V	-0.256994	-0.178641	-0.00781824	-0.0674441	0.0518076	0.992212	0.93478	1.05317
3597	S:K854N	-0.25738	-0.178911	-0.00927152	-0.0798747	0.0613317	0.990771	0.923232	1.06325
3598	N:D340N	-0.258967	-0.180021	-0.0128117	-0.109775	0.0841521	0.98727	0.896035	1.08779
3599	ORF1a:I547V	-0.259449	-0.180358	-0.00813363	-0.0695778	0.0533106	0.991899	0.932788	1.05476
3600	ORF1a:S2083R	-0.262943	-0.182802	-0.0101679	-0.085959	0.0656232	0.989884	0.917632	1.06782
3601	ORF3a:L94P	-0.264311	-0.183759	-0.00496883	-0.0418145	0.0318769	0.995044	0.959048	1.03239
3602	ORF7a:T39I	-0.265968	-0.184918	-0.0130652	-0.109345	0.0832146	0.98702	0.896421	1.08678
3603	ORF1a:L681F	-0.268114	-0.18642	-0.00825587	-0.0686079	0.0520962	0.991778	0.933693	1.05348
3604	ORF1b:V972I	-0.270054	-0.187778	-0.012215	-0.100867	0.0764374	0.987859	0.904053	1.07943
3605	S:A260D	-0.270386	-0.18801	-0.0150212	-0.123906	0.0938638	0.985091	0.883463	1.09841
3606	S:D178G	-0.270922	-0.188386	-0.00805596	-0.0663361	0.0502243	0.991976	0.935816	1.05151
3607	S:N641S	-0.272346	-0.189383	-0.010286	-0.0843104	0.0637383	0.989767	0.919146	1.06581
3608	ORF1b:A1131V	-0.273273	-0.190031	-0.0147264	-0.120347	0.090894	0.985382	0.886613	1.09515
3609	S:E583D	-0.2743	-0.190751	-0.00552388	-0.0449938	0.033946	0.994491	0.956003	1.03453
3610	N:T366I	-0.275032	-0.191263	-0.0109321	-0.0888373	0.0669732	0.989127	0.914994	1.06927
3611	ORF1b:A2132V	-0.276742	-0.19246	-0.0112984	-0.0913171	0.0687203	0.988765	0.912728	1.07114
3612	S:L822F	-0.277337	-0.192877	-0.0108893	-0.0878448	0.0660663	0.98917	0.915903	1.0683
3613	ORF1a:S166G	-0.277866	-0.193248	-0.015669	-0.126193	0.0948544	0.984453	0.881445	1.0995
3614	ORF1b:T2336I	-0.278566	-0.193738	-0.0155416	-0.124891	0.0938075	0.984579	0.882593	1.09835
3615	ORF1b:T1902I	-0.279649	-0.194497	-0.00640568	-0.0513009	0.0384895	0.993615	0.949993	1.03924
3616	ORF1a:E1013K	-0.280298	-0.194951	-0.00676757	-0.0540893	0.0405542	0.993255	0.947347	1.04139
3617	ORF3a:V202L	-0.281983	-0.196132	-0.00565185	-0.0449358	0.0336321	0.994364	0.956059	1.0342
3618	ORF1a:Q3596H	-0.283115	-0.196924	-0.0158819	-0.12583	0.0940662	0.984244	0.881765	1.09863
3619	S:D839Y	-0.283791	-0.197398	-0.00941695	-0.0744539	0.05562	0.990627	0.92825	1.0572
3620	ORF3a:D27H	-0.283896	-0.197472	-0.0106145	-0.0838951	0.0626661	0.989442	0.919528	1.06467
3621	ORF1b:T2217I	-0.286566	-0.199342	-0.00815836	-0.0639573	0.0476406	0.991875	0.938045	1.04879
3622	ORF1a:I1091V	-0.2878	-0.200207	-0.00912595	-0.0712752	0.0530233	0.990916	0.931206	1.05445
3623	ORF1a:A3620V	-0.288259	-0.200529	-0.00921665	-0.0718836	0.0534503	0.990826	0.930639	1.0549
3624	ORF1b:S2027L	-0.288836	-0.200933	-0.0141879	-0.110463	0.0820875	0.985912	0.895419	1.08555
3625	ORF3a:I118V	-0.290015	-0.20176	-0.00914692	-0.0709631	0.0526693	0.990895	0.931496	1.05408
3626	ORF1a:L2609F	-0.290186	-0.20188	-0.0090237	-0.0699712	0.0519238	0.991017	0.932421	1.0533
3627	ORF9b:M8L	-0.291613	-0.20288	-0.0124273	-0.0959525	0.0710979	0.98765	0.908507	1.07369
3628	ORF1a:S887F	-0.291616	-0.202882	-0.0197691	-0.152638	0.1131	0.980425	0.85844	1.11974
3629	ORF1a:L2869F	-0.291684	-0.20293	-0.0156654	-0.120928	0.0895977	0.984457	0.886097	1.09373
3630	N:N8Y	-0.292129	-0.203242	-0.0101324	-0.0781127	0.057848	0.989919	0.92486	1.05955
3631	ORF1a:E2607K	-0.294524	-0.204921	-0.0144778	-0.110823	0.0818674	0.985627	0.895097	1.08531
3632	ORF1a:M2796V	-0.294786	-0.205105	-0.00651644	-0.0498427	0.0368098	0.993505	0.951379	1.0375
3633	ORF1b:I1799T	-0.295276	-0.205449	-0.0136253	-0.104066	0.0768156	0.986467	0.901166	1.07984
3634	ORF1a:L3116F	-0.295957	-0.205926	-0.00551366	-0.0420277	0.0310004	0.994502	0.958843	1.03149
3635	ORF1a:D2833G	-0.297152	-0.206764	-0.00990972	-0.0752726	0.0554532	0.990139	0.927491	1.05702
3636	ORF1a:T2087I	-0.298358	-0.207611	-0.00883752	-0.0668926	0.0492176	0.991201	0.935296	1.05045
3637	N:S412I	-0.300193	-0.208897	-0.0132997	-0.100134	0.0735343	0.986788	0.904716	1.07631
3638	ORF1a:S505F	-0.301488	-0.209806	-0.00714084	-0.0535631	0.0392815	0.992885	0.947846	1.04006
3639	ORF3a:W128C	-0.301519	-0.209828	-0.013288	-0.0996641	0.073088	0.9868	0.905141	1.07583
3640	ORF1b:A2565V	-0.306092	-0.213037	-0.00675572	-0.0500139	0.0365025	0.993267	0.951216	1.03718
3641	S:N439K	-0.308479	-0.214713	-0.00451348	-0.0331905	0.0241636	0.995497	0.967354	1.02446
3642	N:T24N	-0.308785	-0.214928	-0.012684	-0.093194	0.0678259	0.987396	0.911017	1.07018
3643	ORF1a:V3718F	-0.309085	-0.215138	-0.00442368	-0.032475	0.0236276	0.995586	0.968047	1.02391
3644	ORF1b:M371I	-0.309429	-0.21538	-0.0107369	-0.0787462	0.0572723	0.98932	0.924274	1.05894
3645	ORF1b:I2303V	-0.309658	-0.215541	-0.0127665	-0.0935713	0.0680383	0.987315	0.910673	1.07041
3646	ORF1a:P2739L	-0.311704	-0.216977	-0.0106646	-0.0777226	0.0563934	0.989392	0.925221	1.05801
3647	ORF1a:S2188F	-0.312605	-0.21761	-0.0108426	-0.0788236	0.0571383	0.989216	0.924203	1.0588
3648	ORF1a:P2260L	-0.312687	-0.217668	-0.00474099	-0.0344582	0.0249762	0.99527	0.966129	1.02529
3649	ORF7b:E39STOP	-0.314051	-0.218626	-0.00894791	-0.064791	0.0468952	0.991092	0.937263	1.04801
3650	ORF1a:A583V	-0.31441	-0.218877	-0.0105625	-0.0764067	0.0552817	0.989493	0.926439	1.05684
3651	ORF1b:V1538L	-0.315107	-0.219367	-0.00381095	-0.027515	0.0198931	0.996196	0.97286	1.02009
3652	ORF3a:K16N	-0.318024	-0.221417	-0.00698636	-0.0500428	0.0360701	0.993038	0.951189	1.03673
3653	S:T604I	-0.318111	-0.221478	-0.0108213	-0.0774941	0.0558515	0.989237	0.925433	1.05744
3654	S:Q675H	-0.319762	-0.222637	-0.00857138	-0.0611092	0.0439665	0.991465	0.94072	1.04495
3655	ORF1a:C3147F	-0.321597	-0.223927	-0.012316	-0.0873754	0.0627434	0.98776	0.916333	1.06475
3656	ORF1a:N2405S	-0.321962	-0.224184	-0.00654991	-0.0464229	0.0333231	0.993472	0.954638	1.03388
3657	ORF1a:V2604I	-0.322895	-0.224839	-0.019195	-0.135709	0.0973185	0.980988	0.873097	1.10221
3658	S:E309Q	-0.323041	-0.224942	-0.00704929	-0.0498189	0.0357204	0.992975	0.951402	1.03637
3659	ORF1b:A1428V	-0.323283	-0.225112	-0.019584	-0.138316	0.0991477	0.980606	0.870824	1.10423
3660	ORF1a:D935G	-0.325018	-0.226332	-0.00972036	-0.0683373	0.0488966	0.990327	0.933945	1.05011
3661	ORF1b:A241T	-0.326294	-0.227229	-0.016574	-0.11613	0.0829818	0.983563	0.89036	1.08652
3662	S:T638A	-0.326327	-0.227252	-0.0169754	-0.118932	0.0849812	0.983168	0.887868	1.0887
3663	N:D348H	-0.327404	-0.22801	-0.0164673	-0.115047	0.0821123	0.983667	0.891324	1.08558
3664	N:S190G	-0.328615	-0.228861	-0.0136845	-0.0953033	0.0679343	0.986409	0.909097	1.07029
3665	ORF7b:A15S	-0.329352	-0.229379	-0.0083762	-0.0582227	0.0414704	0.991659	0.94344	1.04234
3666	ORF6:I33T	-0.329384	-0.229402	-0.0120231	-0.0835654	0.0595192	0.988049	0.919831	1.06133
3667	ORF1a:S443T	-0.33094	-0.230496	-0.0150507	-0.104187	0.0740857	0.985062	0.901057	1.0769
3668	S:A27S	-0.331453	-0.230857	-0.0150734	-0.104206	0.0740592	0.98504	0.90104	1.07687
3669	ORF1a:G963S	-0.332413	-0.231533	-0.00865403	-0.0596796	0.0423716	0.991383	0.942066	1.04328
3670	ORF1a:T2106I	-0.33372	-0.232452	-0.0088495	-0.0608233	0.0431243	0.99119	0.940989	1.04407
3671	ORF1a:R24C	-0.333763	-0.232483	-0.0192474	-0.132274	0.0937796	0.980937	0.876101	1.09832
3672	S:D1260Y	-0.337205	-0.234904	-0.00781951	-0.0532695	0.0376305	0.992211	0.948124	1.03835
3673	ORF1b:S2430R	-0.337882	-0.235381	-0.0150076	-0.102063	0.0720477	0.985104	0.902973	1.07471
3674	ORF1a:G1073R	-0.337898	-0.235392	-0.0109848	-0.0747016	0.052732	0.989075	0.92802	1.05415
3675	S:A879S	-0.338439	-0.235773	-0.00703352	-0.047766	0.033699	0.992991	0.953357	1.03427
3676	ORF1a:T2016K	-0.338448	-0.235779	-0.00688577	-0.0467615	0.0329899	0.993138	0.954315	1.03354
3677	ORF1a:T1760I	-0.339171	-0.236288	-0.008181	-0.0554565	0.0390945	0.991852	0.946053	1.03987
3678	ORF1a:M584V	-0.339464	-0.236494	-0.0156696	-0.106141	0.0748021	0.984453	0.899298	1.07767
3679	ORF1a:L642F	-0.339516	-0.236531	-0.010349	-0.070092	0.0493939	0.989704	0.932308	1.05063
3680	ORF1a:L969F	-0.341144	-0.237677	-0.0148341	-0.10006	0.0703918	0.985275	0.904783	1.07293
3681	ORF1a:A1074V	-0.341287	-0.237778	-0.00662021	-0.0446391	0.0313987	0.993402	0.956343	1.0319
3682	ORF1a:T1881I	-0.341695	-0.238065	-0.00732634	-0.0493503	0.0346976	0.9927	0.951848	1.03531
3683	S:S98F	-0.342183	-0.238408	-0.0106131	-0.0714034	0.0501771	0.989443	0.931086	1.05146
3684	ORF8:W45L	-0.343103	-0.239056	-0.0144595	-0.0970588	0.0681399	0.985645	0.907503	1.07052
3685	ORF6:D6G	-0.343743	-0.239507	-0.0104747	-0.0701995	0.0492502	0.98958	0.932208	1.05048
3686	ORF9b:S6C	-0.343935	-0.239642	-0.00284598	-0.0190642	0.0133723	0.997158	0.981116	1.01346
3687	M:T30I	-0.344992	-0.240387	-0.00507652	-0.0339172	0.0237642	0.994936	0.966652	1.02405
3688	S:I1221T	-0.345941	-0.241055	-0.0158631	-0.105737	0.0740106	0.984262	0.899662	1.07682
3689	ORF1a:A903V	-0.346296	-0.241305	-0.00754166	-0.0502259	0.0351426	0.992487	0.951015	1.03577
3690	ORF1a:A540V	-0.346556	-0.241488	-0.0111282	-0.074064	0.0518077	0.988934	0.928612	1.05317
3691	ORF3a:A72S	-0.346902	-0.241732	-0.0120485	-0.0801212	0.0560243	0.988024	0.923004	1.05762
3692	ORF1a:N2155S	-0.346909	-0.241737	-0.0113897	-0.0757393	0.0529599	0.988675	0.927058	1.05439
3693	ORF1b:N2214D	-0.346936	-0.241756	-0.0174715	-0.116174	0.0812309	0.98268	0.89032	1.08462
3694	ORF1a:E1209D	-0.348096	-0.242573	-0.0101422	-0.0672483	0.0469638	0.989909	0.934963	1.04808
3695	ORF1b:T217M	-0.348633	-0.242952	-0.00845531	-0.0559898	0.0390792	0.99158	0.945549	1.03985
3696	ORF1a:T3032I	-0.349131	-0.243302	-0.0104436	-0.0690726	0.0481854	0.989611	0.933259	1.04937
3697	ORF1a:P3359S	-0.349687	-0.243694	-0.00996337	-0.0658072	0.0458804	0.990086	0.936311	1.04695
3698	ORF3a:A23V	-0.350213	-0.244065	-0.00545985	-0.0360158	0.0250961	0.994555	0.964625	1.02541
3699	ORF1b:V2089F	-0.350399	-0.244196	-0.00767714	-0.0506194	0.0352651	0.992352	0.95064	1.03589
3700	N:N11I	-0.351271	-0.24481	-0.0136097	-0.0895467	0.0623274	0.986483	0.914346	1.06431
3701	S:T95N	-0.351978	-0.245308	-0.0143246	-0.0940904	0.0654411	0.985777	0.9102	1.06763
3702	ORF1a:D3009A	-0.354697	-0.247226	-0.0133264	-0.0869647	0.0603119	0.986762	0.916709	1.06217
3703	S:T259I	-0.355735	-0.247957	-0.0153093	-0.0996574	0.0690389	0.984807	0.905147	1.07148
3704	S:L244S	-0.356542	-0.248526	-0.0165948	-0.107819	0.0746294	0.983542	0.89779	1.07748
3705	ORF8:Q29L	-0.358467	-0.249883	-0.0121408	-0.078522	0.0542405	0.987933	0.924482	1.05574
3706	ORF1a:M3752I	-0.35957	-0.250661	-0.0160095	-0.103275	0.0712557	0.984118	0.901879	1.07386
3707	ORF1a:S2695N	-0.359666	-0.250729	-0.00641503	-0.0413731	0.0285431	0.993605	0.959471	1.02895
3708	ORF1b:R2613N	-0.360706	-0.251462	-0.00644324	-0.0414538	0.0285673	0.993577	0.959394	1.02898
3709	ORF1a:P1640S	-0.363857	-0.253685	-0.0117851	-0.0752672	0.051697	0.988284	0.927496	1.05306
3710	ORF1a:A2330S	-0.363962	-0.253759	-0.0143319	-0.0915104	0.0628466	0.98577	0.912552	1.06486
3711	ORF1a:M585V	-0.368928	-0.257264	-0.0115764	-0.0730768	0.0499241	0.98849	0.929529	1.05119
3712	ORF1a:A1049V	-0.369446	-0.25763	-0.00794905	-0.0501199	0.0342218	0.992082	0.951115	1.03481
3713	ORF1a:G94C	-0.369937	-0.257977	-0.0216859	-0.13658	0.0932084	0.978548	0.872336	1.09769
3714	ORF1a:A2508T	-0.370371	-0.258282	-0.00997172	-0.0627411	0.0427976	0.990078	0.939187	1.04373
3715	ORF1a:M3695V	-0.371235	-0.258893	-0.0105141	-0.0660239	0.0449957	0.989541	0.936109	1.04602
3716	ORF1a:L3667F	-0.377593	-0.263384	-0.010335	-0.0639806	0.0433106	0.989718	0.938023	1.04426
3717	ORF3a:L46F	-0.379013	-0.264387	-0.00747808	-0.046149	0.0311928	0.99255	0.9549	1.03168
3718	ORF1a:G3578D	-0.380358	-0.265337	-0.0274197	-0.168712	0.113872	0.972953	0.844752	1.12061
3719	ORF1a:S3885F	-0.380376	-0.26535	-0.0170486	-0.104895	0.0707978	0.983096	0.900419	1.07336
3720	ORF3a:V88A	-0.386521	-0.269694	-0.0191775	-0.116422	0.0780673	0.981005	0.890099	1.0812
3721	ORF1a:G4287R	-0.387173	-0.270155	-0.02066	-0.125246	0.083926	0.979552	0.88228	1.08755
3722	ORF1b:M592I	-0.389374	-0.271712	-0.0110467	-0.0666517	0.0445583	0.989014	0.935521	1.04557
3723	ORF3a:A54V	-0.389677	-0.271927	-0.0110073	-0.0663706	0.0443561	0.989053	0.935784	1.04535
3724	ORF1a:M2096L	-0.39137	-0.273124	-0.0139206	-0.0836343	0.0557931	0.986176	0.919768	1.05738
3725	S:V952I	-0.393829	-0.274864	-0.0230748	-0.137911	0.0917613	0.977189	0.871176	1.0961
3726	ORF1a:G3846S	-0.397675	-0.277587	-0.0206003	-0.12213	0.0809295	0.97961	0.885033	1.08429
3727	ORF1a:K290N	-0.397743	-0.277635	-0.0132432	-0.078502	0.0520156	0.986844	0.9245	1.05339
3728	S:D198G	-0.39831	-0.278036	-0.00990845	-0.058665	0.0388481	0.99014	0.943023	1.03961
3729	N:L139F	-0.40412	-0.282152	-0.0135482	-0.0792564	0.05216	0.986543	0.923803	1.05354
3730	ORF1a:P4337S	-0.404913	-0.282713	-0.0166225	-0.0970826	0.0638377	0.983515	0.907481	1.06592
3731	ORF1a:K1305N	-0.40659	-0.283901	-0.0148841	-0.0866327	0.0568646	0.985226	0.917014	1.05851
3732	N:T166I	-0.407008	-0.284198	-0.0129036	-0.0750416	0.0492344	0.987179	0.927705	1.05047
3733	ORF1a:V1584M	-0.409407	-0.285899	-0.0246442	-0.142624	0.0933356	0.975657	0.86708	1.09783
3734	ORF6:W27L	-0.409842	-0.286207	-0.012332	-0.0713064	0.0466425	0.987744	0.931176	1.04775
3735	ORF1b:V1639A	-0.414471	-0.289489	-0.0189728	-0.108692	0.0707464	0.981206	0.897007	1.07331
3736	ORF3a:K21N	-0.41741	-0.291574	-0.0148552	-0.0846084	0.054898	0.985255	0.918872	1.05643
3737	N:A217V	-0.419508	-0.293063	-0.00947396	-0.0537368	0.0347889	0.990571	0.947681	1.0354
3738	ORF1a:K3978Q	-0.423744	-0.29607	-0.0146973	-0.0826775	0.0532829	0.98541	0.920648	1.05473
3739	ORF6:M19I	-0.424361	-0.296508	-0.0142967	-0.0803275	0.0517342	0.985805	0.922814	1.0531
3740	ORF1a:P3504H	-0.426507	-0.298032	-0.0158697	-0.088797	0.0570576	0.984256	0.915031	1.05872
3741	ORF1b:G1450R	-0.428639	-0.299546	-0.0157281	-0.0876451	0.0561889	0.984395	0.916086	1.0578
3742	ORF1a:A1812D	-0.432867	-0.302551	-0.0161165	-0.08909	0.056857	0.984013	0.914763	1.0585
3743	M:A83S	-0.434077	-0.303411	-0.0205963	-0.113593	0.0724009	0.979614	0.892621	1.07509
3744	ORF1b:L829I	-0.43529	-0.304273	-0.00340043	-0.0187114	0.0119106	0.996605	0.981463	1.01198
3745	ORF1a:R4179K	-0.436348	-0.305025	-0.00506401	-0.0278103	0.0176822	0.994949	0.972573	1.01784
3746	ORF1b:R1813C	-0.437441	-0.305803	-0.013736	-0.0752806	0.0478085	0.986358	0.927483	1.04897
3747	N:T296I	-0.438077	-0.306255	-0.017498	-0.0957845	0.0607884	0.982654	0.90866	1.06267
3748	S:P26L	-0.439204	-0.307057	-0.012587	-0.0687569	0.0435829	0.987492	0.933554	1.04455
3749	ORF1a:M3661L	-0.441001	-0.308335	-0.0112379	-0.0611828	0.0387071	0.988825	0.940651	1.03947
3750	ORF7a:A66S	-0.441214	-0.308487	-0.0194186	-0.10568	0.0668428	0.980769	0.899713	1.06913
3751	S:T259A	-0.44183	-0.308925	-0.0182288	-0.0990919	0.0626344	0.981936	0.905659	1.06464
3752	ORF1a:L454F	-0.442153	-0.309155	-0.0195281	-0.106092	0.0670356	0.980661	0.899342	1.06933
3753	ORF1a:V3449F	-0.442747	-0.309577	-0.00768146	-0.041686	0.0263231	0.992348	0.959171	1.02667
3754	N:E367D	-0.443139	-0.309856	-0.0188953	-0.102467	0.0646769	0.981282	0.902608	1.06681
3755	ORF1a:S4398L	-0.444537	-0.310851	-0.00907483	-0.0490858	0.0309361	0.990966	0.952099	1.03142
3756	ORF1b:E427G	-0.447662	-0.313075	-0.0193229	-0.103923	0.0652771	0.980863	0.901295	1.06745
3757	N:K373N	-0.449248	-0.314205	-0.00932209	-0.0499922	0.031348	0.990721	0.951237	1.03184
3758	N:T247I	-0.449725	-0.314545	-0.0116918	-0.0626465	0.0392628	0.988376	0.939275	1.04004
3759	ORF3a:G100V	-0.454263	-0.317777	-0.00573558	-0.0304823	0.0190112	0.994281	0.969978	1.01919
3760	ORF14:H13Y	-0.455188	-0.318437	-0.0152033	-0.0806662	0.0502596	0.984912	0.922502	1.05154
3761	S:I670V	-0.460122	-0.321954	-0.0199981	-0.105183	0.0651869	0.980201	0.90016	1.06736
3762	ORF1b:Y512C	-0.460182	-0.321996	-0.0126828	-0.0667001	0.0413345	0.987397	0.935476	1.0422
3763	S:N164T	-0.460491	-0.322217	-0.00798257	-0.0419584	0.0259933	0.992049	0.95891	1.02633
3764	ORF1b:V1092F	-0.462954	-0.323973	-0.00948827	-0.0496579	0.0306813	0.990557	0.951555	1.03116
3765	ORF1b:R172C	-0.463491	-0.324356	-0.020558	-0.107492	0.0663757	0.979652	0.898084	1.06863
3766	ORF1b:M1499I	-0.46391	-0.324655	-0.0122473	-0.0639908	0.0394962	0.987827	0.938014	1.04029
3767	ORF1b:V1092I	-0.46458	-0.325134	-0.0286395	-0.149463	0.0921844	0.971767	0.86117	1.09657
3768	ORF3a:K61N	-0.465113	-0.325514	-0.0124787	-0.0650632	0.0401059	0.987599	0.937008	1.04092
3769	ORF1b:L1220P	-0.466087	-0.326209	-0.0124834	-0.064978	0.0400112	0.987594	0.937088	1.04082
3770	ORF1a:I2332V	-0.467863	-0.327476	-0.0287716	-0.149301	0.091758	0.971638	0.86131	1.0961
3771	ORF1b:P1342S	-0.471289	-0.329922	-0.00820431	-0.0423238	0.0259152	0.991829	0.958559	1.02625
3772	ORF3a:G172D	-0.472723	-0.330946	-0.0186935	-0.0961988	0.0588119	0.98148	0.908283	1.06058
3773	ORF8:A65S	-0.472775	-0.330983	-0.0181262	-0.0932715	0.057019	0.982037	0.910946	1.05868
3774	ORF1a:R3164H	-0.476689	-0.333779	-0.0124519	-0.0636493	0.0387456	0.987625	0.938334	1.03951
3775	ORF1b:P2612L	-0.478979	-0.335415	-0.00769507	-0.039183	0.0237929	0.992334	0.961575	1.02408
3776	ORF1a:D2032G	-0.479528	-0.335808	-0.0229994	-0.117005	0.0710057	0.977263	0.889581	1.07359
3777	S:T1116N	-0.479783	-0.335991	-0.0152142	-0.0773656	0.0469373	0.984901	0.925551	1.04806
3778	ORF1b:R2613H	-0.479953	-0.336112	-0.0126461	-0.0642883	0.0389962	0.987434	0.937735	1.03977
3779	ORF1a:T1567A	-0.48102	-0.336875	-0.0117034	-0.0593901	0.0359833	0.988365	0.942339	1.03664
3780	ORF1b:Q813H	-0.483505	-0.338652	-0.0151644	-0.0766356	0.0463068	0.98495	0.926227	1.0474
3781	ORF1a:V3855I	-0.483585	-0.338709	-0.0208141	-0.105173	0.0635451	0.979401	0.900169	1.06561
3782	ORF1b:K134Q	-0.490382	-0.343572	-0.0193747	-0.0968117	0.0580623	0.980812	0.907727	1.05978
3783	N:P199S	-0.494244	-0.346337	-0.0187693	-0.0932006	0.055662	0.981406	0.911011	1.05724
3784	ORF1a:A2784V	-0.494524	-0.346537	-0.0143661	-0.0713039	0.0425717	0.985737	0.931179	1.04349
3785	ORF1a:T1567I	-0.500551	-0.350856	-0.0106141	-0.0521747	0.0309465	0.989442	0.949163	1.03143
3786	ORF1b:T1064I	-0.500625	-0.350909	-0.0189117	-0.0929515	0.0551282	0.981266	0.911238	1.05668
3787	N:A211V	-0.503326	-0.352845	-0.0140376	-0.0687005	0.0406252	0.98606	0.933606	1.04146
3788	ORF1a:V2047F	-0.50337	-0.352876	-0.02325	-0.113778	0.0672781	0.977018	0.892456	1.06959
3789	ORF1a:V3107G	-0.505231	-0.354211	-0.0219242	-0.106975	0.0631271	0.978314	0.898548	1.06516
3790	ORF1a:S2214A	-0.507527	-0.355858	-0.0224766	-0.109277	0.0643233	0.977774	0.896482	1.06644
3791	ORF1a:G2581S	-0.510145	-0.357737	-0.0269239	-0.130365	0.076517	0.973435	0.877775	1.07952
3792	S:S929T	-0.510261	-0.357819	-0.0116558	-0.0564267	0.0331152	0.988412	0.945136	1.03367
3793	ORF10:A8V	-0.512147	-0.359173	-0.0278556	-0.134458	0.0787468	0.972529	0.87419	1.08193
3794	ORF9b:L21M	-0.525885	-0.369044	-0.0201298	-0.0951532	0.0548936	0.980071	0.909234	1.05643
3795	ORF1a:R184C	-0.52687	-0.369753	-0.0165489	-0.0781109	0.0450132	0.983587	0.924862	1.04604
3796	ORF1a:R2159W	-0.530208	-0.372155	-0.0126553	-0.0594367	0.0341261	0.987424	0.942295	1.03472
3797	N:G212V	-0.531741	-0.373257	-0.0402412	-0.188568	0.108086	0.960558	0.828144	1.11414
3798	S:D574V	-0.534081	-0.374942	-0.0437697	-0.204395	0.116856	0.957174	0.81514	1.12396
3799	ORF1b:S638I	-0.536537	-0.376711	-0.0249142	-0.115925	0.0660971	0.975394	0.890542	1.06833
3800	ORF1a:T2823I	-0.537703	-0.377551	-0.0219268	-0.101852	0.0579979	0.978312	0.903164	1.05971
3801	ORF1b:A2513S	-0.538794	-0.378337	-0.0118426	-0.0549224	0.0312372	0.988227	0.946559	1.03173
3802	ORF1b:Y1192C	-0.539448	-0.378808	-0.0119362	-0.0553036	0.0314313	0.988135	0.946198	1.03193
3803	ORF1a:M3862T	-0.543575	-0.381782	-0.0100289	-0.0461899	0.0261322	0.990021	0.954861	1.02648
3804	ORF1a:H1636Q	-0.546101	-0.383604	-0.0170616	-0.0782961	0.0441728	0.983083	0.924691	1.04516
3805	ORF1b:D54Y	-0.546286	-0.383738	-0.0112571	-0.0516453	0.0291311	0.988806	0.949666	1.02956
3806	ORF1a:T4355I	-0.551863	-0.387762	-0.022342	-0.101691	0.0570066	0.977906	0.903309	1.05866
3807	ORF14:L9P	-0.554372	-0.389573	-0.0106323	-0.0482225	0.0269579	0.989424	0.952922	1.02732
3808	ORF1a:T1754I	-0.555431	-0.390338	-0.0280647	-0.127097	0.070968	0.972325	0.880648	1.07355
3809	ORF1a:G1419C	-0.558448	-0.392517	-0.0191947	-0.0865617	0.0481723	0.980988	0.917079	1.04935
3810	ORF7a:A55S	-0.559523	-0.393294	-0.0125978	-0.056727	0.0315314	0.987481	0.944852	1.03203
3811	N:Q9L	-0.562664	-0.395565	-0.00438623	-0.0196651	0.0108926	0.995623	0.980527	1.01095
3812	ORF1a:R3698K	-0.563637	-0.396268	-0.0146633	-0.0656527	0.0363261	0.985444	0.936456	1.03699
3813	ORF1a:L580F	-0.563716	-0.396325	-0.0181975	-0.0814679	0.0450728	0.981967	0.921762	1.0461
3814	ORF1a:V710I	-0.565402	-0.397545	-0.0308417	-0.137754	0.0760709	0.969629	0.871313	1.07904
3815	S:N1187Y	-0.568004	-0.399427	-0.0184792	-0.0822438	0.0452854	0.981691	0.921047	1.04633
3816	ORF1a:T1822I	-0.569156	-0.40026	-0.012675	-0.0563231	0.0309731	0.987405	0.945234	1.03146
3817	ORF1a:V3858L	-0.569852	-0.400764	-0.0393964	-0.174897	0.0961047	0.96137	0.839543	1.10087
3818	ORF1a:T2408I	-0.570479	-0.401218	-0.0101202	-0.0448896	0.0246493	0.989931	0.956103	1.02496
3819	ORF1a:Y925H	-0.574877	-0.404403	-0.036202	-0.159628	0.0872238	0.964445	0.852461	1.09114
3820	ORF1a:D3042N	-0.576627	-0.40567	-0.0169192	-0.074428	0.0405895	0.983223	0.928274	1.04142
3821	ORF1a:L893M	-0.579153	-0.407501	-0.0113931	-0.0499493	0.0271632	0.988672	0.951278	1.02754
3822	S:V772I	-0.580431	-0.408426	-0.00872867	-0.0382031	0.0207458	0.991309	0.962517	1.02096
3823	ORF1b:L2523F	-0.58153	-0.409224	-0.0131048	-0.0572725	0.031063	0.986981	0.944337	1.03155
3824	ORF1b:I1998V	-0.589759	-0.415193	-0.0366916	-0.15863	0.0852467	0.963973	0.853312	1.08899
3825	ORF1b:M657I	-0.589804	-0.415226	-0.0175733	-0.0759705	0.040824	0.98258	0.926844	1.04167
3826	S:L1141W	-0.593539	-0.417938	-0.0116319	-0.0500423	0.0267785	0.988436	0.951189	1.02714
3827	ORF1a:N3491S	-0.601319	-0.423593	-0.0159108	-0.0677713	0.0359496	0.984215	0.934474	1.0366
3828	ORF1b:Q1546H	-0.602317	-0.424319	-0.00967315	-0.04115	0.0218037	0.990373	0.959685	1.02204
3829	ORF1a:G3334S	-0.607071	-0.427777	-0.032721	-0.138363	0.0729207	0.967809	0.870783	1.07565
3830	ORF1b:P1414S	-0.610432	-0.430224	-0.0173959	-0.0732504	0.0384586	0.982755	0.929368	1.03921
3831	ORF1a:P1220H	-0.611455	-0.43097	-0.0164622	-0.0692304	0.0363059	0.983673	0.933112	1.03697
3832	ORF1a:V3524I	-0.617227	-0.435176	-0.0423374	-0.176777	0.0921022	0.958546	0.837967	1.09648
3833	ORF1b:M115I	-0.626707	-0.442093	-0.0231768	-0.0956598	0.0493063	0.97709	0.908773	1.05054
3834	ORF1a:L4037F	-0.630176	-0.444627	-0.021049	-0.0865154	0.0444173	0.979171	0.917121	1.04542
3835	ORF1a:D983G	-0.631067	-0.445278	-0.0211739	-0.0869358	0.044588	0.979049	0.916736	1.0456
3836	ORF1a:G401S	-0.632254	-0.446145	-0.0340455	-0.139585	0.0714943	0.966528	0.869719	1.07411
3837	ORF1a:E640D	-0.632581	-0.446384	-0.0144299	-0.0591388	0.0302791	0.985674	0.942576	1.03074
3838	S:S221L	-0.638898	-0.451003	-0.0127681	-0.051937	0.0264009	0.987313	0.949389	1.02675
3839	ORF1a:A2690V	-0.639441	-0.4514	-0.0169714	-0.0689908	0.035048	0.983172	0.933335	1.03567
3840	ORF14:V49E	-0.640233	-0.45198	-0.0172959	-0.0702443	0.0356525	0.982853	0.932166	1.0363
3841	ORF1b:T2376I	-0.640344	-0.452061	-0.0155878	-0.0632989	0.0321233	0.984533	0.938663	1.03264
3842	ORF1a:N704H	-0.642631	-0.453735	-0.0243269	-0.0985217	0.0498679	0.975967	0.906176	1.05113
3843	N:T391I	-0.642974	-0.453986	-0.0302839	-0.122598	0.06203	0.97017	0.884619	1.06399
3844	ORF8:I47V	-0.643832	-0.454615	-0.0176193	-0.0712564	0.0360177	0.982535	0.931223	1.03667
3845	ORF14:A59S	-0.64479	-0.455316	-0.0522642	-0.211132	0.106603	0.949078	0.809668	1.11249
3846	ORF1b:N1191S	-0.64719	-0.457074	-0.0151445	-0.0610082	0.0307193	0.98497	0.940816	1.0312
3847	N:D22G	-0.659738	-0.466277	-0.0142115	-0.0564312	0.0280083	0.985889	0.945132	1.0284
3848	ORF1b:V2237F	-0.667928	-0.472294	-0.0423553	-0.166642	0.0819318	0.958529	0.846502	1.08538
3849	ORF1a:K798N	-0.66983	-0.473693	-0.014887	-0.0584471	0.0286732	0.985223	0.943228	1.02909
3850	ORF1b:A440V	-0.677304	-0.479193	-0.0209737	-0.081667	0.0397195	0.979245	0.921579	1.04052
3851	ORF1a:T4087I	-0.678467	-0.48005	-0.0232131	-0.0902713	0.0438452	0.977054	0.913683	1.04482
3852	ORF9b:I19V	-0.681574	-0.482339	-0.0148553	-0.0575737	0.0278632	0.985255	0.944052	1.02825
3853	S:E154K	-0.68462	-0.484584	-0.0262355	-0.101344	0.0488728	0.974106	0.903622	1.05009
3854	ORF1b:E1242D	-0.687624	-0.486799	-0.0251393	-0.0967949	0.0465163	0.975174	0.907742	1.04762
3855	ORF1b:G2610N	-0.689691	-0.488325	-0.0357508	-0.137347	0.0658459	0.964881	0.871667	1.06806
3856	ORF1b:D2351N	-0.691233	-0.489463	-0.0392697	-0.150617	0.072078	0.961491	0.860177	1.07474
3857	ORF1a:D1036E	-0.692081	-0.490089	-0.021794	-0.0835142	0.0399263	0.978442	0.919878	1.04073
3858	E:V58F	-0.697031	-0.493745	-0.0335594	-0.127924	0.0608055	0.966997	0.87992	1.06269
3859	ORF1a:T2825I	-0.704611	-0.499351	-0.0255989	-0.0968054	0.0456076	0.974726	0.907733	1.04666
3860	N:T334I	-0.705395	-0.49993	-0.0102392	-0.0386891	0.0182108	0.989813	0.96205	1.01838
3861	S:L189F	-0.7055	-0.500008	-0.0104916	-0.0396384	0.0186553	0.989563	0.961137	1.01883
3862	ORF1a:G345S	-0.709061	-0.502645	-0.0299561	-0.11276	0.0528476	0.970488	0.893365	1.05427
3863	ORF1a:A566T	-0.724646	-0.514203	-0.0191036	-0.0707736	0.0325663	0.981078	0.931673	1.0331
3864	ORF1a:S330L	-0.72579	-0.515052	-0.0403297	-0.149238	0.068579	0.960473	0.861364	1.07099
3865	ORF3a:Q185H	-0.727442	-0.516279	-0.0258831	-0.0956204	0.0438543	0.974449	0.908809	1.04483
3866	ORF3a:A99V	-0.736258	-0.522836	-0.024884	-0.0911266	0.0413587	0.975423	0.912902	1.04223
3867	ORF14:V37G	-0.739577	-0.525307	-0.0427815	-0.156157	0.0705943	0.958121	0.855425	1.07315
3868	N:S190R	-0.748824	-0.532199	-0.0427915	-0.154794	0.0692105	0.958111	0.856592	1.07166
3869	ORF1b:T76I	-0.751707	-0.53435	-0.0377037	-0.136011	0.0606031	0.962998	0.872833	1.06248
3870	ORF1b:M2414I	-0.752422	-0.534884	-0.0263024	-0.0948169	0.0422121	0.97404	0.909539	1.04312
3871	ORF9b:H9D	-0.763279	-0.542997	-0.0164772	-0.0587875	0.0258333	0.983658	0.942907	1.02617
3872	S:Q1071H	-0.778601	-0.554477	-0.0267879	-0.0942207	0.040645	0.973568	0.910082	1.04148
3873	ORF1a:K322R	-0.7884	-0.561836	-0.0333781	-0.116356	0.0495998	0.967173	0.890158	1.05085
3874	ORF1b:S2312L	-0.794994	-0.566796	-0.0331086	-0.114734	0.0485169	0.967433	0.891603	1.04971
3875	ORF1b:V2371L	-0.796631	-0.568029	-0.0466784	-0.161522	0.0681652	0.954394	0.850848	1.07054
3876	ORF1b:M1352I	-0.811383	-0.579153	-0.0271928	-0.0928794	0.0384938	0.973174	0.911303	1.03924
3877	ORF1a:S3244L	-0.81379	-0.580971	-0.0433332	-0.147699	0.0610323	0.957592	0.862691	1.06293
3878	ORF1b:S1273L	-0.814717	-0.581672	-0.0326862	-0.111319	0.0459469	0.967842	0.894653	1.04702
3879	ORF1b:C721R	-0.828611	-0.592186	-0.0208002	-0.0700003	0.0283999	0.979415	0.932394	1.02881
3880	ORF1b:G2297S	-0.832503	-0.595138	-0.0533932	-0.179097	0.0723106	0.948007	0.836025	1.07499
3881	ORF1a:V1583F	-0.833228	-0.595688	-0.0474961	-0.159219	0.0642268	0.953614	0.85281	1.06633
3882	ORF1a:T1840I	-0.836692	-0.598316	-0.0157618	-0.0526842	0.0211605	0.984362	0.94868	1.02139
3883	S:T547I	-0.838573	-0.599744	-0.0249098	-0.0831306	0.033311	0.975398	0.920231	1.03387
3884	S:F888L	-0.841706	-0.602124	-0.0166295	-0.0553522	0.0220933	0.983508	0.946152	1.02234
3885	ORF1a:T1538I	-0.846157	-0.605508	-0.015549	-0.0515653	0.0204674	0.984571	0.949742	1.02068
3886	ORF1a:G82D	-0.856197	-0.613153	-0.067369	-0.221587	0.0868488	0.93485	0.801246	1.09073
3887	N:A12G	-0.870945	-0.624412	-0.0200028	-0.0650167	0.0250112	0.980196	0.937052	1.02533
3888	ORF1b:P2313L	-0.885942	-0.635898	-0.0417991	-0.134271	0.0506729	0.959062	0.874353	1.05198
3889	ORF9b:P3L	-0.901677	-0.647989	-0.0354987	-0.112662	0.0416644	0.965124	0.893453	1.04254
3890	ORF3a:T14I	-0.927545	-0.667958	-0.0435803	-0.135668	0.0485077	0.957356	0.873132	1.0497
3891	ORF1b:T701I	-0.939983	-0.677601	-0.0249243	-0.076894	0.0270455	0.975384	0.925988	1.02741
3892	ORF3a:K75N	-0.949103	-0.684689	-0.0260452	-0.0798303	0.0277399	0.974291	0.923273	1.02813
3893	ORF3a:L94I	-0.963986	-0.696287	-0.0321454	-0.097503	0.0332122	0.968366	0.9071	1.03377
3894	S:S735A	-0.974206	-0.704275	-0.0427291	-0.128694	0.0432358	0.958171	0.879243	1.04418
3895	ORF3a:L129F	-0.974753	-0.704702	-0.0697558	-0.210016	0.0705043	0.932622	0.810571	1.07305
3896	S:T250I	-1.01042	-0.732733	-0.074421	-0.218779	0.0699373	0.928281	0.803499	1.07244
3897	ORF1a:H1113Y	-1.04022	-0.756338	-0.0179687	-0.0518249	0.0158875	0.982192	0.949495	1.01601
3898	ORF1a:S2193F	-1.04238	-0.758057	-0.0737782	-0.212501	0.0649448	0.928878	0.808559	1.0671
3899	ORF1b:V248F	-1.07815	-0.78663	-0.0299851	-0.0844947	0.0245246	0.97046	0.918977	1.02483
3900	ORF1a:N4060S	-1.08855	-0.794981	-0.0323601	-0.0906255	0.0259054	0.968158	0.91336	1.02624
3901	ORF3a:V13L	-1.12281	-0.822669	-0.0455071	-0.124944	0.0339295	0.955513	0.882547	1.03451
3902	S:T29I	-1.17239	-0.863168	-0.131063	-0.350169	0.0880433	0.877163	0.704569	1.09204
3903	ORF1b:M454I	-1.18289	-0.871812	-0.0995113	-0.264394	0.0653716	0.90528	0.767671	1.06756
3904	S:S255F	-1.19849	-0.884701	-0.102573	-0.270316	0.0651704	0.902512	0.763138	1.06734
3905	ORF1b:A2131V	-1.23827	-0.917811	-0.0273968	-0.070761	0.0159674	0.972975	0.931685	1.0161
3906	ORF1b:V1271L	-1.32159	-0.988343	-0.0338591	-0.0840731	0.016355	0.966708	0.919364	1.01649
3907	ORF9b:H9Q	-1.32507	-0.991324	-0.0787989	-0.195353	0.0377555	0.924226	0.822544	1.03848
3908	ORF1a:T1496I	-1.33814	-1.00255	-0.18491	-0.455745	0.0859257	0.831179	0.633975	1.08973
3909	S:Q675R	-1.34773	-1.01081	-0.253064	-0.621087	0.11496	0.776419	0.53736	1.12183
3910	ORF9b:S6I	-1.39231	-1.04953	-0.417155	-1.00438	0.170075	0.658919	0.36627	1.18539
3911	ORF1a:P380L	-1.39907	-1.05544	-0.194527	-0.46704	0.077987	0.823224	0.626855	1.08111
3912	ORF1a:E673K	-1.43404	-1.08622	-0.270069	-0.639183	0.0990452	0.763327	0.527723	1.10412
3913	ORF14:V40F	-1.52695	-1.16957	-0.0917478	-0.209513	0.0260176	0.912335	0.810979	1.02636
3914	N:S193I	-1.55886	-1.19873	-0.0970381	-0.219045	0.0249686	0.907521	0.803286	1.02528
3915	N:H145Y	-1.57911	-1.21738	-0.106634	-0.238988	0.0257187	0.898854	0.787425	1.02605
3916	ORF1a:Q3729R	-1.7133	-1.34399	-0.0389471	-0.0835014	0.00560725	0.961802	0.91989	1.00562
3917	N:P383L	-1.729	-1.35915	-0.204824	-0.437008	0.0273612	0.814791	0.645966	1.02774
3918	S:T29A	-1.79472	-1.42342	-0.127751	-0.267266	0.0117628	0.880072	0.76547	1.01183
3919	S:T20I	-1.80803	-1.43661	-0.230534	-0.480441	0.0193725	0.794109	0.61851	1.01956
3920	N:P13T	-1.99753	-1.63041	-0.0760932	-0.150755	-0.00143091	0.92673	0.860058	0.99857
3921	ORF3a:T175I	-2.15711	-1.80292	-0.410497	-0.783478	-0.037516	0.66332	0.456814	0.963179
3922	ORF1a:A3697V	-2.15938	-1.80544	-0.654557	-1.24867	-0.0604479	0.519672	0.286887	0.941343
3923	S:P1162L	-2.28096	-1.94294	-0.165422	-0.307565	-0.0232795	0.847536	0.735235	0.976989
3924	ORF1b:F1757L	-2.34125	-2.01309	-0.171795	-0.315612	-0.0279775	0.842152	0.729342	0.97241
3925	ORF1a:D75E	-2.51544	-2.22331	-0.166744	-0.296667	-0.0368214	0.846416	0.743291	0.963848
3926	S:D80A	-2.59369	-2.32145	-0.0634849	-0.111458	-0.0155114	0.938488	0.894529	0.984608
3927	N:S197L	-2.61098	-2.34346	-0.1526	-0.267151	-0.0380492	0.858473	0.765557	0.962666
3928	N:A208G	-2.64688	-2.3895	-0.184338	-0.320838	-0.0478392	0.831654	0.725541	0.953287
3929	S:L18R	-2.68974	-2.44512	-0.0944892	-0.163342	-0.0256367	0.909838	0.849301	0.974689
3930	ORF14:L55V	-2.71285	-2.4754	-0.187236	-0.32251	-0.0519627	0.829248	0.724329	0.949364
3931	E:P71L	-2.76463	-2.54401	-0.0596187	-0.101885	-0.0173524	0.942124	0.903133	0.982797
3932	ORF1a:T551I	-2.76622	-2.54613	-0.392662	-0.670876	-0.114447	0.675257	0.51126	0.891859
3933	ORF1a:K120N	-2.77968	-2.56415	-0.559192	-0.953481	-0.164904	0.571671	0.385397	0.847975
3934	ORF1a:M4071I	-2.81406	-2.61048	-0.193272	-0.327884	-0.0586601	0.824258	0.720447	0.943027
3935	ORF14:Q44STOP	-2.87477	-2.69342	-0.151065	-0.254058	-0.0480717	0.859792	0.775647	0.953066
3936	S:R158S	-2.96252	-2.81588	-0.100762	-0.167424	-0.0340991	0.904148	0.845841	0.966476
3937	ORF1a:N2147D	-3.0612	-2.95724	-0.133696	-0.219296	-0.048096	0.874856	0.803084	0.953042
3938	ORF1a:K3351R	-3.2277	-3.20457	-0.0719823	-0.115692	-0.0282723	0.930547	0.890749	0.972124
3939	ORF3a:V259L	-3.3212	-3.34838	-0.138095	-0.21959	-0.0566	0.871016	0.802848	0.944972
3940	ORF9b:S50L	-3.32224	-3.35	-0.0385622	-0.061312	-0.0158124	0.962172	0.94053	0.984312
3941	ORF1a:K1655N	-3.65949	-3.89833	-0.160181	-0.245971	-0.0743904	0.85199	0.781945	0.928309
3942	S:L54F	-3.78337	-4.11144	-0.490849	-0.745133	-0.236566	0.612106	0.474671	0.789334
3943	ORF1a:F190L	-3.81062	-4.15918	-0.437499	-0.662523	-0.212475	0.645649	0.515549	0.808581
3944	ORF8:C25Y	-4.07859	-4.64482	-0.0713929	-0.105701	-0.037085	0.931096	0.899694	0.963594
3945	S:Q677H	-4.12292	-4.72804	-0.140097	-0.206697	-0.0734975	0.869274	0.813266	0.929138
3946	ORF3a:Q38R	-4.16198	-4.80202	-0.266502	-0.392003	-0.141	0.766055	0.675702	0.868489
3947	ORF1b:P2633S	-4.3766	-5.21988	-0.184445	-0.267044	-0.101845	0.831566	0.765639	0.903169
3948	ORF3a:G172R	-4.59671	-5.66836	-0.267241	-0.381188	-0.153294	0.765489	0.683049	0.857878
3949	S:V1228L	-4.67054	-5.82331	-0.398134	-0.565208	-0.231059	0.671572	0.568242	0.793692
3950	ORF1a:M1769I	-5.16102	-6.91079	-0.764411	-1.05471	-0.474116	0.465608	0.348295	0.622435
3951	ORF1a:A1283V	-5.59073	-7.9467	-2.0956	-2.83026	-1.36093	0.122997	0.0589977	0.256421
3952	N:L219F	-5.77368	-8.4114	-0.9802	-1.31294	-0.647456	0.375236	0.269027	0.523375
3953	N:Q9H	-5.77522	-8.41537	-0.570835	-0.764561	-0.377108	0.565054	0.465538	0.685842
3954	ORF1a:E1311G	-5.78859	-8.4499	-1.16691	-1.56201	-0.771803	0.311328	0.209714	0.462179
3955	N:T148S	-5.83896	-8.58065	-1.1916	-1.59159	-0.791617	0.303734	0.203602	0.453111
3956	ORF1b:V1706I	-5.95304	-8.88074	-0.19197	-0.255174	-0.128766	0.825332	0.774782	0.879179
3957	ORF1a:S674N	-6.0202	-9.05999	-1.19327	-1.58176	-0.804785	0.303228	0.205613	0.447184
3958	ORF1b:E1264D	-6.21712	-9.59658	-0.03554	-0.0467441	-0.0243359	0.965084	0.954332	0.975958
3959	S:R21I	-6.49799	-10.3904	-0.357152	-0.464879	-0.249426	0.699666	0.628211	0.779248
3960	ORF1a:T2124I	-6.78925	-11.249	-0.735267	-0.947528	-0.523005	0.479378	0.387698	0.592737
3961	S:P272L	-6.85407	-11.445	-0.636449	-0.818445	-0.454452	0.529168	0.441117	0.634795
3962	ORF1b:V2501I	-7.05906	-12.0767	-0.240032	-0.306677	-0.173387	0.786603	0.735888	0.840813
3963	ORF1a:T2936I	-7.16714	-12.4169	-0.239698	-0.305248	-0.174149	0.786865	0.736941	0.840172
3964	ORF1a:T2952I	-7.33201	-12.9455	-0.26231	-0.332429	-0.19219	0.769273	0.717179	0.82515
3965	S:D1199N	-7.35766	-13.0288	-2.79428	-3.53863	-2.04993	0.0611591	0.0290531	0.128744
3966	ORF1a:S1520F	-7.41694	-13.2224	-1.77894	-2.24903	-1.30884	0.168817	0.105501	0.270132
3967	ORF1a:K3573E	-7.75892	-14.3683	-1.0712	-1.3418	-0.800608	0.342597	0.261376	0.449056
3968	ORF1a:P1158L	-7.76125	-14.3763	-1.29543	-1.62257	-0.968292	0.27378	0.197392	0.379731
3969	ORF1b:V2371M	-7.8746	-14.7672	-0.241164	-0.301189	-0.181139	0.785713	0.739938	0.834319
3970	ORF1a:G661S	-7.911	-14.8939	-0.160307	-0.200024	-0.120591	0.851882	0.818711	0.886396
3971	ORF1a:G989V	-8.14006	-15.7044	-0.346291	-0.429671	-0.262911	0.707307	0.650723	0.76881
3972	ORF6:I14T	-8.20443	-15.9361	-1.5894	-1.9691	-1.20971	0.204047	0.139583	0.298284
3973	ORF3a:S58N	-8.20668	-15.9442	-1.57796	-1.95482	-1.2011	0.206396	0.141591	0.300863
3974	ORF3a:D155Y	-8.36419	-16.5191	-0.70597	-0.871398	-0.540541	0.49363	0.418366	0.582433
3975	ORF1b:P2321L	-8.66775	-17.6569	-0.902915	-1.10708	-0.698747	0.405386	0.330522	0.497208
3976	ORF10:I4V	-8.69903	-17.7763	-1.06345	-1.30306	-0.823849	0.345261	0.271699	0.43874
3977	ORF1b:Y2018H	-8.72684	-17.8829	-0.459453	-0.562641	-0.356264	0.631629	0.569702	0.700288
3978	ORF1b:Q2635H	-8.97692	-18.8563	-0.0819382	-0.0998281	-0.0640484	0.921329	0.904993	0.93796
3979	ORF1a:K3353R	-8.98433	-18.8855	-0.211456	-0.257585	-0.165326	0.809405	0.772916	0.847618
3980	ORF1b:K2538R	-9.10501	-19.3652	-1.23865	-1.50529	-0.972017	0.289774	0.221953	0.378319
3981	ORF1b:M2417I	-9.15614	-19.5703	-0.183147	-0.222352	-0.143943	0.832645	0.800633	0.865937
3982	N:G212C	-9.17269	-19.637	-2.03182	-2.46597	-1.59768	0.131096	0.0849264	0.202366
3983	ORF1a:P892S	-9.7262	-21.9334	-1.45803	-1.75184	-1.16422	0.232694	0.173454	0.312167
3984	ORF3a:P104S	-9.81044	-22.2945	-0.0980745	-0.117668	-0.0784808	0.906581	0.888991	0.92452
3985	ORF6:Q56R	-9.94726	-22.8874	-0.467367	-0.559455	-0.375279	0.62665	0.571521	0.687098
3986	ORF1b:E2274G	-10.002	-23.1269	-1.18728	-1.41993	-0.954623	0.30505	0.24173	0.384957
3987	S:D936N	-10.2278	-24.1285	-2.08244	-2.4815	-1.68338	0.124626	0.0836181	0.185745
3988	ORF3a:A31T	-10.2342	-24.157	-0.693367	-0.826154	-0.56058	0.49989	0.437729	0.570878
3989	N:P122H	-10.3085	-24.4916	-1.16129	-1.38209	-0.940497	0.313081	0.251053	0.390434
3990	ORF1b:D870N	-10.5048	-25.3867	-0.166405	-0.197453	-0.135358	0.846703	0.820819	0.873403
3991	ORF1a:K1795Q	-10.5569	-25.6269	-0.0556947	-0.0660348	-0.0453545	0.945828	0.936098	0.955659
3992	ORF7a:H73Y	-10.6033	-25.8421	-0.171357	-0.203031	-0.139682	0.842521	0.816253	0.869634
3993	ORF1b:Q2070H	-11.0226	-27.8277	-0.360961	-0.425144	-0.296777	0.697007	0.653675	0.74321
3994	S:A1020S	-11.1462	-28.4276	-1.77894	-2.09175	-1.46613	0.168818	0.123471	0.230818
3995	ORF1a:Y947H	-11.3666	-29.5133	-0.59667	-0.699555	-0.493785	0.550642	0.496806	0.610312
3996	ORF1b:G35S	-11.6565	-30.9732	-0.401782	-0.469339	-0.334225	0.669127	0.625416	0.715893
3997	ORF1a:V378I	-11.9792	-32.6415	-3.58931	-4.17657	-3.00205	0.0276175	0.0153511	0.0496852
3998	ORF1a:D1228G	-12.2822	-34.2484	-0.0833142	-0.0966092	-0.0700191	0.920062	0.907911	0.932376
3999	ORF1a:D3936N	-12.5503	-35.7031	-0.35662	-0.412313	-0.300927	0.700038	0.662117	0.740132
4000	ORF3a:G174D	-12.601	-35.9821	-1.22405	-1.41444	-1.03366	0.294038	0.243063	0.355703
4001	ORF1a:T2196P	-12.8272	-37.2387	-0.345944	-0.398803	-0.293084	0.707552	0.671123	0.745959
4002	N:A208S	-12.8986	-37.6399	-0.125086	-0.144093	-0.106079	0.882421	0.865808	0.899354
4003	ORF1a:L4182F	-12.9195	-37.7578	-0.304066	-0.350194	-0.257937	0.737812	0.704551	0.772644
4004	ORF1a:F3138S	-13.3139	-40.0172	-0.169816	-0.194815	-0.144817	0.84382	0.822987	0.865181
4005	ORF3a:M125I	-14.1716	-45.163	-3.6497	-4.15447	-3.14494	0.0259989	0.0156942	0.0430696
4006	ORF8:E106STOP	-14.2236	-45.4852	-0.460822	-0.524322	-0.397322	0.630765	0.591957	0.672118
4007	ORF8:A65D	-14.7382	-48.7369	-2.06677	-2.34162	-1.79192	0.126594	0.0961719	0.16664
4008	S:K77T	-15.0678	-50.8801	-0.172379	-0.194802	-0.149957	0.84166	0.822998	0.860745
4009	ORF1a:L3899I	-15.2114	-51.8281	-3.6347	-4.10302	-3.16637	0.0263919	0.0165226	0.0421561
4010	N:T362K	-15.396	-53.06	-2.1525	-2.42653	-1.87848	0.116193	0.0883432	0.152822
4011	ORF1b:S1898F	-15.601	-54.4456	-0.221197	-0.248986	-0.193408	0.801559	0.779591	0.824146
4012	N:D401Y	-15.6702	-54.9177	-1.89938	-2.13695	-1.66181	0.149661	0.118015	0.189795
4013	ORF7a:V71I	-16.0159	-57.3058	-0.151251	-0.16976	-0.132742	0.859632	0.843867	0.875691
4014	ORF1b:S1391L	-16.2636	-59.048	-2.41866	-2.71014	-2.12718	0.0890411	0.0665278	0.119173
4015	ORF1b:Y1247C	-16.3389	-59.5837	-2.26748	-2.53948	-1.99548	0.103573	0.0789075	0.135948
4016	ORF1a:H374Y	-16.3731	-59.8274	-1.29735	-1.45265	-1.14205	0.273254	0.233948	0.319163
4017	ORF1a:T3284I	-16.9602	-64.0924	-0.517025	-0.576774	-0.457277	0.596292	0.561708	0.633005
4018	ORF1a:A3529V	-17.4501	-67.7653	-4.8393	-5.38284	-4.29576	0.00791262	0.00459477	0.0136263
4019	ORF1a:D1088N	-17.546	-68.4961	-1.34973	-1.5005	-1.19896	0.25931	0.223018	0.301507
4020	ORF1a:N1871S	-17.803	-70.4754	-1.37508	-1.52647	-1.2237	0.252819	0.217302	0.29414
4021	S:P26S	-17.9596	-71.6946	-0.0837423	-0.0928812	-0.0746033	0.919668	0.911302	0.928112
4022	ORF1b:T1050I	-18.1831	-73.4542	-1.73964	-1.92715	-1.55212	0.175584	0.145562	0.211799
4023	S:E1111K	-18.1838	-73.4602	-0.506197	-0.560758	-0.451636	0.602783	0.570776	0.636586
4024	S:G75V	-18.8024	-78.4429	-1.83883	-2.03051	-1.64715	0.159004	0.131269	0.192599
4025	ORF1a:L3086I	-18.8119	-78.5204	-2.13813	-2.36089	-1.91536	0.117876	0.0943361	0.147289
4026	M:I48V	-19.0258	-80.2828	-1.99256	-2.19783	-1.7873	0.136345	0.111044	0.167412
4027	ORF1a:T1828A	-19.0951	-80.8581	-1.94958	-2.14969	-1.74947	0.142334	0.116521	0.173866
4028	ORF1a:Q44L	-19.3131	-82.6808	-3.33834	-3.67713	-2.99956	0.0354957	0.0252954	0.0498091
4029	ORF1a:E1196V	-19.3956	-83.3764	-0.645994	-0.711273	-0.580715	0.524141	0.491019	0.559498
4030	ORF3a:G196V	-19.3964	-83.3831	-1.24535	-1.37119	-1.11951	0.28784	0.253804	0.326439
4031	ORF1a:T3202M	-19.5718	-84.8709	-0.518378	-0.570289	-0.466466	0.595486	0.565362	0.627215
4032	ORF1a:F3071Y	-19.7128	-86.0774	-1.2598	-1.38506	-1.13454	0.283711	0.25031	0.321569
4033	ORF1b:K2310R	-20.0203	-88.7366	-0.271296	-0.297856	-0.244737	0.76239	0.742408	0.782911
4034	ORF1a:M2606I	-20.3898	-91.9874	-0.14766	-0.161853	-0.133466	0.862725	0.850566	0.875057
4035	ORF1b:H1550Y	-20.7586	-95.2904	-0.26044	-0.28503	-0.23585	0.770712	0.751992	0.789899
4036	ORF1a:K2511N	-20.9766	-97.2703	-1.36073	-1.48787	-1.23359	0.256473	0.225853	0.291245
4037	ORF1b:A2268V	-20.9777	-97.2806	-0.897886	-0.981777	-0.813996	0.40743	0.374645	0.443084
4038	S:T76I	-21.5169	-102.267	-1.09314	-1.19272	-0.99357	0.335161	0.303396	0.370253
4039	N:I292T	-21.8157	-105.085	-5.84956	-6.37509	-5.32402	0.00288118	0.00170347	0.00487312
4040	ORF1b:A1798S	-22.0851	-107.658	-0.840545	-0.91514	-0.76595	0.431475	0.400461	0.464892
4041	ORF8:V32L	-22.0887	-107.693	-1.29164	-1.40625	-1.17703	0.27482	0.245061	0.308192
4042	ORF1a:I2501T	-22.7462	-114.106	-0.359713	-0.390709	-0.328718	0.697876	0.676577	0.719846
4043	ORF7a:C58F	-23.3102	-119.758	-0.75895	-0.822763	-0.695136	0.468158	0.439216	0.499007
4044	S:T22N	-23.3287	-119.946	-0.527089	-0.571373	-0.482806	0.590321	0.56475	0.61705
4045	ORF1b:K1873N	-23.4459	-121.138	-3.42623	-3.71265	-3.13982	0.0325092	0.0244127	0.0432907
4046	ORF1a:V751L	-24.169	-128.628	-0.894691	-0.967245	-0.822137	0.408734	0.380129	0.439492
4047	ORF1a:I1912V	-24.7414	-134.717	-0.901617	-0.973042	-0.830193	0.405913	0.377932	0.435965
4048	ORF1b:P1975S	-25.0147	-137.674	-0.302221	-0.325901	-0.278541	0.739175	0.721877	0.756887
4049	ORF1a:H417R	-25.492	-142.918	-2.432	-2.61898	-2.24501	0.0878613	0.0728771	0.105926
4050	ORF3a:P104L	-25.7136	-145.386	-0.278927	-0.300188	-0.257667	0.756595	0.740679	0.772853
4051	ORF1a:D1127Y	-25.9429	-147.961	-0.377198	-0.405695	-0.348701	0.68578	0.666513	0.705604
4052	ORF1a:M2259I	-26.2546	-151.499	-0.173719	-0.186687	-0.16075	0.840533	0.829703	0.851505
4053	ORF1a:T1543I	-26.4027	-153.195	-1.30156	-1.39818	-1.20494	0.272106	0.247045	0.299709
4054	ORF1a:V2766F	-26.4769	-154.049	-0.489821	-0.52608	-0.453562	0.612736	0.590917	0.635361
4055	ORF8:V100L	-26.7916	-157.694	-0.488093	-0.523799	-0.452386	0.613796	0.592266	0.636109
4056	S:D1163Y	-27.0535	-160.76	-0.882744	-0.946697	-0.818791	0.413646	0.38802	0.440964
4057	ORF9b:Q77E	-27.2107	-162.615	-0.141323	-0.151502	-0.131143	0.868209	0.859416	0.877092
4058	ORF3a:I62T	-27.398	-164.839	-0.90785	-0.972795	-0.842906	0.40339	0.378025	0.430458
4059	ORF3a:Q38P	-28.1959	-174.484	-7.44137	-7.95863	-6.9241	0.000586483	0.000349631	0.000983788
4060	ORF1b:A1521S	-28.4164	-177.198	-0.552457	-0.590562	-0.514353	0.575534	0.554016	0.597888
4061	ORF3a:S253P	-28.5929	-179.385	-0.14144	-0.151136	-0.131745	0.868107	0.859731	0.876564
4062	ORF1b:V711I	-28.6389	-179.958	-0.549451	-0.587054	-0.511849	0.577266	0.555963	0.599387
4063	N:P67S	-29.0955	-185.689	-0.124485	-0.13287	-0.116099	0.882952	0.875578	0.890387
4064	S:G1167V	-29.1407	-186.261	-0.756094	-0.806948	-0.70524	0.469497	0.446218	0.49399
4065	N:S194A	-29.2436	-187.567	-2.09713	-2.23768	-1.95657	0.122809	0.106706	0.141342
4066	ORF3a:G172V	-29.4616	-190.349	-0.12948	-0.138094	-0.120866	0.878552	0.871017	0.886153
4067	ORF1a:K261N	-29.8728	-195.653	-0.44046	-0.469358	-0.411561	0.64374	0.625403	0.662615
4068	ORF1a:M4241I	-31.0186	-210.82	-0.552879	-0.587814	-0.517945	0.575291	0.55554	0.595744
4069	ORF1a:I693V	-31.1214	-212.209	-1.5482	-1.6457	-1.4507	0.212631	0.192877	0.234407
4070	ORF1a:Q998H	-31.6978	-220.079	-3.13383	-3.3276	-2.94006	0.0435507	0.035879	0.0528628
4071	ORF1a:T2007I	-31.7316	-220.546	-1.82556	-1.93832	-1.7128	0.161127	0.143945	0.18036
4072	N:P80R	-31.9409	-223.443	-0.139925	-0.148511	-0.131339	0.869424	0.861991	0.876921
4073	N:S190I	-32.1188	-225.919	-1.6037	-1.70156	-1.50584	0.201151	0.182399	0.221831
4074	ORF1a:S1188L	-32.1724	-226.669	-0.141506	-0.150126	-0.132885	0.86805	0.860599	0.875566
4075	ORF1b:N1653D	-32.2757	-228.115	-0.141423	-0.150011	-0.132835	0.868122	0.860699	0.87561
4076	ORF1b:T132I	-32.4959	-231.216	-1.5858	-1.68145	-1.49016	0.204783	0.186104	0.225337
4077	ORF14:V37F	-33.6974	-248.502	-1.62049	-1.71475	-1.52624	0.197801	0.18001	0.217352
4078	S:D215Y	-33.7968	-249.959	-2.08377	-2.20462	-1.96293	0.12446	0.110293	0.140446
4079	ORF1a:L3776F	-33.9015	-251.5	-1.55143	-1.64112	-1.46173	0.211945	0.193763	0.231834
4080	ORF3a:E226G	-34.1263	-254.823	-1.55791	-1.64739	-1.46844	0.210575	0.192552	0.230285
4081	S:G769V	-35.1591	-270.374	-0.733677	-0.774576	-0.692777	0.48014	0.460899	0.500185
4082	ORF3a:H78Y	-35.4236	-274.431	-0.752206	-0.793825	-0.710587	0.471326	0.452112	0.491356
4083	N:P207S	-35.7537	-279.538	-4.27834	-4.51287	-4.0438	0.0138657	0.010967	0.0175307
4084	ORF1a:P3371S	-36.5466	-291.996	-5.09658	-5.3699	-4.82325	0.00611764	0.00465458	0.00804059
4085	ORF1a:M3655I	-36.6055	-292.933	-1.21891	-1.28418	-1.15365	0.295551	0.276878	0.315483
4086	S:T20N	-36.8407	-296.686	-0.186215	-0.196121	-0.176308	0.830095	0.821912	0.83836
4087	ORF6:E46V	-36.9453	-298.363	-0.529566	-0.55766	-0.501473	0.58886	0.572547	0.605638
4088	ORF1b:T1076I	-37.7891	-312.067	-2.40148	-2.52604	-2.27693	0.0905834	0.0799751	0.102599
4089	ORF1b:A88V	-38.1277	-317.653	-5.36087	-5.63645	-5.0853	0.00469681	0.00356551	0.00618706
4090	ORF1a:Q4151H	-39.1957	-335.597	-0.782167	-0.821279	-0.743055	0.457414	0.439869	0.475658
4091	N:S206F	-39.3602	-338.405	-2.05444	-2.15675	-1.95214	0.128164	0.115701	0.14197
4092	ORF7a:A79D	-39.8485	-346.808	-0.780147	-0.818519	-0.741775	0.458339	0.441085	0.476268
4093	ORF1b:H1213Y	-39.9911	-349.283	-0.564642	-0.592315	-0.536969	0.568564	0.553046	0.584517
4094	S:V1176F	-40.0694	-350.644	-0.21551	-0.226052	-0.204969	0.80613	0.797677	0.814673
4095	ORF1a:F2387V	-40.4698	-357.651	-3.29287	-3.45234	-3.13339	0.0371472	0.0316714	0.0435697
4096	ORF1b:P1427L	-40.6368	-360.594	-0.959163	-1.00542	-0.912901	0.383214	0.365889	0.401358
4097	S:D138Y	-41.2313	-371.168	-0.187526	-0.19644	-0.178612	0.829007	0.82165	0.83643
4098	ORF1a:L3930F	-41.9547	-384.244	-2.55228	-2.67151	-2.43305	0.077904	0.0691477	0.0877691
4099	N:P199L	-42.0832	-386.591	-0.157238	-0.164561	-0.149914	0.854501	0.848266	0.860782
4100	ORF1b:A941V	-42.6772	-397.53	-2.91513	-3.04901	-2.78125	0.0541969	0.0474058	0.0619608
4101	ORF1a:H3580Q	-43.5069	-413.065	-0.630551	-0.658957	-0.602145	0.532298	0.517391	0.547636
4102	N:A119S	-43.6266	-415.331	-2.59778	-2.71449	-2.48107	0.0744387	0.066239	0.0836536
4103	ORF1a:I739V	-43.8007	-418.638	-1.32851	-1.38796	-1.26906	0.264871	0.249584	0.281095
4104	ORF1a:E767K	-43.8766	-420.083	-0.39337	-0.410942	-0.375798	0.674779	0.663026	0.686741
4105	S:D138H	-43.9235	-420.978	-0.501022	-0.523379	-0.478665	0.605911	0.592515	0.61961
4106	ORF14:L53F	-44.5716	-433.438	-2.09434	-2.18643	-2.00224	0.123152	0.112317	0.135032
4107	ORF1b:E1167D	-44.7418	-436.742	-3.35715	-3.50422	-3.21009	0.0348343	0.0300703	0.040353
4108	ORF1a:V3748I	-46.4472	-470.527	-0.581551	-0.606091	-0.557011	0.55903	0.545479	0.572919
4109	ORF1a:G392D	-46.5426	-472.454	-2.14324	-2.23349	-2.05298	0.117275	0.107154	0.128352
4110	ORF1a:A2554V	-47.0134	-482.022	-0.218982	-0.228111	-0.209853	0.803336	0.796036	0.810704
4111	ORF1a:S3884L	-47.8372	-498.998	-4.45227	-4.63468	-4.26985	0.0116521	0.00970917	0.0139839
4112	ORF14:Q46STOP	-47.9523	-501.394	-0.16054	-0.167102	-0.153978	0.851684	0.846113	0.857291
4113	ORF1b:P1570L	-49.0104	-523.68	-0.383148	-0.39847	-0.367825	0.681712	0.671346	0.692238
4114	ORF1a:T224I	-49.5431	-535.086	-4.15997	-4.32455	-3.9954	0.015608	0.0132396	0.0184001
4115	ORF14:H34Y	-50.914	-565.002	-1.77929	-1.84778	-1.71079	0.168759	0.157587	0.180723
4116	N:S188L	-51.3107	-573.813	-2.08259	-2.16214	-2.00304	0.124607	0.115079	0.134925
4117	ORF1a:E87D	-51.576	-579.743	-0.705991	-0.73282	-0.679162	0.493619	0.480552	0.507042
4118	ORF1b:A2168T	-51.9418	-587.967	-3.0465	-3.16145	-2.93154	0.0475252	0.0423642	0.0533149
4119	ORF14:H35Y	-52.5275	-601.26	-2.07415	-2.15154	-1.99675	0.125663	0.116305	0.135775
4120	ORF1a:A1146T	-52.595	-602.801	-2.22507	-2.30798	-2.14215	0.10806	0.0994616	0.117402
4121	ORF1b:G814C	-52.7408	-606.137	-1.05469	-1.09388	-1.01549	0.348301	0.334914	0.362224
4122	ORF1a:S216Y	-52.9718	-611.441	-3.278	-3.39929	-3.15671	0.0377036	0.0333971	0.0425654
4123	ORF1b:P1936H	-53.0316	-612.818	-1.05196	-1.09084	-1.01308	0.349253	0.335935	0.363099
4124	ORF1a:L3468V	-53.239	-617.606	-3.44458	-3.57139	-3.31777	0.0319183	0.0281169	0.0362337
4125	ORF8:C61F	-53.3407	-619.961	-0.590813	-0.612522	-0.569104	0.553877	0.541982	0.566032
4126	N:S187L	-53.4492	-622.478	-1.77321	-1.83824	-1.70819	0.169786	0.159098	0.181193
4127	ORF1b:T1290I	-53.8889	-632.73	-2.22315	-2.304	-2.14229	0.108268	0.0998582	0.117386
4128	N:Q418H	-55.1929	-663.628	-1.08071	-1.11909	-1.04234	0.339354	0.326577	0.35263
4129	ORF1a:R1421K	-55.3634	-667.723	-4.1377	-4.28418	-3.99122	0.0159596	0.0137849	0.0184772
4130	ORF1b:V2685F	-55.7303	-676.576	-9.82713	-10.1727	-9.48152	5.39674e-05	3.81976e-05	7.62477e-05
4131	ORF1b:T2432I	-56.7557	-701.631	-5.98405	-6.1907	-5.7774	0.00251861	0.0020484	0.00309676
4132	N:D343G	-57.2932	-714.946	-0.397189	-0.410777	-0.383602	0.672207	0.663135	0.681403
4133	M:F28L	-57.9352	-731.015	-1.06752	-1.10363	-1.0314	0.343862	0.331665	0.356507
4134	ORF1b:G1362R	-58.1216	-735.712	-1.07644	-1.11274	-1.04014	0.340808	0.328659	0.353406
4135	ORF1a:P765S	-58.6434	-748.947	-1.70007	-1.75689	-1.64325	0.18267	0.17258	0.19335
4136	N:P207L	-59.4182	-768.816	-2.70419	-2.79339	-2.61499	0.0669244	0.0612133	0.0731685
4137	ORF1a:T2181I	-59.9326	-782.153	-1.50356	-1.55273	-1.45439	0.222338	0.21167	0.233543
4138	ORF14:L30I	-60.1936	-788.962	-2.04524	-2.11184	-1.97865	0.129349	0.121016	0.138256
4139	N:S183Y	-60.5692	-798.813	-2.0637	-2.13047	-1.99692	0.126984	0.118781	0.135753
4140	S:G798D	-60.9751	-809.529	-7.93711	-8.19224	-7.68198	0.000357237	0.000276794	0.00046106
4141	ORF1a:V665I	-60.9993	-810.172	-1.86516	-1.92509	-1.80523	0.154871	0.145862	0.164436
4142	ORF1b:D1183Y	-61.0774	-812.242	-0.365909	-0.377651	-0.354167	0.693566	0.68547	0.701758
4143	ORF1a:M3934I	-61.5569	-825.015	-1.79025	-1.84725	-1.73325	0.166918	0.15767	0.176709
4144	M:T175M	-61.6223	-826.764	-7.10681	-7.33285	-6.88077	0.000819506	0.000653709	0.00102735
4145	ORF1a:K2059R	-62.0404	-837.995	-1.86834	-1.92736	-1.80931	0.15438	0.145532	0.163766
4146	ORF1b:H604Y	-62.7032	-855.951	-0.879891	-0.907395	-0.852388	0.414828	0.403574	0.426396
4147	ORF1b:R2613C	-63.8776	-888.242	-0.295686	-0.304759	-0.286614	0.744021	0.737301	0.750802
4148	ORF1a:Q3966R	-64.9857	-919.256	-0.560224	-0.57712	-0.543327	0.571081	0.561513	0.580812
4149	ORF1a:M315I	-65.132	-923.391	-1.78182	-1.83544	-1.7282	0.168332	0.159544	0.177604
4150	ORF1a:I3476V	-65.4442	-932.244	-1.92618	-1.98386	-1.86849	0.145704	0.137537	0.154356
4151	ORF1a:M3087I	-67.1133	-980.298	-1.26953	-1.30661	-1.23246	0.280963	0.270737	0.291575
4152	S:T732S	-67.4933	-991.411	-7.70645	-7.93024	-7.48266	0.000449916	0.0003597	0.000562759
4153	ORF1a:A599V	-67.8687	-1002.45	-1.44877	-1.49061	-1.40693	0.234859	0.225235	0.244893
4154	ORF1a:T1246I	-69.6266	-1054.94	-2.96977	-3.05336	-2.88617	0.0513153	0.0471998	0.0557895
4155	M:V70F	-69.7147	-1057.61	-8.79474	-9.04199	-8.54748	0.000151528	0.000118335	0.000194033
4156	ORF1a:A876T	-71.1921	-1102.82	-3.31598	-3.40727	-3.22469	0.0362985	0.0331316	0.0397682
4157	ORF3a:L140F	-71.6834	-1118.07	-1.13959	-1.17075	-1.10843	0.31995	0.310135	0.330076
4158	S:W152C	-74.0107	-1191.71	-0.440757	-0.452429	-0.429085	0.643549	0.636081	0.651105
4159	ORF1a:A2909V	-74.1662	-1196.71	-1.41201	-1.44933	-1.3747	0.243653	0.234729	0.252916
4160	ORF1a:A3571V	-75.2913	-1233.23	-1.27795	-1.31122	-1.24468	0.278607	0.269491	0.288032
4161	S:I1081V	-76.7504	-1281.42	-1.58486	-1.62534	-1.54439	0.204976	0.196845	0.213442
4162	ORF1b:E1184D	-80.0877	-1395.09	-1.49864	-1.53532	-1.46197	0.223433	0.215387	0.23178
4163	S:S13I	-81.4396	-1442.52	-0.458437	-0.46947	-0.447404	0.632271	0.625333	0.639285
4164	N:A376T	-81.8446	-1456.88	-1.36841	-1.40118	-1.33564	0.254512	0.246307	0.262991
4165	ORF8:G8R	-83.0198	-1498.96	-6.6586	-6.8158	-6.5014	0.00128295	0.00109632	0.00150134
4166	ORF7a:L116F	-87.7737	-1675.29	-0.583604	-0.596635	-0.570572	0.557884	0.550661	0.565202
4167	S:K1191N	-87.8629	-1678.69	-0.657862	-0.672537	-0.643187	0.517958	0.510412	0.525615
4168	ORF1b:A176S	-92.9635	-1879	-1.50593	-1.53768	-1.47418	0.221811	0.214879	0.228966
4169	ORF1a:I4205V	-93.2488	-1890.54	-0.764722	-0.780795	-0.748648	0.465463	0.458042	0.473006
4170	ORF1a:F2780L	-93.7826	-1912.22	-0.80258	-0.819353	-0.785807	0.448171	0.440717	0.455752
4171	ORF1b:V767L	-95.5297	-1984.05	-1.49654	-1.52725	-1.46584	0.223903	0.217132	0.230884
4172	ORF1b:P976L	-97.7173	-2075.86	-1.10385	-1.12599	-1.08171	0.331593	0.324333	0.339017
4173	ORF8:L84S	-97.8425	-2081.17	-2.51632	-2.56673	-2.46591	0.0807563	0.0767866	0.0849313
4174	ORF1b:K1141R	-100.753	-2206.72	-1.48641	-1.51532	-1.45749	0.226184	0.219737	0.232819
4175	ORF1a:S3158T	-104.845	-2389.39	-1.21285	-1.23552	-1.19018	0.297349	0.290683	0.304167
4176	ORF1b:P970S	-105.506	-2419.62	-5.01872	-5.11195	-4.92549	0.006613	0.00602433	0.0072592
4177	ORF1a:S2048F	-111.467	-2700.47	-1.69989	-1.72978	-1.67	0.182703	0.177323	0.188247
4178	ORF1a:P309L	-112.021	-2727.39	-0.628453	-0.639448	-0.617457	0.533417	0.527583	0.539314
4179	ORF3a:L15F	-113.07	-2778.63	-0.995989	-1.01325	-0.978724	0.369358	0.363036	0.37579
4180	ORF1a:P1786L	-115.626	-2905.6	-1.36292	-1.38602	-1.33982	0.255913	0.250068	0.261894
4181	ORF1a:V1887I	-120.583	-3159.84	-1.44124	-1.46467	-1.41782	0.236633	0.231154	0.242242
4182	ORF3a:L106F	-124.405	-3363.2	-0.876465	-0.890274	-0.862657	0.416252	0.410543	0.422039
4183	ORF14:V49G	-126.594	-3482.49	-1.44982	-1.47227	-1.42738	0.234612	0.229404	0.239937
4184	ORF1b:Y1464C	-128.702	-3599.36	-3.04166	-3.08798	-2.99534	0.0477555	0.0455939	0.0500196
4185	ORF1a:D144A	-133.12	-3850.59	-9.25591	-9.39218	-9.11963	9.55458e-05	8.33733e-05	0.000109495
4186	ORF1b:M2025I	-135.297	-3977.45	-1.43386	-1.45464	-1.41309	0.238386	0.233486	0.24339
4187	N:D103Y	-135.64	-3997.67	-4.11847	-4.17798	-4.05896	0.0162693	0.0153294	0.0172669
4188	S:Q957R	-139.518	-4229.4	-1.44949	-1.46985	-1.42913	0.234689	0.229959	0.239517
4189	ORF1a:G1946S	-144.673	-4547.5	-1.49017	-1.51036	-1.46998	0.225334	0.220831	0.22993
4190	ORF8:I121L	-146.134	-4639.8	-1.53097	-1.5515	-1.51044	0.216326	0.211929	0.220814
4191	ORF1b:T2084I	-158.833	-5480.77	-1.57728	-1.59674	-1.55782	0.206536	0.202555	0.210595
4192	ORF3a:G251V	-159.303	-5513.24	-3.16897	-3.20796	-3.12998	0.042047	0.0404392	0.0437188
4193	N:S202R	-159.441	-5522.83	-1.50952	-1.52808	-1.49097	0.221015	0.216952	0.225155
4194	S:S112L	-160.948	-5627.62	-0.943521	-0.955011	-0.932031	0.389255	0.384808	0.393753
4195	ORF1a:G3278S	-164.084	-5849	-3.62816	-3.6715	-3.58482	0.026565	0.0254383	0.0277416
4196	ORF8:F120L	-164.422	-5873.11	-1.54958	-1.56805	-1.53111	0.212337	0.208451	0.216295
4197	ORF1a:N460Y	-181.593	-7163.34	-1.64609	-1.66385	-1.62832	0.192803	0.189407	0.196259
4198	ORF1a:D691N	-184.9	-7426.47	-1.88893	-1.90895	-1.8689	0.151234	0.148236	0.154293
4199	ORF1b:F183V	-185.183	-7449.22	-0.756589	-0.764597	-0.748581	0.469264	0.465522	0.473037
4200	ORF1a:P971L	-193.952	-8171.2	-1.89037	-1.90947	-1.87126	0.151017	0.148159	0.153929
4201	N:S327L	-202.05	-8867.53	-1.79896	-1.81642	-1.78151	0.16547	0.162608	0.168383
4202	ORF1b:E1288D	-203.061	-8956.52	-1.75478	-1.77171	-1.73784	0.172946	0.170041	0.1759
4203	ORF1b:E245D	-222.044	-10708.9	-2.26656	-2.28657	-2.24656	0.103668	0.101614	0.105763
4204	ORF1a:L3352F	-225.171	-11012.5	-0.885778	-0.893488	-0.878068	0.412393	0.409226	0.415585
4205	N:A220V	-227.544	-11245.8	-0.949266	-0.957443	-0.94109	0.387025	0.383873	0.390202
4206	ORF8:S24L	-237.832	-12285.5	-0.981888	-0.98998	-0.973797	0.374603	0.371584	0.377647
4207	N:A398V	-250.989	-13682.1	-2.56737	-2.58741	-2.54732	0.0767374	0.0752143	0.0782914
4208	ORF1a:A2529V	-257.142	-14361	-2.14166	-2.15799	-2.12534	0.117459	0.115558	0.119393
4209	ORF14:L67F	-258.946	-14563.2	-0.975434	-0.982817	-0.968051	0.377029	0.374255	0.379822
4210	ORF1b:K1383R	-267.771	-15572.6	-1.27241	-1.28172	-1.26309	0.280157	0.27756	0.282778
4211	N:S194L	-282.521	-17335.1	-2.76578	-2.78497	-2.74659	0.062927	0.0617311	0.0641461
4212	ORF14:Q41STOP	-282.914	-17383.4	-2.79846	-2.81785	-2.77908	0.0609036	0.0597342	0.0620959
4213	ORF10:V30L	-283.858	-17499.5	-1.04841	-1.05565	-1.04117	0.350494	0.347966	0.35304
4214	ORF1a:L730F	-298.553	-19358.1	-1.83767	-1.84973	-1.8256	0.159188	0.157279	0.16112
4215	ORF1a:I300F	-298.975	-19412.9	-2.89854	-2.91754	-2.87953	0.0551039	0.0540667	0.0561609
4216	S:L18F	-368.009	-29411.3	-1.39458	-1.40201	-1.38716	0.247936	0.246102	0.249785
4217	ORF1a:I3618V	-419.828	-38276.5	-5.36396	-5.389	-5.33892	0.00468232	0.00456652	0.00480105
4218	S:T732A	-426.928	-39581.9	-5.90689	-5.93401	-5.87977	0.00272063	0.00264784	0.00279542
4219	ORF1a:P959S	-434.082	-40919.5	-5.28732	-5.31119	-5.26344	0.0050553	0.00493604	0.00517744
4220	ORF1a:L3201F	-468.359	-47636.5	-1.59729	-1.60397	-1.5906	0.202445	0.201096	0.203803
4221	ORF1a:T265I	-523.036	-59407.3	-1.84764	-1.85456	-1.84072	0.157609	0.156521	0.158704
4222	ORF3a:Q57H	-627.573	-85526.1	-2.87556	-2.88454	-2.86658	0.0563843	0.0558802	0.056893
